date,site_id,site_name,day_of_week,month,target_tonnes,actual_tonnes,shortfall_tonnes,shortfall_pct,shortfall_risk_tier,primary_driver,rainfall_mm,soil_moisture_pct,surface_temp_c,ndvi,total_downtime_hours,excavator_downtime_hours,drill_downtime_hours,dumper_downtime_hours,fleet_utilization_pct,blasting_delay_hours,weather_stoppage_hours,labor_attendance_pct,truck_dispatch_trips
2023-01-01,balaghat,Balaghat Mine,Sunday,1,1223,1069,154,12.59,Medium,equipment_downtime,0.0,14.9,23.9,0.538,5.8,1.4,1.5,2.9,98.0,0.0,0.0,89.0,43
2023-01-02,balaghat,Balaghat Mine,Monday,1,1250,485,765,61.2,High,equipment_downtime,0.0,15.7,22.2,0.552,35.7,26.3,1.1,8.3,88.2,0.0,0.0,90.1,17
2023-01-03,balaghat,Balaghat Mine,Tuesday,1,1262,915,347,27.5,High,equipment_downtime,0.0,18.2,23.3,0.516,16.9,6.4,1.8,8.7,94.4,0.0,0.0,97.3,41
2023-01-04,balaghat,Balaghat Mine,Wednesday,1,1217,1114,103,8.46,Medium,equipment_downtime,0.0,15.7,22.2,0.514,5.7,1.4,1.1,3.2,98.0,0.0,0.0,91.6,44
2023-01-05,balaghat,Balaghat Mine,Thursday,1,1267,1139,128,10.1,Medium,equipment_downtime,6.1,19.1,25.2,0.466,3.6,1.1,1.2,1.3,98.0,0.0,0.0,99.0,46
2023-01-06,balaghat,Balaghat Mine,Friday,1,1231,1080,151,12.27,Medium,equipment_downtime,0.0,20.8,23.0,0.461,3.2,0.7,0.2,2.3,98.0,0.0,0.0,93.2,44
2023-01-07,balaghat,Balaghat Mine,Saturday,1,1259,1160,99,7.86,Medium,equipment_downtime,0.0,13.4,26.6,0.437,3.0,0.4,0.4,2.2,98.0,0.0,0.0,90.6,45
2023-01-08,balaghat,Balaghat Mine,Sunday,1,1285,1194,91,7.08,Medium,equipment_downtime,0.0,19.9,22.8,0.524,5.3,1.1,1.7,2.5,98.0,0.0,0.0,90.3,47
2023-01-09,balaghat,Balaghat Mine,Monday,1,1229,1088,141,11.47,Medium,labor_attendance,0.0,20.0,22.5,0.433,2.7,0.2,1.2,1.3,98.0,0.0,0.0,87.4,45
2023-01-10,balaghat,Balaghat Mine,Tuesday,1,1240,1124,116,9.35,Medium,equipment_downtime,0.0,16.9,25.3,0.476,3.5,1.2,0.3,2.0,98.0,0.0,0.0,96.2,46
2023-01-11,balaghat,Balaghat Mine,Wednesday,1,1257,1116,141,11.22,Medium,equipment_downtime,0.0,17.7,24.7,0.415,5.7,1.0,1.1,3.6,98.0,0.0,0.0,93.8,47
2023-01-12,balaghat,Balaghat Mine,Thursday,1,1266,1192,74,5.85,Low,equipment_downtime,0.0,12.1,26.5,0.456,3.0,0.7,0.5,1.8,98.0,0.0,0.0,93.7,49
2023-01-13,balaghat,Balaghat Mine,Friday,1,1263,1062,201,15.91,Medium,equipment_downtime,0.0,13.5,28.9,0.435,7.7,0.4,4.7,2.6,97.5,0.0,0.0,86.7,38
2023-01-14,balaghat,Balaghat Mine,Saturday,1,1291,1146,145,11.23,Medium,equipment_downtime,0.0,17.1,24.3,0.404,4.2,0.3,1.3,2.6,98.0,0.0,0.0,93.0,48
2023-01-15,balaghat,Balaghat Mine,Sunday,1,1258,1129,129,10.25,Medium,labor_attendance,0.0,18.5,25.6,0.384,3.1,0.7,0.8,1.6,98.0,0.0,0.0,85.9,46
2023-01-16,balaghat,Balaghat Mine,Monday,1,1230,1041,189,15.37,Medium,equipment_downtime,0.0,18.1,24.2,0.483,7.4,1.4,3.8,2.2,97.6,0.0,0.0,89.3,42
2023-01-17,balaghat,Balaghat Mine,Tuesday,1,1211,1060,151,12.47,Medium,equipment_downtime,0.0,15.3,27.2,0.53,5.8,1.2,0.7,3.9,98.0,0.0,0.0,95.1,45
2023-01-18,balaghat,Balaghat Mine,Wednesday,1,1271,1225,46,3.62,Low,equipment_downtime,0.0,14.9,26.8,0.503,2.7,0.2,0.3,2.2,98.0,0.0,0.0,89.0,50
2023-01-19,balaghat,Balaghat Mine,Thursday,1,1254,1208,46,3.67,Low,equipment_downtime,0.0,18.2,23.5,0.429,3.9,0.6,0.9,2.4,98.0,0.0,0.0,97.1,49
2023-01-20,balaghat,Balaghat Mine,Friday,1,1273,1143,130,10.21,Medium,equipment_downtime,0.0,12.7,29.3,0.414,3.9,0.6,0.7,2.6,98.0,0.0,0.0,98.5,47
2023-01-21,balaghat,Balaghat Mine,Saturday,1,1231,1160,71,5.77,Low,equipment_downtime,0.0,14.0,25.3,0.448,4.5,1.0,1.8,1.7,98.0,0.0,0.0,97.5,46
2023-01-22,balaghat,Balaghat Mine,Sunday,1,1215,1085,130,10.7,Medium,equipment_downtime,0.0,21.2,25.8,0.516,6.0,1.4,1.2,3.4,98.0,2.6,0.0,91.2,42
2023-01-23,balaghat,Balaghat Mine,Monday,1,1245,677,568,45.62,High,equipment_downtime,0.0,11.1,22.8,0.361,20.5,5.9,0.9,13.7,93.2,0.0,0.0,91.5,28
2023-01-24,balaghat,Balaghat Mine,Tuesday,1,1252,1022,230,18.37,High,equipment_downtime,0.0,15.4,25.3,0.461,7.6,1.9,1.8,3.9,97.5,0.0,0.0,96.6,38
2023-01-25,balaghat,Balaghat Mine,Wednesday,1,1302,1168,134,10.29,Medium,equipment_downtime,0.0,17.5,29.4,0.45,4.8,1.0,1.4,2.4,98.0,0.0,0.0,87.6,48
2023-01-26,balaghat,Balaghat Mine,Thursday,1,1192,1050,142,11.91,Medium,equipment_downtime,0.0,11.2,26.5,0.411,3.5,0.4,1.8,1.3,98.0,0.0,0.0,92.4,42
2023-01-27,balaghat,Balaghat Mine,Friday,1,1263,832,431,34.13,High,equipment_downtime,0.0,14.5,23.3,0.446,16.9,8.4,1.7,6.8,94.4,0.4,0.0,92.2,36
2023-01-28,balaghat,Balaghat Mine,Saturday,1,1242,1032,210,16.91,Medium,equipment_downtime,0.0,13.4,26.9,0.398,7.4,1.5,1.4,4.5,97.6,0.0,0.0,95.0,44
2023-01-29,balaghat,Balaghat Mine,Sunday,1,1294,1182,112,8.66,Medium,equipment_downtime,0.0,15.6,26.8,0.339,4.5,0.3,1.9,2.3,98.0,0.0,0.0,87.5,48
2023-01-30,balaghat,Balaghat Mine,Monday,1,1245,1129,116,9.32,Medium,equipment_downtime,0.0,15.4,24.3,0.372,3.9,1.4,0.3,2.2,98.0,0.0,0.0,94.6,46
2023-01-31,balaghat,Balaghat Mine,Tuesday,1,1210,1105,105,8.68,Medium,equipment_downtime,8.6,19.7,22.8,0.416,4.3,1.2,1.9,1.2,98.0,0.0,0.0,89.9,46
2023-02-01,balaghat,Balaghat Mine,Wednesday,2,1301,946,355,27.29,High,equipment_downtime,0.0,17.5,24.9,0.397,13.3,2.8,1.3,9.2,95.6,0.0,0.0,99.0,39
2023-02-02,balaghat,Balaghat Mine,Thursday,2,1307,1285,22,1.68,Low,equipment_downtime,0.0,13.5,25.4,0.435,2.9,0.4,1.1,1.4,98.0,0.0,0.0,92.1,50
2023-02-03,balaghat,Balaghat Mine,Friday,2,1319,1095,224,16.98,Medium,blasting_delays,1.4,18.5,25.3,0.358,2.6,1.2,0.2,1.2,98.0,2.4,0.0,88.0,43
2023-02-04,balaghat,Balaghat Mine,Saturday,2,1305,1179,126,9.66,Medium,equipment_downtime,0.0,18.9,31.3,0.416,4.6,0.6,1.3,2.7,98.0,0.0,0.0,95.2,46
2023-02-05,balaghat,Balaghat Mine,Sunday,2,1299,1092,207,15.94,Medium,equipment_downtime,0.0,18.6,29.6,0.351,7.2,1.3,1.7,4.2,97.6,0.3,0.0,87.6,42
2023-02-06,balaghat,Balaghat Mine,Monday,2,1288,1107,181,14.05,Medium,equipment_downtime,0.0,15.1,28.8,0.489,6.2,0.7,1.3,4.2,97.9,0.0,0.0,88.5,45
2023-02-07,balaghat,Balaghat Mine,Tuesday,2,1230,1007,223,18.13,High,equipment_downtime,0.0,16.3,27.7,0.407,6.1,0.5,2.4,3.2,98.0,0.0,0.0,89.1,41
2023-02-08,balaghat,Balaghat Mine,Wednesday,2,1243,1200,43,3.46,Low,equipment_downtime,0.0,15.6,26.5,0.4,4.2,1.0,0.8,2.4,98.0,0.0,0.0,96.7,46
2023-02-09,balaghat,Balaghat Mine,Thursday,2,1278,957,321,25.12,High,labor_attendance,0.0,22.2,28.9,0.396,5.3,0.9,2.0,2.4,98.0,0.0,0.0,82.2,36
2023-02-10,balaghat,Balaghat Mine,Friday,2,1306,1235,71,5.44,Low,equipment_downtime,0.0,19.3,27.6,0.372,4.4,1.3,0.9,2.2,98.0,0.0,0.0,92.8,50
2023-02-11,balaghat,Balaghat Mine,Saturday,2,1291,1218,73,5.65,Low,equipment_downtime,0.0,19.8,24.2,0.446,3.6,0.4,0.7,2.5,98.0,1.2,0.0,98.0,51
2023-02-12,balaghat,Balaghat Mine,Sunday,2,1300,1191,109,8.38,Medium,equipment_downtime,0.0,20.8,31.7,0.35,5.2,1.2,1.6,2.4,98.0,0.0,0.0,89.1,46
2023-02-13,balaghat,Balaghat Mine,Monday,2,1291,1177,114,8.83,Medium,equipment_downtime,0.0,16.7,27.4,0.313,3.3,1.0,0.7,1.6,98.0,0.0,0.0,90.4,47
2023-02-14,balaghat,Balaghat Mine,Tuesday,2,1344,1185,159,11.83,Medium,equipment_downtime,0.0,20.8,27.9,0.408,6.9,1.1,1.5,4.3,97.7,0.0,0.0,90.4,46
2023-02-15,balaghat,Balaghat Mine,Wednesday,2,1260,1214,46,3.65,Low,equipment_downtime,0.0,14.4,28.0,0.293,3.9,0.9,1.0,2.0,98.0,0.0,0.0,99.0,44
2023-02-16,balaghat,Balaghat Mine,Thursday,2,1270,1177,93,7.32,Medium,equipment_downtime,0.0,17.2,30.8,0.335,3.4,0.3,2.0,1.1,98.0,0.0,0.0,95.8,46
2023-02-17,balaghat,Balaghat Mine,Friday,2,1313,1265,48,3.66,Low,equipment_downtime,0.0,17.1,32.2,0.289,4.7,0.6,1.6,2.5,98.0,0.0,0.0,97.3,49
2023-02-18,balaghat,Balaghat Mine,Saturday,2,1328,1266,62,4.67,Low,equipment_downtime,0.0,19.9,25.4,0.309,2.7,1.2,0.3,1.2,98.0,0.0,0.0,91.0,55
2023-02-19,balaghat,Balaghat Mine,Sunday,2,1295,1143,152,11.74,Medium,equipment_downtime,0.0,16.7,30.3,0.316,5.8,0.8,1.0,4.0,98.0,0.0,0.0,91.4,46
2023-02-20,balaghat,Balaghat Mine,Monday,2,1296,1144,152,11.73,Medium,equipment_downtime,0.0,16.1,31.1,0.344,7.1,3.6,0.9,2.6,97.7,0.0,0.0,91.7,46
2023-02-21,balaghat,Balaghat Mine,Tuesday,2,1302,1191,111,8.53,Medium,equipment_downtime,0.0,16.6,31.0,0.236,4.9,1.1,1.7,2.1,98.0,0.0,0.0,94.3,48
2023-02-22,balaghat,Balaghat Mine,Wednesday,2,1304,1177,127,9.74,Medium,equipment_downtime,0.0,14.8,30.9,0.394,4.2,0.3,0.6,3.3,98.0,0.0,0.0,88.4,49
2023-02-23,balaghat,Balaghat Mine,Thursday,2,1293,1222,71,5.49,Low,equipment_downtime,0.0,16.9,29.2,0.295,4.0,0.5,1.9,1.6,98.0,0.0,0.0,91.9,55
2023-02-24,balaghat,Balaghat Mine,Friday,2,1335,1214,121,9.06,Medium,equipment_downtime,0.0,13.3,30.5,0.318,5.8,0.4,1.4,4.0,98.0,0.0,0.0,91.7,54
2023-02-25,balaghat,Balaghat Mine,Saturday,2,1301,1212,89,6.84,Medium,equipment_downtime,0.0,11.0,30.2,0.395,3.9,1.2,0.2,2.5,98.0,0.0,0.0,90.1,46
2023-02-26,balaghat,Balaghat Mine,Sunday,2,1301,1210,91,6.99,Medium,equipment_downtime,0.0,13.7,30.8,0.262,2.8,0.5,0.9,1.4,98.0,0.0,0.0,95.3,49
2023-02-27,balaghat,Balaghat Mine,Monday,2,1330,1196,134,10.08,Medium,equipment_downtime,0.0,16.0,27.3,0.334,4.8,0.5,1.6,2.7,98.0,0.0,0.0,86.6,46
2023-02-28,balaghat,Balaghat Mine,Tuesday,2,1298,1085,213,16.41,Medium,equipment_downtime,0.0,13.9,34.4,0.403,5.4,0.8,0.8,3.8,98.0,0.0,0.0,87.6,41
2023-03-01,balaghat,Balaghat Mine,Wednesday,3,1334,1202,132,9.9,Medium,equipment_downtime,0.0,18.4,30.4,0.344,6.0,1.2,1.7,3.1,98.0,0.0,0.0,90.9,49
2023-03-02,balaghat,Balaghat Mine,Thursday,3,1337,1203,134,10.02,Medium,equipment_downtime,0.0,15.0,29.4,0.356,6.7,1.4,0.9,4.4,97.8,0.0,0.0,92.6,45
2023-03-03,balaghat,Balaghat Mine,Friday,3,1337,1185,152,11.37,Medium,equipment_downtime,0.0,16.1,28.5,0.282,6.6,0.8,1.7,4.1,97.8,0.0,0.0,97.4,45
2023-03-04,balaghat,Balaghat Mine,Saturday,3,1327,1147,180,13.56,Medium,equipment_downtime,0.0,10.9,31.9,0.281,5.3,0.8,0.7,3.8,98.0,0.0,0.0,89.9,40
2023-03-05,balaghat,Balaghat Mine,Sunday,3,1354,1284,70,5.17,Low,equipment_downtime,0.0,14.9,32.6,0.298,4.0,1.1,1.6,1.3,98.0,0.0,0.0,91.2,48
2023-03-06,balaghat,Balaghat Mine,Monday,3,1334,1235,99,7.42,Medium,equipment_downtime,0.0,15.1,26.3,0.322,3.4,1.0,1.1,1.3,98.0,0.0,0.0,97.2,50
2023-03-07,balaghat,Balaghat Mine,Tuesday,3,1330,1231,99,7.44,Medium,equipment_downtime,0.0,18.7,30.8,0.195,5.5,0.4,1.2,3.9,98.0,0.0,0.0,98.3,50
2023-03-08,balaghat,Balaghat Mine,Wednesday,3,1309,1198,111,8.48,Medium,equipment_downtime,0.0,14.2,32.8,0.317,4.4,0.9,1.4,2.1,98.0,0.0,0.0,99.0,49
2023-03-09,balaghat,Balaghat Mine,Thursday,3,1362,1149,213,15.64,Medium,equipment_downtime,0.0,19.6,31.8,0.276,4.4,0.7,0.5,3.2,98.0,0.0,0.0,86.4,46
2023-03-10,balaghat,Balaghat Mine,Friday,3,1339,1094,245,18.3,High,equipment_downtime,0.0,16.4,30.6,0.246,5.0,1.2,1.8,2.0,98.0,2.6,0.0,93.8,43
2023-03-11,balaghat,Balaghat Mine,Saturday,3,1289,1160,129,10.01,Medium,equipment_downtime,0.1,19.4,31.9,0.25,4.6,0.7,1.8,2.1,98.0,0.0,0.0,97.4,47
2023-03-12,balaghat,Balaghat Mine,Sunday,3,1379,1128,251,18.2,High,equipment_downtime,0.0,13.3,33.8,0.292,6.7,0.9,1.4,4.4,97.8,0.0,0.0,86.9,44
2023-03-13,balaghat,Balaghat Mine,Monday,3,1306,1186,120,9.19,Medium,equipment_downtime,0.0,18.1,32.5,0.211,4.2,0.9,1.7,1.6,98.0,0.0,0.0,99.0,51
2023-03-14,balaghat,Balaghat Mine,Tuesday,3,1323,1156,167,12.62,Medium,equipment_downtime,0.0,11.5,30.6,0.273,6.9,1.1,1.5,4.3,97.7,0.0,0.0,87.9,51
2023-03-15,balaghat,Balaghat Mine,Wednesday,3,1355,1296,59,4.35,Low,equipment_downtime,0.0,17.5,35.3,0.223,2.6,0.3,1.0,1.3,98.0,0.0,0.0,98.9,52
2023-03-16,balaghat,Balaghat Mine,Thursday,3,1318,1203,115,8.73,Medium,equipment_downtime,0.0,20.2,32.9,0.329,4.8,0.9,1.1,2.8,98.0,0.0,0.0,96.1,45
2023-03-17,balaghat,Balaghat Mine,Friday,3,1343,1030,313,23.31,High,equipment_downtime,0.0,15.7,31.9,0.235,13.3,1.5,8.3,3.5,95.6,0.0,0.0,93.3,45
2023-03-18,balaghat,Balaghat Mine,Saturday,3,1345,1275,70,5.2,Low,equipment_downtime,0.0,12.7,35.3,0.213,4.5,1.1,0.9,2.5,98.0,0.0,0.0,89.2,50
2023-03-19,balaghat,Balaghat Mine,Sunday,3,1316,1207,109,8.28,Medium,equipment_downtime,14.0,20.6,32.7,0.255,3.6,0.3,0.7,2.6,98.0,0.0,0.0,91.2,46
2023-03-20,balaghat,Balaghat Mine,Monday,3,1322,1067,255,19.29,High,labor_attendance,12.7,20.8,32.2,0.193,4.1,0.5,1.7,1.9,98.0,1.3,0.0,85.6,42
2023-03-21,balaghat,Balaghat Mine,Tuesday,3,1307,977,330,25.25,High,equipment_downtime,0.1,13.5,31.7,0.218,9.8,7.0,0.4,2.4,96.8,0.0,0.0,85.4,36
2023-03-22,balaghat,Balaghat Mine,Wednesday,3,1391,1026,365,26.24,High,equipment_downtime,0.0,15.0,31.3,0.18,15.6,2.3,1.7,11.6,94.8,0.0,0.0,99.0,40
2023-03-23,balaghat,Balaghat Mine,Thursday,3,1349,1238,111,8.23,Medium,equipment_downtime,0.0,19.6,33.1,0.256,5.0,1.3,0.3,3.4,98.0,0.0,0.0,96.2,53
2023-03-24,balaghat,Balaghat Mine,Friday,3,1318,1279,39,2.96,Low,equipment_downtime,0.0,16.9,36.2,0.26,2.9,0.7,0.3,1.9,98.0,1.3,0.0,95.7,53
2023-03-25,balaghat,Balaghat Mine,Saturday,3,1331,1250,81,6.09,Medium,equipment_downtime,0.0,14.2,34.5,0.281,3.8,0.4,1.6,1.8,98.0,0.0,0.0,91.8,49
2023-03-26,balaghat,Balaghat Mine,Sunday,3,1286,1136,150,11.66,Medium,equipment_downtime,0.0,14.7,32.2,0.284,4.0,1.1,0.6,2.3,98.0,0.0,0.0,91.7,47
2023-03-27,balaghat,Balaghat Mine,Monday,3,1355,1295,60,4.43,Low,equipment_downtime,0.0,14.4,36.2,0.234,2.9,0.4,0.3,2.2,98.0,0.0,0.0,94.1,54
2023-03-28,balaghat,Balaghat Mine,Tuesday,3,1311,1140,171,13.04,Medium,equipment_downtime,11.5,18.4,36.7,0.208,5.2,1.1,1.4,2.7,98.0,0.0,0.0,96.5,43
2023-03-29,balaghat,Balaghat Mine,Wednesday,3,1339,1075,264,19.72,High,equipment_downtime,0.0,13.8,33.5,0.18,10.0,4.4,1.8,3.8,96.7,0.0,0.0,94.7,44
2023-03-30,balaghat,Balaghat Mine,Thursday,3,1395,1184,211,15.13,Medium,equipment_downtime,0.0,17.6,37.7,0.252,5.3,0.3,1.0,4.0,98.0,0.0,0.0,96.1,49
2023-03-31,balaghat,Balaghat Mine,Friday,3,1319,1240,79,5.99,Low,equipment_downtime,0.0,17.9,36.9,0.18,3.8,1.3,1.4,1.1,98.0,0.0,0.0,97.9,53
2023-04-01,balaghat,Balaghat Mine,Saturday,4,1320,1181,139,10.53,Medium,equipment_downtime,0.0,16.7,35.6,0.251,6.9,1.1,1.9,3.9,97.7,0.0,0.0,90.6,46
2023-04-02,balaghat,Balaghat Mine,Sunday,4,1322,1119,203,15.36,Medium,equipment_downtime,0.0,15.7,34.1,0.294,8.0,0.8,3.7,3.5,97.4,0.0,0.0,89.8,43
2023-04-03,balaghat,Balaghat Mine,Monday,4,1329,1137,192,14.45,Medium,equipment_downtime,10.1,18.4,32.0,0.185,5.9,0.4,2.3,3.2,98.0,0.5,0.0,95.4,46
2023-04-04,balaghat,Balaghat Mine,Tuesday,4,1336,1121,215,16.09,Medium,equipment_downtime,0.0,17.2,36.1,0.198,4.5,1.2,0.3,3.0,98.0,0.0,0.0,87.9,43
2023-04-05,balaghat,Balaghat Mine,Wednesday,4,1329,1173,156,11.74,Medium,equipment_downtime,0.0,15.3,36.7,0.198,4.0,1.1,1.6,1.3,98.0,0.0,0.0,95.2,47
2023-04-06,balaghat,Balaghat Mine,Thursday,4,1329,1283,46,3.46,Low,equipment_downtime,0.0,19.8,31.9,0.258,4.3,0.3,0.7,3.3,98.0,0.0,0.0,99.0,52
2023-04-07,balaghat,Balaghat Mine,Friday,4,1390,1354,36,2.59,Low,equipment_downtime,0.0,16.1,34.9,0.344,4.8,0.7,1.6,2.5,98.0,0.0,0.0,92.8,57
2023-04-08,balaghat,Balaghat Mine,Saturday,4,1367,1264,103,7.53,Medium,equipment_downtime,0.0,12.7,36.8,0.203,7.0,1.5,1.9,3.6,97.7,0.0,0.0,91.2,51
2023-04-09,balaghat,Balaghat Mine,Sunday,4,1336,1242,94,7.04,Medium,equipment_downtime,0.0,17.0,32.5,0.286,5.3,1.3,0.9,3.1,98.0,0.0,0.0,96.9,49
2023-04-10,balaghat,Balaghat Mine,Monday,4,1331,763,568,42.67,High,equipment_downtime,0.0,16.9,37.2,0.211,22.5,11.1,0.3,11.1,92.6,0.0,0.0,91.8,31
2023-04-11,balaghat,Balaghat Mine,Tuesday,4,1375,1299,76,5.53,Low,equipment_downtime,0.0,18.0,35.2,0.273,3.4,1.1,1.1,1.2,98.0,0.0,0.0,99.0,56
2023-04-12,balaghat,Balaghat Mine,Wednesday,4,1350,1266,84,6.22,Medium,equipment_downtime,0.0,16.9,33.6,0.204,4.3,1.5,1.4,1.4,98.0,0.0,0.0,92.0,46
2023-04-13,balaghat,Balaghat Mine,Thursday,4,1376,1276,100,7.27,Medium,equipment_downtime,0.0,18.1,36.6,0.188,2.3,0.4,0.4,1.5,98.0,0.0,0.0,92.2,50
2023-04-14,balaghat,Balaghat Mine,Friday,4,1339,1188,151,11.28,Medium,equipment_downtime,0.0,17.9,39.1,0.25,4.8,1.1,1.7,2.0,98.0,0.0,0.0,93.9,51
2023-04-15,balaghat,Balaghat Mine,Saturday,4,1343,1204,139,10.35,Medium,equipment_downtime,0.0,10.8,36.1,0.216,6.2,0.6,1.5,4.1,97.9,0.0,0.0,94.3,48
2023-04-16,balaghat,Balaghat Mine,Sunday,4,1343,1271,72,5.36,Low,equipment_downtime,0.0,14.9,36.0,0.208,4.0,0.7,1.1,2.2,98.0,0.0,0.0,90.0,52
2023-04-17,balaghat,Balaghat Mine,Monday,4,1313,1105,208,15.84,Medium,equipment_downtime,0.0,18.4,35.9,0.18,6.2,1.0,1.8,3.4,97.9,0.0,0.0,89.8,46
2023-04-18,balaghat,Balaghat Mine,Tuesday,4,1356,670,686,50.59,High,equipment_downtime,0.0,17.4,36.9,0.259,26.7,6.7,1.6,18.4,91.2,0.0,0.0,95.0,25
2023-04-19,balaghat,Balaghat Mine,Wednesday,4,1388,907,481,34.65,High,equipment_downtime,0.0,13.4,34.9,0.18,21.5,2.8,1.1,17.6,92.9,0.0,0.0,92.4,36
2023-04-20,balaghat,Balaghat Mine,Thursday,4,1360,1284,76,5.59,Low,equipment_downtime,0.0,14.7,37.7,0.22,3.5,0.5,1.2,1.8,98.0,0.0,0.0,94.3,53
2023-04-21,balaghat,Balaghat Mine,Friday,4,1344,1090,254,18.9,High,equipment_downtime,0.0,16.1,37.9,0.18,8.9,3.4,1.9,3.6,97.1,0.0,0.0,90.0,46
2023-04-22,balaghat,Balaghat Mine,Saturday,4,1345,831,514,38.22,High,equipment_downtime,0.0,16.0,37.4,0.18,23.5,14.9,0.9,7.7,92.2,0.0,0.0,89.7,36
2023-04-23,balaghat,Balaghat Mine,Sunday,4,1348,763,585,43.4,High,equipment_downtime,0.0,17.0,37.4,0.209,25.2,8.5,0.5,16.2,91.7,0.0,0.0,95.4,30
2023-04-24,balaghat,Balaghat Mine,Monday,4,1315,552,763,58.02,High,equipment_downtime,0.0,20.4,38.2,0.239,30.0,11.9,1.4,16.7,90.1,2.0,0.0,94.1,23
2023-04-25,balaghat,Balaghat Mine,Tuesday,4,1305,1117,188,14.41,Medium,equipment_downtime,3.5,16.7,39.7,0.245,4.7,0.4,0.8,3.5,98.0,0.3,0.0,86.9,47
2023-04-26,balaghat,Balaghat Mine,Wednesday,4,1348,1280,68,5.04,Low,equipment_downtime,5.0,19.1,37.8,0.199,5.7,1.2,1.5,3.0,98.0,0.0,0.0,93.4,54
2023-04-27,balaghat,Balaghat Mine,Thursday,4,1387,1223,164,11.82,Medium,equipment_downtime,0.0,16.9,40.9,0.192,5.1,1.3,0.6,3.2,98.0,0.0,0.0,89.7,48
2023-04-28,balaghat,Balaghat Mine,Friday,4,1339,1198,141,10.53,Medium,equipment_downtime,0.0,13.2,39.4,0.198,4.6,1.9,1.3,1.4,98.0,0.0,0.0,92.9,49
2023-04-29,balaghat,Balaghat Mine,Saturday,4,1354,1284,70,5.17,Low,equipment_downtime,0.0,15.6,39.5,0.261,3.8,1.1,0.3,2.4,98.0,0.0,0.0,95.3,57
2023-04-30,balaghat,Balaghat Mine,Sunday,4,1335,1201,134,10.04,Medium,equipment_downtime,0.0,16.5,40.5,0.18,4.8,1.1,1.7,2.0,98.0,0.0,0.0,94.3,48
2023-05-01,balaghat,Balaghat Mine,Monday,5,1326,1333,0,0.0,Low,nominal_operations,3.5,17.3,35.9,0.244,1.8,0.4,0.4,1.0,98.0,0.9,0.0,91.5,55
2023-05-02,balaghat,Balaghat Mine,Tuesday,5,1350,1123,227,16.81,Medium,equipment_downtime,0.0,17.7,38.6,0.281,6.1,0.8,1.2,4.1,98.0,1.2,0.0,94.7,48
2023-05-03,balaghat,Balaghat Mine,Wednesday,5,1296,1269,27,2.08,Low,equipment_downtime,0.0,13.7,34.5,0.223,4.0,1.0,0.5,2.5,98.0,0.0,0.0,89.3,55
2023-05-04,balaghat,Balaghat Mine,Thursday,5,1334,1181,153,11.47,Medium,equipment_downtime,0.0,18.6,39.6,0.237,4.6,1.0,2.2,1.4,98.0,0.0,0.0,96.7,50
2023-05-05,balaghat,Balaghat Mine,Friday,5,1385,1280,105,7.58,Medium,equipment_downtime,0.0,14.9,37.1,0.24,4.5,0.8,0.7,3.0,98.0,0.0,0.0,96.2,52
2023-05-06,balaghat,Balaghat Mine,Saturday,5,1346,1057,289,21.47,High,equipment_downtime,0.0,14.2,38.0,0.228,13.0,7.6,1.3,4.1,95.7,0.0,0.0,90.3,42
2023-05-07,balaghat,Balaghat Mine,Sunday,5,1328,1077,251,18.9,High,equipment_downtime,0.0,16.1,39.3,0.293,5.4,0.4,1.4,3.6,98.0,0.0,0.0,87.6,44
2023-05-08,balaghat,Balaghat Mine,Monday,5,1343,1161,182,13.55,Medium,equipment_downtime,3.1,14.4,38.0,0.18,5.7,1.1,1.6,3.0,98.0,1.4,0.0,97.7,46
2023-05-09,balaghat,Balaghat Mine,Tuesday,5,1327,938,389,29.31,High,equipment_downtime,0.0,14.9,41.9,0.18,17.1,8.0,0.4,8.7,94.3,0.2,0.0,93.2,38
2023-05-10,balaghat,Balaghat Mine,Wednesday,5,1289,1058,231,17.92,Medium,equipment_downtime,0.0,14.9,41.5,0.252,5.1,0.7,0.8,3.6,98.0,0.0,0.0,94.4,45
2023-05-11,balaghat,Balaghat Mine,Thursday,5,1373,1219,154,11.22,Medium,equipment_downtime,0.0,14.2,37.8,0.215,10.6,3.3,1.0,6.3,96.5,0.0,0.0,94.0,50
2023-05-12,balaghat,Balaghat Mine,Friday,5,1381,1249,132,9.56,Medium,equipment_downtime,0.0,22.4,39.7,0.264,5.8,0.6,1.5,3.7,98.0,0.0,0.0,93.5,50
2023-05-13,balaghat,Balaghat Mine,Saturday,5,1319,1176,143,10.84,Medium,equipment_downtime,0.0,20.2,37.8,0.208,4.8,0.9,0.2,3.7,98.0,0.0,0.0,97.3,48
2023-05-14,balaghat,Balaghat Mine,Sunday,5,1342,1173,169,12.59,Medium,equipment_downtime,0.0,18.1,38.2,0.225,4.3,1.1,2.1,1.1,98.0,0.0,0.0,95.3,47
2023-05-15,balaghat,Balaghat Mine,Monday,5,1353,1235,118,8.72,Medium,equipment_downtime,0.0,17.7,38.2,0.212,5.2,1.2,1.3,2.7,98.0,0.0,0.0,89.4,48
2023-05-16,balaghat,Balaghat Mine,Tuesday,5,1350,1183,167,12.37,Medium,equipment_downtime,0.0,10.0,39.6,0.18,4.1,0.6,2.0,1.5,98.0,0.0,0.0,88.6,49
2023-05-17,balaghat,Balaghat Mine,Wednesday,5,1331,1225,106,7.96,Medium,equipment_downtime,0.0,18.8,38.7,0.18,4.9,0.3,0.7,3.9,98.0,0.0,0.0,88.0,49
2023-05-18,balaghat,Balaghat Mine,Thursday,5,1325,1188,137,10.34,Medium,equipment_downtime,0.0,17.0,39.5,0.307,6.3,1.1,1.1,4.1,97.9,0.0,0.0,93.5,44
2023-05-19,balaghat,Balaghat Mine,Friday,5,1295,330,965,74.52,High,equipment_downtime,0.0,14.2,39.2,0.245,41.3,3.2,3.1,35.0,86.3,0.8,0.0,97.2,13
2023-05-20,balaghat,Balaghat Mine,Saturday,5,1255,1216,39,3.11,Low,equipment_downtime,0.0,14.3,42.3,0.18,3.9,0.6,0.5,2.8,98.0,0.0,0.0,96.2,47
2023-05-21,balaghat,Balaghat Mine,Sunday,5,1399,1198,201,14.37,Medium,equipment_downtime,0.0,13.1,36.9,0.228,4.8,0.9,1.3,2.6,98.0,0.0,0.0,88.8,49
2023-05-22,balaghat,Balaghat Mine,Monday,5,1317,1321,0,0.0,Low,nominal_operations,0.0,14.4,41.6,0.199,3.9,0.4,1.1,2.4,98.0,0.0,0.0,92.2,52
2023-05-23,balaghat,Balaghat Mine,Tuesday,5,1346,1329,17,1.26,Low,nominal_operations,0.0,14.6,42.7,0.218,3.4,0.7,0.6,2.1,98.0,0.0,0.0,99.0,58
2023-05-24,balaghat,Balaghat Mine,Wednesday,5,1330,1238,92,6.92,Medium,equipment_downtime,0.2,17.0,41.2,0.233,4.8,1.2,1.7,1.9,98.0,0.0,0.0,94.6,50
2023-05-25,balaghat,Balaghat Mine,Thursday,5,1361,1217,144,10.58,Medium,equipment_downtime,0.0,24.4,40.8,0.206,6.4,1.0,1.5,3.9,97.9,0.3,0.0,94.1,48
2023-05-26,balaghat,Balaghat Mine,Friday,5,1317,1222,95,7.21,Medium,equipment_downtime,0.0,15.5,39.3,0.261,5.3,1.4,1.2,2.7,98.0,0.0,0.0,99.0,47
2023-05-27,balaghat,Balaghat Mine,Saturday,5,1306,1212,94,7.2,Medium,equipment_downtime,0.0,16.0,39.5,0.223,4.7,0.3,0.3,4.1,98.0,0.0,0.0,92.9,50
2023-05-28,balaghat,Balaghat Mine,Sunday,5,1347,1195,152,11.28,Medium,equipment_downtime,5.7,20.9,40.1,0.193,5.2,1.4,0.5,3.3,98.0,0.0,0.0,93.8,47
2023-05-29,balaghat,Balaghat Mine,Monday,5,1347,1307,40,2.97,Low,equipment_downtime,0.0,18.5,37.6,0.245,2.8,0.2,1.6,1.0,98.0,0.0,0.0,92.1,54
2023-05-30,balaghat,Balaghat Mine,Tuesday,5,1318,1197,121,9.18,Medium,equipment_downtime,0.0,20.5,38.8,0.181,4.3,1.2,0.2,2.9,98.0,0.0,0.0,93.6,50
2023-05-31,balaghat,Balaghat Mine,Wednesday,5,1339,1274,65,4.85,Low,equipment_downtime,0.0,18.5,41.3,0.216,3.2,1.1,0.6,1.5,98.0,0.0,0.0,94.2,53
2023-06-01,balaghat,Balaghat Mine,Thursday,6,1300,1214,86,6.62,Medium,equipment_downtime,17.7,28.7,39.6,0.243,4.4,1.3,0.9,2.2,98.0,0.0,0.0,99.0,49
2023-06-02,balaghat,Balaghat Mine,Friday,6,1288,1090,198,15.37,Medium,equipment_downtime,2.0,21.5,37.4,0.192,7.4,1.3,1.8,4.3,97.6,0.0,0.0,93.5,46
2023-06-03,balaghat,Balaghat Mine,Saturday,6,1340,1272,68,5.07,Low,equipment_downtime,4.4,20.7,39.8,0.193,5.9,0.9,1.1,3.9,98.0,0.0,0.0,96.8,54
2023-06-04,balaghat,Balaghat Mine,Sunday,6,1284,187,1097,85.44,High,weather_stoppage,118.1,57.0,25.2,0.233,3.2,0.5,1.0,1.7,98.0,0.0,12.0,85.5,8
2023-06-05,balaghat,Balaghat Mine,Monday,6,1293,1138,155,11.99,Medium,equipment_downtime,10.7,22.0,39.1,0.278,6.2,1.4,1.2,3.6,97.9,0.0,0.0,91.5,48
2023-06-06,balaghat,Balaghat Mine,Tuesday,6,1296,941,355,27.39,High,equipment_downtime,6.4,24.1,38.7,0.256,18.4,0.8,1.2,16.4,93.9,0.0,0.0,91.4,38
2023-06-07,balaghat,Balaghat Mine,Wednesday,6,1278,1139,139,10.88,Medium,equipment_downtime,1.7,24.6,42.1,0.247,6.0,0.7,1.5,3.8,98.0,0.0,0.0,99.0,45
2023-06-08,balaghat,Balaghat Mine,Thursday,6,1295,671,624,48.19,High,equipment_downtime,20.1,27.2,37.1,0.249,23.9,14.2,0.6,9.1,92.1,0.0,0.0,93.0,26
2023-06-09,balaghat,Balaghat Mine,Friday,6,1315,187,1128,85.78,High,weather_stoppage,76.3,43.8,30.3,0.346,4.9,0.4,1.1,3.4,98.0,0.0,10.1,96.6,5
2023-06-10,balaghat,Balaghat Mine,Saturday,6,1272,1200,72,5.66,Low,equipment_downtime,3.8,26.3,37.5,0.249,3.4,0.3,1.8,1.3,98.0,0.0,0.0,89.2,45
2023-06-11,balaghat,Balaghat Mine,Sunday,6,1332,1142,190,14.26,Medium,blasting_delays,21.8,27.6,36.0,0.27,4.4,1.4,1.2,1.8,98.0,3.0,0.0,91.0,47
2023-06-12,balaghat,Balaghat Mine,Monday,6,1322,1267,55,4.16,Low,equipment_downtime,1.1,24.5,42.2,0.232,3.8,0.7,1.7,1.4,98.0,0.0,0.0,90.7,49
2023-06-13,balaghat,Balaghat Mine,Tuesday,6,1328,1013,315,23.72,High,equipment_downtime,17.0,30.6,37.2,0.32,12.9,1.9,0.4,10.6,95.7,0.0,0.0,96.0,38
2023-06-14,balaghat,Balaghat Mine,Wednesday,6,1273,738,535,42.03,High,weather_stoppage,34.2,39.7,34.4,0.267,6.0,0.8,1.3,3.9,98.0,0.0,4.0,89.1,30
2023-06-15,balaghat,Balaghat Mine,Thursday,6,1299,1206,93,7.16,Medium,equipment_downtime,2.0,24.8,39.9,0.269,5.3,0.4,0.8,4.1,98.0,0.1,0.0,97.6,51
2023-06-16,balaghat,Balaghat Mine,Friday,6,1334,1258,76,5.7,Low,equipment_downtime,3.0,25.5,39.6,0.291,3.4,1.1,1.3,1.0,98.0,0.0,0.0,95.1,52
2023-06-17,balaghat,Balaghat Mine,Saturday,6,1296,697,599,46.22,High,weather_stoppage,49.2,37.4,31.6,0.243,3.7,0.4,0.9,2.4,98.0,0.0,6.9,99.0,30
2023-06-18,balaghat,Balaghat Mine,Sunday,6,1257,703,554,44.07,High,equipment_downtime,3.8,29.6,36.9,0.299,21.8,4.6,3.5,13.7,92.8,0.0,0.0,91.6,30
2023-06-19,balaghat,Balaghat Mine,Monday,6,1307,1054,253,19.36,High,equipment_downtime,22.6,36.0,36.5,0.306,4.2,0.9,1.2,2.1,98.0,0.0,0.0,89.2,43
2023-06-20,balaghat,Balaghat Mine,Tuesday,6,1272,790,482,37.89,High,weather_stoppage,38.3,36.9,31.4,0.383,5.1,1.1,0.9,3.1,98.0,0.0,4.8,93.1,29
2023-06-21,balaghat,Balaghat Mine,Wednesday,6,1318,1097,221,16.77,Medium,labor_attendance,4.2,27.3,38.8,0.286,2.5,0.4,0.7,1.4,98.0,0.0,0.0,86.3,42
2023-06-22,balaghat,Balaghat Mine,Thursday,6,1308,1247,61,4.66,Low,equipment_downtime,21.8,33.9,37.6,0.235,2.7,0.8,0.5,1.4,98.0,0.0,0.0,97.2,46
2023-06-23,balaghat,Balaghat Mine,Friday,6,1288,1113,175,13.59,Medium,labor_attendance,2.9,30.4,36.5,0.283,3.4,0.7,1.1,1.6,98.0,0.6,0.0,84.3,43
2023-06-24,balaghat,Balaghat Mine,Saturday,6,1372,1208,164,11.95,Medium,equipment_downtime,20.8,35.4,38.1,0.266,4.6,1.2,1.4,2.0,98.0,0.0,0.0,96.3,49
2023-06-25,balaghat,Balaghat Mine,Sunday,6,1288,1200,88,6.83,Medium,equipment_downtime,2.2,28.0,39.3,0.262,3.9,0.4,0.7,2.8,98.0,0.0,0.0,95.5,46
2023-06-26,balaghat,Balaghat Mine,Monday,6,1309,1051,258,19.71,High,weather_stoppage,33.1,38.0,39.3,0.257,2.6,1.0,0.3,1.3,98.0,0.0,3.6,93.6,45
2023-06-27,balaghat,Balaghat Mine,Tuesday,6,1285,1140,145,11.28,Medium,equipment_downtime,3.4,31.9,36.9,0.284,4.7,0.8,1.4,2.5,98.0,0.0,0.0,99.0,44
2023-06-28,balaghat,Balaghat Mine,Wednesday,6,1290,1028,262,20.31,High,equipment_downtime,0.9,28.8,38.2,0.292,13.8,0.6,10.9,2.3,95.4,0.5,0.0,99.0,41
2023-06-29,balaghat,Balaghat Mine,Thursday,6,1283,1128,155,12.08,Medium,equipment_downtime,3.5,28.6,36.7,0.298,4.9,1.1,0.9,2.9,98.0,0.0,0.0,94.0,42
2023-06-30,balaghat,Balaghat Mine,Friday,6,1313,1095,218,16.6,Medium,equipment_downtime,3.4,32.3,39.4,0.305,5.4,1.4,1.6,2.4,98.0,0.0,0.0,93.5,44
2023-07-01,balaghat,Balaghat Mine,Saturday,7,1235,828,407,32.96,High,equipment_downtime,9.3,33.1,37.0,0.317,17.1,0.8,1.9,14.4,94.3,0.0,0.0,97.7,34
2023-07-02,balaghat,Balaghat Mine,Sunday,7,1247,1072,175,14.03,Medium,equipment_downtime,5.9,34.2,38.6,0.332,6.2,0.9,1.5,3.8,97.9,0.0,0.0,91.4,43
2023-07-03,balaghat,Balaghat Mine,Monday,7,1233,1100,133,10.79,Medium,equipment_downtime,24.9,36.6,36.5,0.28,3.8,1.3,1.2,1.3,98.0,0.4,0.0,91.1,41
2023-07-04,balaghat,Balaghat Mine,Tuesday,7,1260,187,1073,85.16,High,weather_stoppage,145.0,58.0,20.9,0.28,3.4,1.2,0.9,1.3,98.0,0.0,12.0,89.5,9
2023-07-05,balaghat,Balaghat Mine,Wednesday,7,1220,979,241,19.75,High,equipment_downtime,22.6,40.2,35.1,0.368,6.1,0.6,1.8,3.7,98.0,0.0,0.0,97.4,39
2023-07-06,balaghat,Balaghat Mine,Thursday,7,1273,1160,113,8.88,Medium,equipment_downtime,11.3,38.8,37.9,0.337,4.8,1.4,0.5,2.9,98.0,0.0,0.0,93.6,46
2023-07-07,balaghat,Balaghat Mine,Friday,7,1228,956,272,22.15,High,blasting_delays,3.6,32.9,34.8,0.352,5.3,1.0,1.7,2.6,98.0,4.6,0.0,91.5,38
2023-07-08,balaghat,Balaghat Mine,Saturday,7,1252,1075,177,14.14,Medium,labor_attendance,10.6,34.2,36.6,0.309,4.7,0.8,1.3,2.6,98.0,0.0,0.0,84.1,44
2023-07-09,balaghat,Balaghat Mine,Sunday,7,1242,1174,68,5.48,Low,equipment_downtime,2.0,33.7,39.9,0.391,5.8,0.8,1.5,3.5,98.0,0.0,0.0,95.5,45
2023-07-10,balaghat,Balaghat Mine,Monday,7,1292,1148,144,11.15,Medium,equipment_downtime,2.9,32.6,36.4,0.356,4.0,1.1,1.1,1.8,98.0,0.0,0.0,98.1,47
2023-07-11,balaghat,Balaghat Mine,Tuesday,7,1275,718,557,43.69,High,weather_stoppage,38.7,44.0,32.6,0.391,5.4,0.9,1.6,2.9,98.0,0.0,4.6,95.1,33
2023-07-12,balaghat,Balaghat Mine,Wednesday,7,1236,187,1049,84.87,High,weather_stoppage,95.4,56.9,26.8,0.354,10.0,1.3,1.7,7.0,96.7,0.0,12.0,89.1,9
2023-07-13,balaghat,Balaghat Mine,Thursday,7,1225,1109,116,9.47,Medium,equipment_downtime,24.4,43.0,34.5,0.421,6.5,0.7,1.4,4.4,97.9,0.0,0.0,89.9,44
2023-07-14,balaghat,Balaghat Mine,Friday,7,1242,1071,171,13.77,Medium,equipment_downtime,1.5,32.6,37.0,0.371,4.9,0.4,0.5,4.0,98.0,0.0,0.0,95.3,43
2023-07-15,balaghat,Balaghat Mine,Saturday,7,1258,1142,116,9.22,Medium,equipment_downtime,2.5,35.5,33.2,0.388,6.3,1.2,0.7,4.4,97.9,0.0,0.0,92.7,47
2023-07-16,balaghat,Balaghat Mine,Sunday,7,1226,187,1039,84.75,High,weather_stoppage,97.5,58.0,23.6,0.356,5.7,1.1,1.2,3.4,98.0,0.0,12.0,91.7,8
2023-07-17,balaghat,Balaghat Mine,Monday,7,1248,1031,217,17.39,Medium,equipment_downtime,11.3,37.3,38.2,0.384,10.0,0.3,7.1,2.6,96.7,0.0,0.0,95.4,41
2023-07-18,balaghat,Balaghat Mine,Tuesday,7,1283,468,815,63.52,High,weather_stoppage,45.0,51.0,34.1,0.415,8.5,1.1,3.1,4.3,97.2,0.0,4.9,91.8,21
2023-07-19,balaghat,Balaghat Mine,Wednesday,7,1266,1193,73,5.77,Low,equipment_downtime,1.7,33.4,35.9,0.382,4.4,1.5,1.8,1.1,98.0,0.0,0.0,94.8,47
2023-07-20,balaghat,Balaghat Mine,Thursday,7,1218,1177,41,3.37,Low,equipment_downtime,4.2,34.5,38.7,0.381,3.3,1.1,1.0,1.2,98.0,0.0,0.0,92.7,42
2023-07-21,balaghat,Balaghat Mine,Friday,7,1287,1114,173,13.44,Medium,equipment_downtime,7.4,40.0,36.5,0.433,5.1,0.6,1.3,3.2,98.0,0.0,0.0,91.7,46
2023-07-22,balaghat,Balaghat Mine,Saturday,7,1260,1190,70,5.56,Low,equipment_downtime,8.3,39.8,37.3,0.348,3.7,1.2,0.8,1.7,98.0,0.0,0.0,94.4,51
2023-07-23,balaghat,Balaghat Mine,Sunday,7,1241,983,258,20.79,High,equipment_downtime,21.0,40.1,37.3,0.455,6.3,0.9,2.1,3.3,97.9,0.0,0.0,85.8,41
2023-07-24,balaghat,Balaghat Mine,Monday,7,1198,1044,154,12.85,Medium,equipment_downtime,4.3,40.6,33.7,0.325,3.3,0.5,0.6,2.2,98.0,0.0,0.0,94.9,45
2023-07-25,balaghat,Balaghat Mine,Tuesday,7,1272,992,280,22.01,High,weather_stoppage,27.2,43.2,34.0,0.366,3.3,0.8,0.8,1.7,98.0,0.0,1.7,98.4,39
2023-07-26,balaghat,Balaghat Mine,Wednesday,7,1292,1004,288,22.29,High,equipment_downtime,22.1,40.8,34.4,0.439,10.6,0.7,5.7,4.2,96.5,0.0,0.0,90.9,40
2023-07-27,balaghat,Balaghat Mine,Thursday,7,1287,1157,130,10.1,Medium,equipment_downtime,4.2,34.4,33.2,0.489,5.7,0.8,1.2,3.7,98.0,0.0,0.0,91.5,45
2023-07-28,balaghat,Balaghat Mine,Friday,7,1206,1172,34,2.82,Low,equipment_downtime,1.2,38.5,34.0,0.392,3.9,1.2,0.2,2.5,98.0,0.0,0.0,92.1,46
2023-07-29,balaghat,Balaghat Mine,Saturday,7,1238,1169,69,5.57,Low,equipment_downtime,1.5,38.5,37.5,0.412,4.3,0.9,1.0,2.4,98.0,0.0,0.0,91.9,43
2023-07-30,balaghat,Balaghat Mine,Sunday,7,1252,988,264,21.09,High,equipment_downtime,17.7,43.5,30.9,0.413,5.4,1.3,0.4,3.7,98.0,0.0,0.0,98.0,40
2023-07-31,balaghat,Balaghat Mine,Monday,7,1234,450,784,63.53,High,equipment_downtime,3.5,40.4,36.4,0.474,37.8,3.1,1.8,32.9,87.5,0.0,0.0,91.8,21
2023-08-01,balaghat,Balaghat Mine,Tuesday,8,1209,992,217,17.95,Medium,equipment_downtime,14.6,42.5,34.8,0.455,7.4,4.2,1.5,1.7,97.6,0.0,0.0,99.0,40
2023-08-02,balaghat,Balaghat Mine,Wednesday,8,1226,565,661,53.92,High,weather_stoppage,39.0,50.5,29.3,0.431,4.5,1.4,1.0,2.1,98.0,0.0,3.9,95.9,24
2023-08-03,balaghat,Balaghat Mine,Thursday,8,1226,1022,204,16.64,Medium,equipment_downtime,2.0,38.4,35.7,0.439,5.6,1.0,2.0,2.6,98.0,0.0,0.0,95.8,42
2023-08-04,balaghat,Balaghat Mine,Friday,8,1176,1027,149,12.67,Medium,equipment_downtime,2.6,38.6,35.3,0.452,4.4,0.3,1.1,3.0,98.0,0.0,0.0,94.2,41
2023-08-05,balaghat,Balaghat Mine,Saturday,8,1187,952,235,19.8,High,equipment_downtime,0.4,38.0,35.5,0.389,5.2,0.7,0.5,4.0,98.0,0.0,0.0,90.7,33
2023-08-06,balaghat,Balaghat Mine,Sunday,8,1204,1149,55,4.57,Low,equipment_downtime,3.6,32.9,34.1,0.399,4.3,0.6,1.9,1.8,98.0,0.0,0.0,92.6,44
2023-08-07,balaghat,Balaghat Mine,Monday,8,1184,903,281,23.73,High,equipment_downtime,1.9,37.7,33.4,0.492,10.6,0.6,5.7,4.3,96.5,0.0,0.0,91.9,36
2023-08-08,balaghat,Balaghat Mine,Tuesday,8,1220,1087,133,10.9,Medium,equipment_downtime,3.8,40.1,31.4,0.396,4.2,0.7,1.5,2.0,98.0,0.0,0.0,89.6,43
2023-08-09,balaghat,Balaghat Mine,Wednesday,8,1224,1136,88,7.19,Medium,equipment_downtime,5.6,40.0,35.3,0.481,2.9,0.4,0.2,2.3,98.0,0.0,0.0,93.5,46
2023-08-10,balaghat,Balaghat Mine,Thursday,8,1169,700,469,40.12,High,weather_stoppage,33.5,46.4,32.2,0.473,4.4,1.4,0.5,2.5,98.0,0.0,3.5,97.0,29
2023-08-11,balaghat,Balaghat Mine,Friday,8,1210,972,238,19.67,High,equipment_downtime,20.0,41.4,34.6,0.48,5.4,0.3,1.6,3.5,98.0,1.2,0.0,96.6,40
2023-08-12,balaghat,Balaghat Mine,Saturday,8,1201,1070,131,10.91,Medium,equipment_downtime,4.0,36.5,32.8,0.505,6.3,0.4,1.4,4.5,97.9,0.0,0.0,92.9,42
2023-08-13,balaghat,Balaghat Mine,Sunday,8,1209,1090,119,9.84,Medium,equipment_downtime,2.5,34.1,31.6,0.543,5.6,0.5,1.4,3.7,98.0,0.0,0.0,96.5,43
2023-08-14,balaghat,Balaghat Mine,Monday,8,1202,832,370,30.78,High,equipment_downtime,24.9,44.4,36.4,0.537,12.9,6.5,1.5,4.9,95.7,0.0,0.0,96.6,32
2023-08-15,balaghat,Balaghat Mine,Tuesday,8,1210,1140,70,5.79,Low,equipment_downtime,3.7,36.7,34.8,0.491,2.2,0.5,0.5,1.2,98.0,0.0,0.0,97.7,46
2023-08-16,balaghat,Balaghat Mine,Wednesday,8,1188,209,979,82.41,High,weather_stoppage,44.4,46.0,32.6,0.439,17.2,6.0,1.8,9.4,94.3,0.0,6.3,95.0,10
2023-08-17,balaghat,Balaghat Mine,Thursday,8,1208,418,790,65.4,High,equipment_downtime,3.2,40.2,31.7,0.553,31.0,1.2,1.2,28.6,89.7,0.0,0.0,93.9,14
2023-08-18,balaghat,Balaghat Mine,Friday,8,1165,187,978,83.95,High,weather_stoppage,56.8,51.5,26.1,0.486,6.4,0.3,1.7,4.4,97.9,0.0,7.8,90.8,12
2023-08-19,balaghat,Balaghat Mine,Saturday,8,1201,961,240,19.98,High,equipment_downtime,1.0,40.8,35.3,0.509,6.5,1.4,1.5,3.6,97.9,0.3,0.0,95.9,38
2023-08-20,balaghat,Balaghat Mine,Sunday,8,1229,1191,38,3.09,Low,equipment_downtime,5.1,39.3,30.8,0.532,2.1,0.3,0.2,1.6,98.0,0.0,0.0,97.1,46
2023-08-21,balaghat,Balaghat Mine,Monday,8,1210,566,644,53.22,High,weather_stoppage,43.5,51.3,26.2,0.528,3.5,0.6,1.6,1.3,98.0,0.0,4.8,93.4,21
2023-08-22,balaghat,Balaghat Mine,Tuesday,8,1179,1119,60,5.09,Low,equipment_downtime,0.1,35.9,33.7,0.512,2.5,0.5,1.0,1.0,98.0,0.0,0.0,94.9,44
2023-08-23,balaghat,Balaghat Mine,Wednesday,8,1179,443,736,62.43,High,weather_stoppage,43.6,54.1,24.6,0.446,3.4,0.6,1.6,1.2,98.0,0.0,4.5,91.1,15
2023-08-24,balaghat,Balaghat Mine,Thursday,8,1187,991,196,16.51,Medium,equipment_downtime,3.4,43.8,29.5,0.534,5.3,0.5,1.1,3.7,98.0,0.0,0.0,91.1,40
2023-08-25,balaghat,Balaghat Mine,Friday,8,1191,707,484,40.64,High,equipment_downtime,0.2,40.1,32.4,0.561,12.0,3.5,0.3,8.2,96.0,1.8,0.0,84.5,29
2023-08-26,balaghat,Balaghat Mine,Saturday,8,1179,808,371,31.47,High,equipment_downtime,2.4,39.9,27.4,0.509,5.5,1.2,0.5,3.8,98.0,0.1,0.0,86.8,30
2023-08-27,balaghat,Balaghat Mine,Sunday,8,1197,973,224,18.71,High,equipment_downtime,0.7,41.5,28.4,0.55,2.8,0.6,1.1,1.1,98.0,0.5,0.0,89.1,39
2023-08-28,balaghat,Balaghat Mine,Monday,8,1215,1234,0,0.0,Low,nominal_operations,3.2,38.6,30.7,0.569,3.6,0.5,1.1,2.0,98.0,0.0,0.0,91.8,50
2023-08-29,balaghat,Balaghat Mine,Tuesday,8,1208,1110,98,8.11,Medium,equipment_downtime,2.2,36.4,29.6,0.554,4.5,0.3,1.6,2.6,98.0,0.0,0.0,93.4,46
2023-08-30,balaghat,Balaghat Mine,Wednesday,8,1167,957,210,17.99,Medium,equipment_downtime,0.2,36.3,29.9,0.531,6.7,1.3,3.1,2.3,97.8,0.0,0.0,91.5,41
2023-08-31,balaghat,Balaghat Mine,Thursday,8,1218,1153,65,5.34,Low,equipment_downtime,5.2,37.1,29.6,0.529,4.1,0.4,1.2,2.5,98.0,0.0,0.0,93.4,46
2023-09-01,balaghat,Balaghat Mine,Friday,9,1190,976,214,17.98,Medium,weather_stoppage,25.0,43.9,28.9,0.524,3.3,0.6,1.2,1.5,98.0,0.0,0.0,94.1,39
2023-09-02,balaghat,Balaghat Mine,Saturday,9,1107,1011,96,8.67,Medium,equipment_downtime,12.5,36.9,32.7,0.525,5.0,1.1,0.8,3.1,98.0,0.0,0.0,90.1,41
2023-09-03,balaghat,Balaghat Mine,Sunday,9,1156,953,203,17.56,Medium,equipment_downtime,0.6,40.6,32.2,0.502,6.2,1.1,1.2,3.9,97.9,0.0,0.0,92.4,38
2023-09-04,balaghat,Balaghat Mine,Monday,9,1142,885,257,22.5,High,equipment_downtime,4.2,35.0,26.6,0.578,10.5,1.4,5.1,4.0,96.5,0.0,0.0,96.1,35
2023-09-05,balaghat,Balaghat Mine,Tuesday,9,1158,1092,66,5.7,Low,equipment_downtime,0.6,34.8,31.4,0.588,5.1,0.3,0.4,4.4,98.0,0.0,0.0,92.9,47
2023-09-06,balaghat,Balaghat Mine,Wednesday,9,1138,844,294,25.83,High,equipment_downtime,6.8,39.1,30.5,0.569,8.4,4.1,0.9,3.4,97.2,0.0,0.0,89.8,32
2023-09-07,balaghat,Balaghat Mine,Thursday,9,1158,954,204,17.62,Medium,equipment_downtime,14.2,42.3,30.2,0.524,6.0,1.1,1.6,3.3,98.0,2.4,0.0,94.2,36
2023-09-08,balaghat,Balaghat Mine,Friday,9,1115,547,568,50.94,High,equipment_downtime,27.9,41.9,27.3,0.616,13.0,4.0,1.4,7.6,95.7,0.0,3.1,94.8,25
2023-09-09,balaghat,Balaghat Mine,Saturday,9,1170,897,273,23.33,High,equipment_downtime,3.3,40.7,33.1,0.559,5.5,0.5,1.8,3.2,98.0,0.0,0.0,90.1,35
2023-09-10,balaghat,Balaghat Mine,Sunday,9,1193,1017,176,14.75,Medium,equipment_downtime,2.2,32.0,32.3,0.483,6.4,0.9,1.8,3.7,97.9,0.0,0.0,95.6,44
2023-09-11,balaghat,Balaghat Mine,Monday,9,1161,1081,80,6.89,Medium,equipment_downtime,8.2,37.1,26.7,0.537,4.9,0.9,0.5,3.5,98.0,0.0,0.0,97.8,43
2023-09-12,balaghat,Balaghat Mine,Tuesday,9,1135,929,206,18.15,High,equipment_downtime,3.8,37.1,30.5,0.545,3.3,0.9,1.4,1.0,98.0,0.0,0.0,93.2,31
2023-09-13,balaghat,Balaghat Mine,Wednesday,9,1180,1065,115,9.75,Medium,equipment_downtime,3.2,38.9,28.8,0.598,5.6,1.2,1.5,2.9,98.0,0.0,0.0,91.4,44
2023-09-14,balaghat,Balaghat Mine,Thursday,9,1134,910,224,19.75,High,equipment_downtime,4.4,35.1,32.8,0.586,5.1,0.9,1.7,2.5,98.0,0.0,0.0,97.0,36
2023-09-15,balaghat,Balaghat Mine,Friday,9,1142,187,955,83.63,High,weather_stoppage,53.9,50.6,22.7,0.544,32.1,9.2,6.9,16.0,89.4,0.0,7.0,94.6,10
2023-09-16,balaghat,Balaghat Mine,Saturday,9,1188,1045,143,12.04,Medium,equipment_downtime,4.5,34.0,30.5,0.565,4.2,0.9,0.9,2.4,98.0,0.0,0.0,89.3,46
2023-09-17,balaghat,Balaghat Mine,Sunday,9,1179,505,674,57.17,High,weather_stoppage,45.5,48.6,24.6,0.627,2.2,0.3,0.6,1.3,98.0,0.0,6.1,99.0,22
2023-09-18,balaghat,Balaghat Mine,Monday,9,1191,796,395,33.17,High,weather_stoppage,28.9,42.6,25.5,0.523,5.3,1.1,1.3,2.9,98.0,0.0,2.8,93.8,32
2023-09-19,balaghat,Balaghat Mine,Tuesday,9,1133,715,418,36.89,High,equipment_downtime,3.1,39.0,27.4,0.564,13.2,1.4,9.9,1.9,95.6,1.2,0.0,91.9,27
2023-09-20,balaghat,Balaghat Mine,Wednesday,9,1179,582,597,50.64,High,weather_stoppage,29.1,46.0,25.5,0.61,4.2,0.7,0.4,3.1,98.0,0.0,3.8,85.1,22
2023-09-21,balaghat,Balaghat Mine,Thursday,9,1132,229,903,79.77,High,weather_stoppage,45.3,50.9,21.2,0.678,5.8,0.6,0.9,4.3,98.0,0.0,5.9,86.8,9
2023-09-22,balaghat,Balaghat Mine,Friday,9,1177,1056,121,10.28,Medium,equipment_downtime,1.1,35.2,27.0,0.599,4.3,1.4,1.8,1.1,98.0,0.0,0.0,92.4,42
2023-09-23,balaghat,Balaghat Mine,Saturday,9,1162,1118,44,3.79,Low,equipment_downtime,4.6,32.9,24.9,0.6,4.6,0.6,0.5,3.5,98.0,0.0,0.0,91.4,44
2023-09-24,balaghat,Balaghat Mine,Sunday,9,1169,432,737,63.05,High,equipment_downtime,1.1,35.1,31.3,0.625,35.2,5.2,0.9,29.1,88.4,0.0,0.0,92.8,17
2023-09-25,balaghat,Balaghat Mine,Monday,9,1172,1005,167,14.25,Medium,equipment_downtime,0.5,35.9,25.3,0.653,6.3,1.0,1.0,4.3,97.9,0.0,0.0,96.3,42
2023-09-26,balaghat,Balaghat Mine,Tuesday,9,1133,871,262,23.12,High,equipment_downtime,2.9,36.5,27.2,0.595,5.8,0.4,1.3,4.1,98.0,0.7,0.0,91.1,37
2023-09-27,balaghat,Balaghat Mine,Wednesday,9,1133,813,320,28.24,High,equipment_downtime,15.0,36.8,26.2,0.592,12.9,0.3,0.6,12.0,95.7,0.0,0.0,94.8,32
2023-09-28,balaghat,Balaghat Mine,Thursday,9,1145,980,165,14.41,Medium,equipment_downtime,4.9,33.2,30.6,0.679,5.4,0.6,0.7,4.1,98.0,0.9,0.0,99.0,40
2023-09-29,balaghat,Balaghat Mine,Friday,9,1165,1210,0,0.0,Low,nominal_operations,0.4,32.1,25.5,0.558,2.6,1.0,0.3,1.3,98.0,0.0,0.0,98.2,47
2023-09-30,balaghat,Balaghat Mine,Saturday,9,1176,840,336,28.57,High,weather_stoppage,26.0,39.9,22.1,0.601,5.8,1.4,0.4,4.0,98.0,0.0,2.6,92.5,34
2023-10-01,balaghat,Balaghat Mine,Sunday,10,1156,946,210,18.17,High,equipment_downtime,0.0,27.1,27.7,0.542,5.0,1.1,0.9,3.0,98.0,0.0,0.0,92.3,37
2023-10-02,balaghat,Balaghat Mine,Monday,10,1195,1014,181,15.15,Medium,equipment_downtime,0.0,34.2,25.8,0.537,6.2,0.5,1.9,3.8,97.9,0.0,0.0,93.7,43
2023-10-03,balaghat,Balaghat Mine,Tuesday,10,1134,1048,86,7.58,Medium,equipment_downtime,0.0,36.2,25.8,0.622,4.4,0.7,2.0,1.7,98.0,0.0,0.0,97.5,44
2023-10-04,balaghat,Balaghat Mine,Wednesday,10,1088,670,418,38.42,High,equipment_downtime,8.9,33.8,25.9,0.656,19.5,1.7,0.8,17.0,93.6,0.0,0.0,97.6,30
2023-10-05,balaghat,Balaghat Mine,Thursday,10,1126,187,939,83.39,High,equipment_downtime,0.0,35.8,23.5,0.613,48.4,9.8,1.5,37.1,84.0,0.0,0.0,89.2,7
2023-10-06,balaghat,Balaghat Mine,Friday,10,1174,1073,101,8.6,Medium,equipment_downtime,0.0,29.3,25.9,0.62,5.7,1.0,1.5,3.2,98.0,0.0,0.0,91.4,41
2023-10-07,balaghat,Balaghat Mine,Saturday,10,1127,911,216,19.17,High,equipment_downtime,0.0,34.6,25.6,0.682,5.6,0.8,1.9,2.9,98.0,0.0,0.0,89.3,38
2023-10-08,balaghat,Balaghat Mine,Sunday,10,1139,1052,87,7.64,Medium,equipment_downtime,0.0,29.7,24.8,0.648,5.6,1.3,1.3,3.0,98.0,0.0,0.0,91.9,41
2023-10-09,balaghat,Balaghat Mine,Monday,10,1154,1002,152,13.17,Medium,equipment_downtime,0.0,31.5,25.3,0.617,4.9,1.1,1.8,2.0,98.0,0.0,0.0,91.8,42
2023-10-10,balaghat,Balaghat Mine,Tuesday,10,1115,939,176,15.78,Medium,equipment_downtime,0.0,30.9,24.1,0.609,10.7,3.1,0.7,6.9,96.5,0.0,0.0,97.9,39
2023-10-11,balaghat,Balaghat Mine,Wednesday,10,1180,1064,116,9.83,Medium,equipment_downtime,0.0,26.9,24.3,0.617,5.5,1.2,0.3,4.0,98.0,0.0,0.0,90.3,41
2023-10-12,balaghat,Balaghat Mine,Thursday,10,1155,830,325,28.14,High,equipment_downtime,0.0,32.0,22.8,0.636,17.6,1.0,12.3,4.3,94.2,0.0,0.0,92.9,31
2023-10-13,balaghat,Balaghat Mine,Friday,10,1171,990,181,15.46,Medium,equipment_downtime,0.0,31.6,27.6,0.631,5.7,0.7,1.4,3.6,98.0,0.0,0.0,89.0,40
2023-10-14,balaghat,Balaghat Mine,Saturday,10,1147,707,440,38.36,High,equipment_downtime,0.0,29.4,24.5,0.602,16.8,9.3,1.7,5.8,94.4,0.0,0.0,85.7,25
2023-10-15,balaghat,Balaghat Mine,Sunday,10,1159,1015,144,12.42,Medium,equipment_downtime,5.3,31.8,22.3,0.703,4.3,1.1,0.5,2.7,98.0,1.1,0.0,92.5,39
2023-10-16,balaghat,Balaghat Mine,Monday,10,1121,831,290,25.87,High,equipment_downtime,0.0,26.6,26.3,0.659,10.1,0.6,5.8,3.7,96.7,0.0,0.0,91.6,34
2023-10-17,balaghat,Balaghat Mine,Tuesday,10,1123,1002,121,10.77,Medium,equipment_downtime,0.0,27.2,27.1,0.682,4.5,0.9,0.4,3.2,98.0,0.0,0.0,87.4,41
2023-10-18,balaghat,Balaghat Mine,Wednesday,10,1161,949,212,18.26,High,equipment_downtime,0.0,31.6,23.6,0.58,6.2,0.6,1.9,3.7,97.9,0.6,0.0,98.0,39
2023-10-19,balaghat,Balaghat Mine,Thursday,10,1161,756,405,34.88,High,equipment_downtime,0.0,28.4,26.2,0.575,18.4,0.5,13.9,4.0,93.9,0.0,0.0,91.4,29
2023-10-20,balaghat,Balaghat Mine,Friday,10,1123,1023,100,8.9,Medium,equipment_downtime,0.0,29.7,25.7,0.639,5.3,0.6,1.5,3.2,98.0,0.0,0.0,93.5,42
2023-10-21,balaghat,Balaghat Mine,Saturday,10,1142,1087,55,4.82,Low,equipment_downtime,0.0,29.0,24.3,0.635,3.3,0.8,0.8,1.7,98.0,0.0,0.0,95.0,43
2023-10-22,balaghat,Balaghat Mine,Sunday,10,1159,992,167,14.41,Medium,equipment_downtime,0.0,26.3,22.5,0.67,6.0,0.8,1.1,4.1,98.0,0.0,0.0,92.4,39
2023-10-23,balaghat,Balaghat Mine,Monday,10,1192,712,480,40.27,High,equipment_downtime,0.0,30.4,21.4,0.674,21.9,11.3,1.3,9.3,92.8,0.0,0.0,91.7,29
2023-10-24,balaghat,Balaghat Mine,Tuesday,10,1189,1121,68,5.72,Low,equipment_downtime,0.0,25.4,23.3,0.638,4.7,0.6,1.8,2.3,98.0,0.0,0.0,94.7,45
2023-10-25,balaghat,Balaghat Mine,Wednesday,10,1182,1058,124,10.49,Medium,equipment_downtime,0.0,25.2,25.3,0.624,3.9,0.9,1.2,1.8,98.0,0.0,0.0,95.4,42
2023-10-26,balaghat,Balaghat Mine,Thursday,10,1128,936,192,17.02,Medium,equipment_downtime,0.0,25.9,23.3,0.636,7.3,0.2,4.6,2.5,97.6,0.0,0.0,88.3,37
2023-10-27,balaghat,Balaghat Mine,Friday,10,1153,989,164,14.22,Medium,equipment_downtime,0.0,24.1,25.0,0.632,5.3,1.0,1.9,2.4,98.0,0.0,0.0,93.4,43
2023-10-28,balaghat,Balaghat Mine,Saturday,10,1098,898,200,18.21,High,equipment_downtime,0.0,24.0,22.2,0.597,6.0,1.0,1.4,3.6,98.0,0.0,0.0,95.1,40
2023-10-29,balaghat,Balaghat Mine,Sunday,10,1145,971,174,15.2,Medium,equipment_downtime,0.0,22.1,24.6,0.684,5.1,1.3,2.0,1.8,98.0,0.0,0.0,93.5,35
2023-10-30,balaghat,Balaghat Mine,Monday,10,1167,903,264,22.62,High,equipment_downtime,0.0,25.9,25.9,0.607,5.5,0.8,2.7,2.0,98.0,0.0,0.0,88.0,38
2023-10-31,balaghat,Balaghat Mine,Tuesday,10,1130,1087,43,3.81,Low,equipment_downtime,0.0,28.9,23.8,0.633,5.4,0.3,0.6,4.5,98.0,0.0,0.0,96.9,42
2023-11-01,balaghat,Balaghat Mine,Wednesday,11,1150,1021,129,11.22,Medium,equipment_downtime,0.0,25.4,25.4,0.633,5.3,1.1,0.2,4.0,98.0,0.0,0.0,87.0,39
2023-11-02,balaghat,Balaghat Mine,Thursday,11,1187,1002,185,15.59,Medium,labor_attendance,0.0,16.9,26.6,0.639,3.6,0.3,1.5,1.8,98.0,0.0,0.0,86.1,38
2023-11-03,balaghat,Balaghat Mine,Friday,11,1160,1049,111,9.57,Medium,equipment_downtime,0.0,25.3,23.1,0.639,2.7,1.2,0.4,1.1,98.0,0.0,0.0,95.7,42
2023-11-04,balaghat,Balaghat Mine,Saturday,11,1144,1018,126,11.01,Medium,equipment_downtime,0.0,18.5,24.4,0.621,3.2,0.7,1.0,1.5,98.0,0.0,0.0,90.8,45
2023-11-05,balaghat,Balaghat Mine,Sunday,11,1142,896,246,21.54,High,equipment_downtime,0.0,22.8,23.1,0.601,5.7,1.2,1.6,2.9,98.0,1.7,0.0,88.9,39
2023-11-06,balaghat,Balaghat Mine,Monday,11,1238,1111,127,10.26,Medium,equipment_downtime,0.0,25.4,19.4,0.569,4.7,0.8,2.5,1.4,98.0,0.0,0.0,96.5,46
2023-11-07,balaghat,Balaghat Mine,Tuesday,11,1179,417,762,64.63,High,equipment_downtime,0.0,20.3,21.0,0.635,32.0,13.9,1.9,16.2,89.4,0.0,0.0,95.2,19
2023-11-08,balaghat,Balaghat Mine,Wednesday,11,1213,679,534,44.02,High,equipment_downtime,0.0,24.9,18.3,0.675,18.0,6.1,1.2,10.7,94.0,1.1,0.0,94.2,29
2023-11-09,balaghat,Balaghat Mine,Thursday,11,1173,1048,125,10.66,Medium,equipment_downtime,0.0,18.7,24.6,0.653,2.5,0.4,0.2,1.9,98.0,0.0,0.0,89.9,40
2023-11-10,balaghat,Balaghat Mine,Friday,11,1170,859,311,26.58,High,equipment_downtime,0.0,18.1,20.2,0.647,14.8,4.2,1.5,9.1,95.1,0.0,0.0,95.3,35
2023-11-11,balaghat,Balaghat Mine,Saturday,11,1158,905,253,21.85,High,equipment_downtime,0.0,22.3,22.5,0.576,12.0,2.6,1.4,8.0,96.0,0.0,0.0,93.4,38
2023-11-12,balaghat,Balaghat Mine,Sunday,11,1158,630,528,45.6,High,equipment_downtime,0.0,18.2,24.0,0.61,24.7,14.2,1.1,9.4,91.8,0.0,0.0,92.7,29
2023-11-13,balaghat,Balaghat Mine,Monday,11,1174,1100,74,6.3,Medium,equipment_downtime,0.0,19.0,26.2,0.599,3.0,0.3,0.2,2.5,98.0,0.0,0.0,97.1,44
2023-11-14,balaghat,Balaghat Mine,Tuesday,11,1172,974,198,16.89,Medium,equipment_downtime,0.0,17.0,22.3,0.715,7.1,1.3,1.9,3.9,97.7,0.0,0.0,91.6,36
2023-11-15,balaghat,Balaghat Mine,Wednesday,11,1161,323,838,72.18,High,equipment_downtime,0.0,16.1,24.5,0.605,32.5,8.9,1.4,22.2,89.3,1.0,0.0,89.1,11
2023-11-16,balaghat,Balaghat Mine,Thursday,11,1174,546,628,53.49,High,equipment_downtime,0.0,12.7,20.4,0.61,24.6,5.3,7.4,11.9,91.9,0.0,0.0,88.1,23
2023-11-17,balaghat,Balaghat Mine,Friday,11,1166,955,211,18.1,High,equipment_downtime,0.0,14.1,20.2,0.643,5.0,1.4,0.5,3.1,98.0,0.0,0.0,87.4,38
2023-11-18,balaghat,Balaghat Mine,Saturday,11,1186,991,195,16.44,Medium,equipment_downtime,0.0,17.0,23.0,0.624,10.6,1.1,6.4,3.1,96.5,0.0,0.0,99.0,39
2023-11-19,balaghat,Balaghat Mine,Sunday,11,1155,1132,23,1.99,Low,equipment_downtime,0.0,15.6,22.4,0.58,2.8,1.2,0.3,1.3,98.0,0.0,0.0,93.6,47
2023-11-20,balaghat,Balaghat Mine,Monday,11,1127,671,456,40.46,High,equipment_downtime,0.0,13.5,26.3,0.585,18.6,11.4,1.4,5.8,93.8,0.0,0.0,99.0,25
2023-11-21,balaghat,Balaghat Mine,Tuesday,11,1202,1197,5,0.42,Low,nominal_operations,0.0,13.7,24.0,0.617,4.1,0.9,1.1,2.1,98.0,0.0,0.0,93.5,51
2023-11-22,balaghat,Balaghat Mine,Wednesday,11,1164,747,417,35.82,High,equipment_downtime,0.0,21.5,21.5,0.672,21.6,6.1,1.6,13.9,92.9,0.0,0.0,95.3,32
2023-11-23,balaghat,Balaghat Mine,Thursday,11,1159,999,160,13.81,Medium,equipment_downtime,0.0,16.3,21.4,0.663,5.5,1.1,1.1,3.3,98.0,0.5,0.0,87.1,38
2023-11-24,balaghat,Balaghat Mine,Friday,11,1129,935,194,17.18,Medium,equipment_downtime,0.0,11.6,21.3,0.66,6.0,1.4,1.4,3.2,98.0,0.0,0.0,93.4,37
2023-11-25,balaghat,Balaghat Mine,Saturday,11,1160,1116,44,3.79,Low,equipment_downtime,0.0,15.8,22.8,0.665,5.0,0.5,1.7,2.8,98.0,0.0,0.0,96.5,44
2023-11-26,balaghat,Balaghat Mine,Sunday,11,1135,1098,37,3.26,Low,equipment_downtime,0.0,18.0,18.6,0.65,3.9,1.4,1.0,1.5,98.0,0.0,0.0,95.7,44
2023-11-27,balaghat,Balaghat Mine,Monday,11,1165,1072,93,7.98,Medium,equipment_downtime,0.0,13.7,22.6,0.607,5.3,0.4,0.8,4.1,98.0,0.0,0.0,99.0,43
2023-11-28,balaghat,Balaghat Mine,Tuesday,11,1122,1147,0,0.0,Low,nominal_operations,0.0,15.6,22.9,0.633,3.9,0.6,0.7,2.6,98.0,0.0,0.0,92.8,47
2023-11-29,balaghat,Balaghat Mine,Wednesday,11,1166,967,199,17.07,Medium,equipment_downtime,0.0,11.7,23.1,0.604,5.3,1.2,1.6,2.5,98.0,0.0,0.0,88.7,40
2023-11-30,balaghat,Balaghat Mine,Thursday,11,1129,1062,67,5.93,Low,equipment_downtime,0.0,18.2,20.4,0.551,3.8,1.1,0.7,2.0,98.0,0.0,0.0,92.9,41
2023-12-01,balaghat,Balaghat Mine,Friday,12,1217,1073,144,11.83,Medium,equipment_downtime,0.0,13.7,27.0,0.606,5.3,1.1,1.0,3.2,98.0,0.0,0.0,99.0,45
2023-12-02,balaghat,Balaghat Mine,Saturday,12,1187,584,603,50.8,High,equipment_downtime,2.4,18.2,23.2,0.581,23.2,10.5,0.3,12.4,92.3,0.0,0.0,84.3,22
2023-12-03,balaghat,Balaghat Mine,Sunday,12,1237,1083,154,12.45,Medium,equipment_downtime,0.0,15.5,22.4,0.571,5.3,1.2,1.5,2.6,98.0,0.0,0.0,93.6,47
2023-12-04,balaghat,Balaghat Mine,Monday,12,1189,951,238,20.02,High,equipment_downtime,0.0,12.5,22.8,0.604,6.5,0.4,2.1,4.0,97.9,1.6,0.0,90.3,36
2023-12-05,balaghat,Balaghat Mine,Tuesday,12,1177,927,250,21.24,High,equipment_downtime,6.6,20.5,23.0,0.538,5.9,1.1,1.9,2.9,98.0,0.8,0.0,93.9,37
2023-12-06,balaghat,Balaghat Mine,Wednesday,12,1196,1042,154,12.88,Medium,equipment_downtime,0.0,15.1,25.0,0.535,5.8,0.5,1.9,3.4,98.0,0.0,0.0,91.3,42
2023-12-07,balaghat,Balaghat Mine,Thursday,12,1222,1072,150,12.27,Medium,equipment_downtime,0.0,16.7,20.8,0.58,4.4,0.4,1.6,2.4,98.0,0.0,0.0,89.1,44
2023-12-08,balaghat,Balaghat Mine,Friday,12,1238,1037,201,16.24,Medium,equipment_downtime,0.0,17.3,21.4,0.53,4.9,0.5,1.3,3.1,98.0,0.0,0.0,96.5,40
2023-12-09,balaghat,Balaghat Mine,Saturday,12,1219,1061,158,12.96,Medium,equipment_downtime,0.0,16.8,25.9,0.563,6.7,0.8,2.2,3.7,97.8,0.0,0.0,90.3,43
2023-12-10,balaghat,Balaghat Mine,Sunday,12,1163,988,175,15.05,Medium,equipment_downtime,0.0,18.8,25.5,0.539,6.5,0.6,1.5,4.4,97.9,0.0,0.0,92.0,38
2023-12-11,balaghat,Balaghat Mine,Monday,12,1202,1111,91,7.57,Medium,equipment_downtime,0.0,16.1,21.7,0.611,2.8,0.6,1.1,1.1,98.0,0.0,0.0,90.0,45
2023-12-12,balaghat,Balaghat Mine,Tuesday,12,1231,980,251,20.39,High,equipment_downtime,0.0,20.3,23.3,0.562,10.3,2.2,1.5,6.6,96.6,0.0,0.0,92.7,40
2023-12-13,balaghat,Balaghat Mine,Wednesday,12,1149,991,158,13.75,Medium,equipment_downtime,0.0,18.2,21.1,0.548,5.3,0.4,0.5,4.4,98.0,0.0,0.0,94.9,41
2023-12-14,balaghat,Balaghat Mine,Thursday,12,1174,1015,159,13.54,Medium,equipment_downtime,0.0,15.4,22.2,0.567,6.2,1.5,0.8,3.9,97.9,0.0,0.0,95.9,39
2023-12-15,balaghat,Balaghat Mine,Friday,12,1240,1143,97,7.82,Medium,equipment_downtime,0.0,17.7,23.8,0.557,4.3,0.2,1.6,2.5,98.0,0.0,0.0,95.2,47
2023-12-16,balaghat,Balaghat Mine,Saturday,12,1195,992,203,16.99,Medium,equipment_downtime,0.0,15.2,24.0,0.562,5.1,1.1,1.2,2.8,98.0,0.0,0.0,94.8,42
2023-12-17,balaghat,Balaghat Mine,Sunday,12,1204,1113,91,7.56,Medium,equipment_downtime,2.0,16.2,24.3,0.574,5.6,1.5,1.1,3.0,98.0,0.0,0.0,98.1,43
2023-12-18,balaghat,Balaghat Mine,Monday,12,1210,1135,75,6.2,Medium,equipment_downtime,0.0,21.0,26.1,0.589,4.8,0.2,0.5,4.1,98.0,0.0,0.0,92.4,46
2023-12-19,balaghat,Balaghat Mine,Tuesday,12,1192,1158,34,2.85,Low,equipment_downtime,0.0,19.5,19.7,0.525,3.3,0.8,0.5,2.0,98.0,0.0,0.0,95.4,48
2023-12-20,balaghat,Balaghat Mine,Wednesday,12,1209,1004,205,16.96,Medium,equipment_downtime,0.0,16.0,25.4,0.569,6.8,1.4,1.4,4.0,97.8,0.0,0.0,87.4,37
2023-12-21,balaghat,Balaghat Mine,Thursday,12,1206,796,410,34.0,High,equipment_downtime,0.0,15.6,24.3,0.521,19.0,5.4,4.6,9.0,93.7,0.0,0.0,93.9,30
2023-12-22,balaghat,Balaghat Mine,Friday,12,1214,1103,111,9.14,Medium,equipment_downtime,0.0,15.1,22.5,0.586,5.6,1.1,0.8,3.7,98.0,0.0,0.0,92.2,43
2023-12-23,balaghat,Balaghat Mine,Saturday,12,1205,1096,109,9.05,Medium,equipment_downtime,0.0,15.4,24.7,0.613,5.7,1.2,0.8,3.7,98.0,0.0,0.0,93.8,43
2023-12-24,balaghat,Balaghat Mine,Sunday,12,1202,611,591,49.17,High,equipment_downtime,0.0,16.0,21.0,0.518,26.6,19.8,0.3,6.5,91.2,0.0,0.0,99.0,23
2023-12-25,balaghat,Balaghat Mine,Monday,12,1235,1055,180,14.57,Medium,equipment_downtime,0.0,10.3,24.1,0.476,6.1,0.3,1.9,3.9,98.0,0.0,0.0,89.8,39
2023-12-26,balaghat,Balaghat Mine,Tuesday,12,1191,1046,145,12.17,Medium,equipment_downtime,0.0,13.4,21.8,0.502,4.0,0.5,0.4,3.1,98.0,0.0,0.0,94.1,41
2023-12-27,balaghat,Balaghat Mine,Wednesday,12,1196,991,205,17.14,Medium,equipment_downtime,0.0,13.5,21.8,0.557,6.7,1.3,1.7,3.7,97.8,0.0,0.0,87.7,43
2023-12-28,balaghat,Balaghat Mine,Thursday,12,1223,936,287,23.47,High,equipment_downtime,0.0,16.4,22.8,0.583,12.4,2.0,0.6,9.8,95.9,0.0,0.0,91.3,35
2023-12-29,balaghat,Balaghat Mine,Friday,12,1231,801,430,34.93,High,equipment_downtime,0.0,20.3,23.4,0.532,17.5,0.7,14.4,2.4,94.2,0.0,0.0,97.7,32
2023-12-30,balaghat,Balaghat Mine,Saturday,12,1194,934,260,21.78,High,equipment_downtime,0.0,16.2,19.9,0.56,6.4,0.7,1.5,4.2,97.9,0.0,0.0,88.6,42
2023-12-31,balaghat,Balaghat Mine,Sunday,12,1181,1107,74,6.27,Medium,equipment_downtime,0.0,9.6,24.6,0.516,4.0,0.7,1.6,1.7,98.0,0.0,0.0,92.3,42
2024-01-01,balaghat,Balaghat Mine,Monday,1,1219,1063,156,12.8,Medium,equipment_downtime,0.0,19.3,24.2,0.531,4.9,1.2,1.4,2.3,98.0,0.0,0.0,92.2,45
2024-01-02,balaghat,Balaghat Mine,Tuesday,1,1261,1185,76,6.03,Medium,equipment_downtime,0.0,17.3,25.9,0.468,4.9,0.9,1.9,2.1,98.0,0.0,0.0,94.6,49
2024-01-03,balaghat,Balaghat Mine,Wednesday,1,1232,1010,222,18.02,High,equipment_downtime,0.0,16.3,27.0,0.464,5.3,0.6,1.7,3.0,98.0,0.0,0.0,88.9,41
2024-01-04,balaghat,Balaghat Mine,Thursday,1,1282,1017,265,20.67,High,labor_attendance,0.0,12.1,19.4,0.473,3.7,0.4,1.3,2.0,98.0,0.0,0.0,83.2,38
2024-01-05,balaghat,Balaghat Mine,Friday,1,1232,1147,85,6.9,Medium,equipment_downtime,0.0,14.5,21.5,0.476,2.0,0.3,0.6,1.1,98.0,0.0,0.0,98.7,50
2024-01-06,balaghat,Balaghat Mine,Saturday,1,1230,1104,126,10.24,Medium,equipment_downtime,0.0,14.5,27.4,0.51,6.1,1.2,0.5,4.4,98.0,0.0,0.0,89.5,46
2024-01-07,balaghat,Balaghat Mine,Sunday,1,1242,1082,160,12.88,Medium,equipment_downtime,0.0,13.4,25.2,0.526,4.5,1.0,1.6,1.9,98.0,0.0,0.0,88.7,42
2024-01-08,balaghat,Balaghat Mine,Monday,1,1270,1104,166,13.07,Medium,equipment_downtime,0.0,16.2,22.5,0.48,5.5,1.4,0.5,3.6,98.0,0.0,0.0,99.0,45
2024-01-09,balaghat,Balaghat Mine,Tuesday,1,1208,1173,35,2.9,Low,equipment_downtime,0.0,15.3,23.2,0.564,2.7,0.3,0.2,2.2,98.0,0.0,0.0,98.5,46
2024-01-10,balaghat,Balaghat Mine,Wednesday,1,1219,1166,53,4.35,Low,equipment_downtime,0.0,14.5,24.5,0.493,3.7,0.2,0.4,3.1,98.0,0.0,0.0,98.2,48
2024-01-11,balaghat,Balaghat Mine,Thursday,1,1249,1054,195,15.61,Medium,equipment_downtime,0.0,15.1,25.1,0.521,4.4,0.6,0.3,3.5,98.0,0.0,0.0,87.7,44
2024-01-12,balaghat,Balaghat Mine,Friday,1,1258,1168,90,7.15,Medium,equipment_downtime,0.0,18.5,25.5,0.551,2.7,1.1,0.5,1.1,98.0,0.0,0.0,89.6,47
2024-01-13,balaghat,Balaghat Mine,Saturday,1,1274,1014,260,20.41,High,equipment_downtime,0.0,12.1,23.5,0.487,5.9,0.9,1.3,3.7,98.0,0.0,0.0,86.5,41
2024-01-14,balaghat,Balaghat Mine,Sunday,1,1233,1098,135,10.95,Medium,equipment_downtime,0.0,20.9,23.6,0.531,4.6,1.1,1.8,1.7,98.0,0.0,0.0,87.7,44
2024-01-15,balaghat,Balaghat Mine,Monday,1,1253,1173,80,6.38,Medium,equipment_downtime,7.0,20.3,24.8,0.504,3.6,1.2,0.5,1.9,98.0,0.0,0.0,88.3,46
2024-01-16,balaghat,Balaghat Mine,Tuesday,1,1261,1040,221,17.53,Medium,equipment_downtime,4.8,17.9,27.1,0.441,6.2,0.8,1.4,4.0,97.9,0.0,0.0,85.8,41
2024-01-17,balaghat,Balaghat Mine,Wednesday,1,1235,852,383,31.01,High,equipment_downtime,0.0,18.8,25.1,0.474,6.0,1.2,0.5,4.3,98.0,2.0,0.0,85.1,36
2024-01-18,balaghat,Balaghat Mine,Thursday,1,1205,1152,53,4.4,Low,equipment_downtime,0.0,13.5,26.0,0.394,3.0,0.3,1.1,1.6,98.0,0.0,0.0,95.4,45
2024-01-19,balaghat,Balaghat Mine,Friday,1,1249,1023,226,18.09,High,equipment_downtime,0.0,15.2,27.1,0.519,8.7,4.5,1.5,2.7,97.1,0.0,0.0,91.0,39
2024-01-20,balaghat,Balaghat Mine,Saturday,1,1214,1000,214,17.63,Medium,equipment_downtime,0.0,16.4,27.3,0.457,5.8,1.3,1.0,3.5,98.0,0.0,0.0,86.7,36
2024-01-21,balaghat,Balaghat Mine,Sunday,1,1255,1130,125,9.96,Medium,equipment_downtime,0.0,14.5,26.8,0.474,7.6,1.4,1.9,4.3,97.5,0.0,0.0,97.6,44
2024-01-22,balaghat,Balaghat Mine,Monday,1,1260,1216,44,3.49,Low,equipment_downtime,0.0,18.1,28.6,0.427,5.2,0.4,1.4,3.4,98.0,0.0,0.0,97.0,48
2024-01-23,balaghat,Balaghat Mine,Tuesday,1,1271,1166,105,8.26,Medium,equipment_downtime,0.0,13.5,26.6,0.411,3.3,0.8,0.2,2.3,98.0,0.0,0.0,93.2,45
2024-01-24,balaghat,Balaghat Mine,Wednesday,1,1242,1118,124,9.98,Medium,equipment_downtime,0.0,10.8,24.0,0.451,4.8,0.3,1.5,3.0,98.0,0.0,0.0,96.8,49
2024-01-25,balaghat,Balaghat Mine,Thursday,1,1290,1180,110,8.53,Medium,equipment_downtime,0.0,17.5,21.6,0.448,6.0,0.3,3.5,2.2,98.0,0.0,0.0,91.0,48
2024-01-26,balaghat,Balaghat Mine,Friday,1,1186,1051,135,11.38,Medium,equipment_downtime,0.0,13.5,25.5,0.358,3.9,1.4,0.8,1.7,98.0,0.0,0.0,91.1,38
2024-01-27,balaghat,Balaghat Mine,Saturday,1,1272,1206,66,5.19,Low,equipment_downtime,0.0,15.5,27.8,0.417,3.7,1.3,1.2,1.2,98.0,0.0,0.0,95.3,49
2024-01-28,balaghat,Balaghat Mine,Sunday,1,1284,1208,76,5.92,Low,equipment_downtime,0.0,19.2,29.1,0.471,2.5,0.9,0.4,1.2,98.0,0.0,0.0,93.2,49
2024-01-29,balaghat,Balaghat Mine,Monday,1,1273,1139,134,10.53,Medium,equipment_downtime,0.0,14.9,25.7,0.444,4.1,1.0,1.6,1.5,98.0,0.0,0.0,92.4,43
2024-01-30,balaghat,Balaghat Mine,Tuesday,1,1252,1103,149,11.9,Medium,equipment_downtime,0.0,15.5,28.4,0.38,6.9,0.9,1.7,4.3,97.7,0.0,0.0,94.8,44
2024-01-31,balaghat,Balaghat Mine,Wednesday,1,1241,1125,116,9.35,Medium,equipment_downtime,0.0,17.8,28.9,0.438,5.6,1.4,1.7,2.5,98.0,0.0,0.0,94.1,49
2024-02-01,balaghat,Balaghat Mine,Thursday,2,1364,1271,93,6.82,Medium,equipment_downtime,0.0,15.7,28.3,0.378,5.7,2.1,1.5,2.1,98.0,0.0,0.0,96.1,50
2024-02-02,balaghat,Balaghat Mine,Friday,2,1292,1272,20,1.55,Low,nominal_operations,0.0,16.9,29.2,0.37,2.2,0.2,0.7,1.3,98.0,0.0,0.0,93.9,53
2024-02-03,balaghat,Balaghat Mine,Saturday,2,1317,1195,122,9.26,Medium,equipment_downtime,0.0,14.7,28.3,0.401,3.7,0.7,0.3,2.7,98.0,0.0,0.0,89.9,50
2024-02-04,balaghat,Balaghat Mine,Sunday,2,1290,1150,140,10.85,Medium,equipment_downtime,0.0,16.4,26.5,0.431,6.6,1.1,1.8,3.7,97.8,0.0,0.0,95.0,48
2024-02-05,balaghat,Balaghat Mine,Monday,2,1299,1166,133,10.24,Medium,equipment_downtime,1.8,14.5,28.1,0.396,4.3,1.3,1.5,1.5,98.0,0.0,0.0,94.3,47
2024-02-06,balaghat,Balaghat Mine,Tuesday,2,1279,1163,116,9.07,Medium,equipment_downtime,0.0,16.9,25.3,0.396,5.7,0.6,1.7,3.4,98.0,0.0,0.0,96.4,48
2024-02-07,balaghat,Balaghat Mine,Wednesday,2,1293,1267,26,2.01,Low,equipment_downtime,0.0,10.1,28.9,0.323,2.6,0.4,0.6,1.6,98.0,0.0,0.0,96.3,51
2024-02-08,balaghat,Balaghat Mine,Thursday,2,1274,1163,111,8.71,Medium,equipment_downtime,0.0,19.1,26.9,0.356,3.6,0.7,1.4,1.5,98.0,0.0,0.0,97.1,49
2024-02-09,balaghat,Balaghat Mine,Friday,2,1336,1268,68,5.09,Low,equipment_downtime,0.0,16.0,28.1,0.325,2.9,0.5,0.9,1.5,98.0,0.0,0.0,92.5,52
2024-02-10,balaghat,Balaghat Mine,Saturday,2,1292,1062,230,17.8,Medium,equipment_downtime,0.0,17.5,28.4,0.36,5.8,0.3,1.1,4.4,98.0,0.0,0.0,93.2,41
2024-02-11,balaghat,Balaghat Mine,Sunday,2,1282,1144,138,10.76,Medium,equipment_downtime,0.0,19.3,28.4,0.399,3.7,0.4,0.9,2.4,98.0,0.0,0.0,90.7,47
2024-02-12,balaghat,Balaghat Mine,Monday,2,1282,1179,103,8.03,Medium,equipment_downtime,0.0,13.5,28.1,0.322,3.7,0.9,1.5,1.3,98.0,0.0,0.0,90.2,46
2024-02-13,balaghat,Balaghat Mine,Tuesday,2,1306,1150,156,11.94,Medium,equipment_downtime,0.0,20.6,26.8,0.351,6.5,1.4,1.6,3.5,97.9,0.0,0.0,91.7,46
2024-02-14,balaghat,Balaghat Mine,Wednesday,2,1339,1322,17,1.27,Low,nominal_operations,0.0,18.7,24.6,0.337,3.0,0.4,0.8,1.8,98.0,0.0,0.0,99.0,57
2024-02-15,balaghat,Balaghat Mine,Thursday,2,1281,1111,170,13.27,Medium,equipment_downtime,0.0,15.7,30.0,0.377,7.1,0.8,1.9,4.4,97.7,0.0,0.0,95.5,47
2024-02-16,balaghat,Balaghat Mine,Friday,2,1321,1188,133,10.07,Medium,equipment_downtime,0.0,18.3,29.8,0.371,4.4,1.5,1.1,1.8,98.0,0.0,0.0,86.4,49
2024-02-17,balaghat,Balaghat Mine,Saturday,2,1356,915,441,32.52,High,equipment_downtime,3.5,20.0,25.8,0.365,15.4,4.5,1.5,9.4,94.9,0.0,0.0,90.0,35
2024-02-18,balaghat,Balaghat Mine,Sunday,2,1323,1286,37,2.8,Low,equipment_downtime,12.1,20.0,27.0,0.286,3.2,0.9,0.8,1.5,98.0,0.0,0.0,99.0,52
2024-02-19,balaghat,Balaghat Mine,Monday,2,1332,1160,172,12.91,Medium,equipment_downtime,0.0,19.0,30.5,0.36,5.8,1.3,0.7,3.8,98.0,0.0,0.0,93.4,47
2024-02-20,balaghat,Balaghat Mine,Tuesday,2,1271,1050,221,17.39,Medium,equipment_downtime,0.0,15.5,31.8,0.319,5.5,1.5,1.6,2.4,98.0,0.0,0.0,99.0,40
2024-02-21,balaghat,Balaghat Mine,Wednesday,2,1303,1202,101,7.75,Medium,equipment_downtime,0.0,18.5,31.9,0.338,6.1,1.3,1.1,3.7,98.0,0.0,0.0,88.7,52
2024-02-22,balaghat,Balaghat Mine,Thursday,2,1280,919,361,28.2,High,equipment_downtime,0.0,19.0,28.5,0.386,10.7,6.9,1.7,2.1,96.5,0.0,0.0,84.5,39
2024-02-23,balaghat,Balaghat Mine,Friday,2,1305,1254,51,3.91,Low,equipment_downtime,0.0,11.4,30.4,0.296,4.3,1.1,1.4,1.8,98.0,0.0,0.0,92.6,49
2024-02-24,balaghat,Balaghat Mine,Saturday,2,1321,1152,169,12.79,Medium,equipment_downtime,0.0,16.5,27.2,0.241,7.0,0.7,1.9,4.4,97.7,0.6,0.0,90.8,45
2024-02-25,balaghat,Balaghat Mine,Sunday,2,1290,1159,131,10.16,Medium,equipment_downtime,0.0,13.3,24.5,0.238,5.5,0.3,1.4,3.8,98.0,0.0,0.0,93.7,48
2024-02-26,balaghat,Balaghat Mine,Monday,2,1309,1208,101,7.72,Medium,equipment_downtime,0.0,15.5,28.0,0.288,4.7,0.5,1.9,2.3,98.0,0.0,0.0,92.0,48
2024-02-27,balaghat,Balaghat Mine,Tuesday,2,1283,1159,124,9.66,Medium,equipment_downtime,0.7,15.2,30.6,0.245,5.6,0.2,1.3,4.1,98.0,0.0,0.0,92.7,47
2024-02-28,balaghat,Balaghat Mine,Wednesday,2,1318,1276,42,3.19,Low,equipment_downtime,0.0,14.8,31.7,0.33,3.7,1.1,1.5,1.1,98.0,0.0,0.0,93.7,49
2024-02-29,balaghat,Balaghat Mine,Thursday,2,1294,1134,160,12.36,Medium,equipment_downtime,0.0,15.8,32.8,0.368,6.7,0.2,5.1,1.4,97.8,0.0,0.0,96.2,44
2024-03-01,balaghat,Balaghat Mine,Friday,3,1362,1247,115,8.44,Medium,equipment_downtime,4.2,19.3,29.5,0.335,4.9,1.0,1.8,2.1,98.0,0.0,0.0,94.2,50
2024-03-02,balaghat,Balaghat Mine,Saturday,3,1346,1140,206,15.3,Medium,equipment_downtime,0.0,14.6,31.0,0.318,6.7,1.5,1.7,3.5,97.8,0.0,0.0,89.6,44
2024-03-03,balaghat,Balaghat Mine,Sunday,3,1277,1135,142,11.12,Medium,equipment_downtime,0.0,19.1,29.3,0.229,4.8,0.5,2.9,1.4,98.0,0.0,0.0,87.7,47
2024-03-04,balaghat,Balaghat Mine,Monday,3,1341,1110,231,17.23,Medium,equipment_downtime,0.0,11.3,28.7,0.4,8.3,1.0,4.6,2.7,97.3,0.0,0.0,92.1,43
2024-03-05,balaghat,Balaghat Mine,Tuesday,3,1318,1201,117,8.88,Medium,equipment_downtime,0.0,19.9,34.9,0.3,4.9,0.7,1.1,3.1,98.0,0.0,0.0,92.6,47
2024-03-06,balaghat,Balaghat Mine,Wednesday,3,1320,1111,209,15.83,Medium,equipment_downtime,0.0,18.7,28.8,0.244,3.8,1.4,0.6,1.8,98.0,1.1,0.0,90.6,44
2024-03-07,balaghat,Balaghat Mine,Thursday,3,1318,1224,94,7.13,Medium,equipment_downtime,0.0,15.7,33.1,0.245,2.8,0.9,0.3,1.6,98.0,0.0,0.0,92.4,50
2024-03-08,balaghat,Balaghat Mine,Friday,3,1309,1162,147,11.23,Medium,equipment_downtime,0.0,13.8,29.3,0.307,5.6,1.4,1.3,2.9,98.0,0.0,0.0,91.7,44
2024-03-09,balaghat,Balaghat Mine,Saturday,3,1342,1124,218,16.24,Medium,equipment_downtime,0.0,16.1,32.0,0.379,5.5,0.4,1.3,3.8,98.0,0.0,0.0,88.3,43
2024-03-10,balaghat,Balaghat Mine,Sunday,3,1364,1154,210,15.4,Medium,equipment_downtime,0.0,15.3,33.8,0.27,5.7,0.8,1.3,3.6,98.0,0.0,0.0,96.5,48
2024-03-11,balaghat,Balaghat Mine,Monday,3,1388,1240,148,10.66,Medium,labor_attendance,0.0,18.9,34.5,0.203,2.6,0.6,0.3,1.7,98.0,0.0,0.0,86.8,51
2024-03-12,balaghat,Balaghat Mine,Tuesday,3,1330,1172,158,11.88,Medium,equipment_downtime,0.0,15.9,32.5,0.21,5.8,0.7,1.8,3.3,98.0,0.0,0.0,97.8,49
2024-03-13,balaghat,Balaghat Mine,Wednesday,3,1359,1271,88,6.48,Medium,equipment_downtime,0.0,14.7,30.0,0.288,3.2,0.2,1.9,1.1,98.0,0.0,0.0,96.8,53
2024-03-14,balaghat,Balaghat Mine,Thursday,3,1338,1048,290,21.67,High,equipment_downtime,0.0,17.1,32.3,0.258,10.5,1.1,6.9,2.5,96.5,0.0,0.0,93.3,46
2024-03-15,balaghat,Balaghat Mine,Friday,3,1345,1167,178,13.23,Medium,labor_attendance,0.0,17.5,35.9,0.261,3.7,0.8,1.7,1.2,98.0,0.0,0.0,86.0,50
2024-03-16,balaghat,Balaghat Mine,Saturday,3,1331,1142,189,14.2,Medium,labor_attendance,0.0,15.9,32.2,0.211,3.4,0.6,1.2,1.6,98.0,0.0,0.0,86.3,45
2024-03-17,balaghat,Balaghat Mine,Sunday,3,1343,1011,332,24.72,High,equipment_downtime,0.0,21.6,29.6,0.197,15.2,2.9,7.0,5.3,95.0,0.0,0.0,92.7,37
2024-03-18,balaghat,Balaghat Mine,Monday,3,1350,1213,137,10.15,Medium,equipment_downtime,0.0,23.4,39.1,0.295,3.9,0.4,1.9,1.6,98.0,0.0,0.0,95.5,49
2024-03-19,balaghat,Balaghat Mine,Tuesday,3,1320,1237,83,6.29,Medium,equipment_downtime,0.0,14.1,34.0,0.248,3.8,1.4,1.3,1.1,98.0,0.0,0.0,88.5,50
2024-03-20,balaghat,Balaghat Mine,Wednesday,3,1317,1057,260,19.74,High,equipment_downtime,0.0,14.0,34.2,0.287,4.8,1.5,1.6,1.7,98.0,1.8,0.0,93.6,43
2024-03-21,balaghat,Balaghat Mine,Thursday,3,1327,1171,156,11.76,Medium,equipment_downtime,1.3,15.8,36.6,0.305,3.6,1.1,0.3,2.2,98.0,0.0,0.0,92.5,47
2024-03-22,balaghat,Balaghat Mine,Friday,3,1375,1253,122,8.87,Medium,equipment_downtime,0.0,16.8,37.2,0.18,4.6,0.6,0.9,3.1,98.0,0.0,0.0,88.3,50
2024-03-23,balaghat,Balaghat Mine,Saturday,3,1328,733,595,44.8,High,equipment_downtime,0.0,11.6,34.2,0.215,23.4,10.6,2.0,10.8,92.3,0.0,0.0,93.1,28
2024-03-24,balaghat,Balaghat Mine,Sunday,3,1381,1293,88,6.37,Medium,equipment_downtime,0.0,18.4,35.7,0.276,5.6,1.3,1.2,3.1,98.0,0.0,0.0,91.0,54
2024-03-25,balaghat,Balaghat Mine,Monday,3,1331,1111,220,16.53,Medium,equipment_downtime,0.0,19.8,34.8,0.214,4.2,0.4,1.2,2.6,98.0,0.0,0.0,86.6,45
2024-03-26,balaghat,Balaghat Mine,Tuesday,3,1312,859,453,34.53,High,equipment_downtime,0.0,16.3,34.7,0.209,15.5,5.4,0.8,9.3,94.9,0.0,0.0,87.5,35
2024-03-27,balaghat,Balaghat Mine,Wednesday,3,1311,668,643,49.05,High,equipment_downtime,0.0,16.0,35.2,0.236,24.2,1.4,1.3,21.5,92.0,0.0,0.0,88.9,25
2024-03-28,balaghat,Balaghat Mine,Thursday,3,1322,1180,142,10.74,Medium,equipment_downtime,0.0,15.9,35.5,0.214,3.4,1.4,1.0,1.0,98.0,0.0,0.0,89.7,45
2024-03-29,balaghat,Balaghat Mine,Friday,3,1341,1176,165,12.3,Medium,labor_attendance,0.0,12.7,38.9,0.231,4.5,1.4,1.1,2.0,98.0,0.1,0.0,84.0,47
2024-03-30,balaghat,Balaghat Mine,Saturday,3,1342,1114,228,16.99,Medium,equipment_downtime,0.0,14.3,36.5,0.212,3.6,0.4,0.5,2.7,98.0,0.0,0.0,88.5,42
2024-03-31,balaghat,Balaghat Mine,Sunday,3,1359,1260,99,7.28,Medium,equipment_downtime,0.0,15.6,37.3,0.201,7.0,0.8,3.2,3.0,97.7,0.0,0.0,98.5,54
2024-04-01,balaghat,Balaghat Mine,Monday,4,1332,1146,186,13.96,Medium,equipment_downtime,0.0,13.3,34.1,0.238,4.6,1.3,0.5,2.8,98.0,1.2,0.0,97.5,49
2024-04-02,balaghat,Balaghat Mine,Tuesday,4,1339,1171,168,12.55,Medium,equipment_downtime,0.0,19.4,36.5,0.252,5.3,0.5,0.7,4.1,98.0,0.0,0.0,93.7,46
2024-04-03,balaghat,Balaghat Mine,Wednesday,4,1325,1176,149,11.25,Medium,equipment_downtime,0.0,19.6,35.8,0.211,4.1,0.3,0.6,3.2,98.0,1.4,0.0,97.1,50
2024-04-04,balaghat,Balaghat Mine,Thursday,4,1344,1255,89,6.62,Medium,equipment_downtime,0.0,14.4,32.2,0.19,2.5,0.7,0.7,1.1,98.0,0.0,0.0,92.6,50
2024-04-05,balaghat,Balaghat Mine,Friday,4,1329,1181,148,11.14,Medium,equipment_downtime,0.0,19.4,31.7,0.298,4.4,0.7,0.5,3.2,98.0,0.0,0.0,96.5,46
2024-04-06,balaghat,Balaghat Mine,Saturday,4,1354,1186,168,12.41,Medium,equipment_downtime,0.0,13.6,38.0,0.225,5.4,0.3,1.6,3.5,98.0,0.0,0.0,89.4,48
2024-04-07,balaghat,Balaghat Mine,Sunday,4,1346,884,462,34.32,High,equipment_downtime,0.0,15.8,36.2,0.236,21.5,3.4,1.0,17.1,92.9,0.0,0.0,91.9,35
2024-04-08,balaghat,Balaghat Mine,Monday,4,1367,1168,199,14.56,Medium,equipment_downtime,0.0,14.9,35.9,0.251,6.1,0.7,1.8,3.6,98.0,0.8,0.0,96.3,45
2024-04-09,balaghat,Balaghat Mine,Tuesday,4,1422,971,451,31.72,High,equipment_downtime,0.0,17.2,33.8,0.214,16.4,0.5,1.7,14.2,94.6,0.0,0.0,88.0,33
2024-04-10,balaghat,Balaghat Mine,Wednesday,4,1306,1007,299,22.89,High,equipment_downtime,0.0,16.6,37.0,0.235,8.7,0.3,5.8,2.6,97.1,0.0,0.0,88.2,39
2024-04-11,balaghat,Balaghat Mine,Thursday,4,1331,1125,206,15.48,Medium,equipment_downtime,0.0,15.5,35.7,0.229,6.4,1.4,1.2,3.8,97.9,0.0,0.0,99.0,45
2024-04-12,balaghat,Balaghat Mine,Friday,4,1372,1328,44,3.21,Low,equipment_downtime,0.0,10.9,38.2,0.19,4.0,0.9,1.1,2.0,98.0,0.0,0.0,92.4,53
2024-04-13,balaghat,Balaghat Mine,Saturday,4,1321,1134,187,14.16,Medium,equipment_downtime,0.0,15.3,38.8,0.244,9.2,1.7,1.0,6.5,97.0,0.0,0.0,94.8,45
2024-04-14,balaghat,Balaghat Mine,Sunday,4,1339,1124,215,16.06,Medium,equipment_downtime,0.0,16.8,37.8,0.18,6.5,1.4,1.3,3.8,97.9,0.0,0.0,85.5,45
2024-04-15,balaghat,Balaghat Mine,Monday,4,1343,1137,206,15.34,Medium,equipment_downtime,5.8,16.4,37.6,0.18,6.3,1.3,1.5,3.5,97.9,0.0,0.0,88.3,48
2024-04-16,balaghat,Balaghat Mine,Tuesday,4,1337,1222,115,8.6,Medium,equipment_downtime,0.0,11.1,35.0,0.18,6.5,1.2,1.0,4.3,97.9,0.0,0.0,94.2,46
2024-04-17,balaghat,Balaghat Mine,Wednesday,4,1340,1207,133,9.93,Medium,equipment_downtime,0.0,14.9,34.8,0.276,4.4,1.3,1.8,1.3,98.0,0.0,0.0,91.9,50
2024-04-18,balaghat,Balaghat Mine,Thursday,4,1349,1276,73,5.41,Low,equipment_downtime,0.0,16.4,38.9,0.206,5.0,1.1,0.4,3.5,98.0,0.0,0.0,88.7,50
2024-04-19,balaghat,Balaghat Mine,Friday,4,1374,1210,164,11.94,Medium,equipment_downtime,0.0,20.3,38.7,0.209,6.1,1.2,1.7,3.2,98.0,0.0,0.0,95.4,51
2024-04-20,balaghat,Balaghat Mine,Saturday,4,1348,1267,81,6.01,Medium,equipment_downtime,0.0,15.3,36.7,0.189,4.5,1.5,0.8,2.2,98.0,0.0,0.0,89.9,52
2024-04-21,balaghat,Balaghat Mine,Sunday,4,1389,1236,153,11.02,Medium,equipment_downtime,0.0,14.1,37.8,0.18,4.5,0.5,1.3,2.7,98.0,0.0,0.0,89.6,50
2024-04-22,balaghat,Balaghat Mine,Monday,4,1369,1223,146,10.66,Medium,equipment_downtime,0.0,17.5,39.7,0.18,4.3,1.4,1.7,1.2,98.0,0.0,0.0,91.7,50
2024-04-23,balaghat,Balaghat Mine,Tuesday,4,1372,1266,106,7.73,Medium,equipment_downtime,0.0,17.5,36.3,0.18,4.4,0.6,1.0,2.8,98.0,0.0,0.0,89.9,53
2024-04-24,balaghat,Balaghat Mine,Wednesday,4,1344,1135,209,15.55,Medium,equipment_downtime,0.0,10.4,37.3,0.227,5.9,1.2,1.1,3.6,98.0,0.0,0.0,87.0,44
2024-04-25,balaghat,Balaghat Mine,Thursday,4,1357,1202,155,11.42,Medium,equipment_downtime,0.0,15.8,38.6,0.23,4.5,0.8,1.2,2.5,98.0,0.0,0.0,95.0,51
2024-04-26,balaghat,Balaghat Mine,Friday,4,1351,1136,215,15.91,Medium,equipment_downtime,0.0,12.9,35.5,0.268,6.5,1.2,1.7,3.6,97.9,0.0,0.0,88.5,44
2024-04-27,balaghat,Balaghat Mine,Saturday,4,1352,1263,89,6.58,Medium,equipment_downtime,0.0,9.0,37.1,0.18,5.4,0.4,0.9,4.1,98.0,0.0,0.0,92.9,51
2024-04-28,balaghat,Balaghat Mine,Sunday,4,1304,979,325,24.92,High,equipment_downtime,0.0,17.4,37.7,0.193,8.8,3.1,1.6,4.1,97.1,0.0,0.0,87.6,42
2024-04-29,balaghat,Balaghat Mine,Monday,4,1380,1185,195,14.13,Medium,equipment_downtime,0.0,18.3,37.3,0.18,4.5,1.4,1.7,1.4,98.0,0.0,0.0,87.9,47
2024-04-30,balaghat,Balaghat Mine,Tuesday,4,1389,1223,166,11.95,Medium,equipment_downtime,0.0,18.3,40.1,0.18,4.7,0.8,0.4,3.5,98.0,0.0,0.0,87.4,50
2024-05-01,balaghat,Balaghat Mine,Wednesday,5,1332,1138,194,14.56,Medium,equipment_downtime,0.0,15.3,40.2,0.21,6.4,0.3,2.1,4.0,97.9,0.0,0.0,95.1,45
2024-05-02,balaghat,Balaghat Mine,Thursday,5,1340,1295,45,3.36,Low,equipment_downtime,0.0,17.6,40.9,0.18,2.3,0.4,0.7,1.2,98.0,0.0,0.0,89.3,52
2024-05-03,balaghat,Balaghat Mine,Friday,5,1354,1261,93,6.87,Medium,equipment_downtime,0.0,12.3,41.4,0.221,3.7,0.7,0.4,2.6,98.0,0.0,0.0,93.8,53
2024-05-04,balaghat,Balaghat Mine,Saturday,5,1327,1104,223,16.8,Medium,equipment_downtime,0.0,17.5,34.5,0.238,5.7,0.2,2.0,3.5,98.0,0.0,0.0,99.0,44
2024-05-05,balaghat,Balaghat Mine,Sunday,5,1345,1267,78,5.8,Low,equipment_downtime,2.2,16.4,40.9,0.25,3.1,1.1,0.2,1.8,98.0,0.0,0.0,93.5,52
2024-05-06,balaghat,Balaghat Mine,Monday,5,1331,1202,129,9.69,Medium,equipment_downtime,0.0,17.7,38.3,0.18,3.0,0.3,1.4,1.3,98.0,0.0,0.0,91.4,50
2024-05-07,balaghat,Balaghat Mine,Tuesday,5,1353,1214,139,10.27,Medium,equipment_downtime,0.0,15.8,40.2,0.265,5.0,1.3,1.0,2.7,98.0,0.0,0.0,90.0,47
2024-05-08,balaghat,Balaghat Mine,Wednesday,5,1357,1245,112,8.25,Medium,equipment_downtime,0.0,16.2,39.6,0.18,3.7,0.6,0.9,2.2,98.0,0.0,0.0,94.0,49
2024-05-09,balaghat,Balaghat Mine,Thursday,5,1293,1154,139,10.75,Medium,equipment_downtime,0.0,11.7,41.3,0.18,4.9,0.5,0.9,3.5,98.0,0.0,0.0,91.0,48
2024-05-10,balaghat,Balaghat Mine,Friday,5,1346,1135,211,15.68,Medium,equipment_downtime,0.0,18.4,39.3,0.186,8.0,1.2,0.5,6.3,97.4,0.0,0.0,90.9,44
2024-05-11,balaghat,Balaghat Mine,Saturday,5,1364,1289,75,5.5,Low,equipment_downtime,0.0,14.0,38.2,0.202,5.1,1.4,0.8,2.9,98.0,0.0,0.0,92.0,53
2024-05-12,balaghat,Balaghat Mine,Sunday,5,1319,1284,35,2.65,Low,equipment_downtime,0.0,16.2,40.2,0.223,3.0,1.5,0.3,1.2,98.0,0.0,0.0,92.9,50
2024-05-13,balaghat,Balaghat Mine,Monday,5,1347,1181,166,12.32,Medium,equipment_downtime,0.0,17.1,38.9,0.243,6.9,1.2,1.5,4.2,97.7,0.0,0.0,92.8,45
2024-05-14,balaghat,Balaghat Mine,Tuesday,5,1333,1102,231,17.33,Medium,equipment_downtime,0.0,15.0,39.2,0.181,6.3,0.8,4.4,1.1,97.9,0.4,0.0,86.6,43
2024-05-15,balaghat,Balaghat Mine,Wednesday,5,1368,1015,353,25.8,High,equipment_downtime,0.0,21.6,38.7,0.186,15.9,12.6,0.6,2.7,94.7,0.0,0.0,95.1,36
2024-05-16,balaghat,Balaghat Mine,Thursday,5,1350,1215,135,10.0,Medium,equipment_downtime,0.0,11.9,36.8,0.23,5.8,1.5,1.4,2.9,98.0,0.0,0.0,90.8,47
2024-05-17,balaghat,Balaghat Mine,Friday,5,1363,1265,98,7.19,Medium,equipment_downtime,0.0,16.9,37.3,0.201,3.9,0.4,0.5,3.0,98.0,0.0,0.0,93.4,50
2024-05-18,balaghat,Balaghat Mine,Saturday,5,1356,1185,171,12.61,Medium,equipment_downtime,0.0,15.5,37.5,0.271,5.4,0.4,1.3,3.7,98.0,0.0,0.0,88.2,49
2024-05-19,balaghat,Balaghat Mine,Sunday,5,1348,1016,332,24.63,High,equipment_downtime,0.0,16.7,39.0,0.276,9.8,0.8,5.5,3.5,96.8,3.2,0.0,91.9,40
2024-05-20,balaghat,Balaghat Mine,Monday,5,1322,1167,155,11.72,Medium,equipment_downtime,0.0,20.3,37.1,0.233,6.8,1.0,1.8,4.0,97.8,0.7,0.0,91.6,48
2024-05-21,balaghat,Balaghat Mine,Tuesday,5,1383,857,526,38.03,High,equipment_downtime,0.0,16.3,39.2,0.226,18.1,1.0,12.7,4.4,94.0,1.1,0.0,88.1,35
2024-05-22,balaghat,Balaghat Mine,Wednesday,5,1327,1219,108,8.14,Medium,equipment_downtime,0.0,14.2,38.9,0.258,5.6,1.4,1.1,3.1,98.0,0.0,0.0,94.8,47
2024-05-23,balaghat,Balaghat Mine,Thursday,5,1295,1167,128,9.88,Medium,equipment_downtime,0.0,20.3,42.0,0.236,4.4,1.1,0.5,2.8,98.0,0.0,0.0,87.9,44
2024-05-24,balaghat,Balaghat Mine,Friday,5,1355,1163,192,14.17,Medium,equipment_downtime,0.0,20.4,41.3,0.187,3.7,0.3,0.5,2.9,98.0,0.0,0.0,89.0,46
2024-05-25,balaghat,Balaghat Mine,Saturday,5,1377,1408,0,0.0,Low,nominal_operations,0.0,20.2,38.4,0.211,4.2,0.6,1.7,1.9,98.0,0.0,0.0,93.1,56
2024-05-26,balaghat,Balaghat Mine,Sunday,5,1340,1219,121,9.03,Medium,equipment_downtime,0.0,18.5,41.6,0.22,3.8,1.0,1.2,1.6,98.0,0.0,0.0,94.3,49
2024-05-27,balaghat,Balaghat Mine,Monday,5,1307,1140,167,12.78,Medium,equipment_downtime,0.0,17.7,40.9,0.216,5.3,0.8,1.4,3.1,98.0,0.0,0.0,87.6,47
2024-05-28,balaghat,Balaghat Mine,Tuesday,5,1359,1037,322,23.69,High,equipment_downtime,6.6,20.2,39.3,0.246,6.3,1.0,1.4,3.9,97.9,1.7,0.0,88.1,40
2024-05-29,balaghat,Balaghat Mine,Wednesday,5,1333,1148,185,13.88,Medium,equipment_downtime,0.0,24.9,38.2,0.181,6.3,0.3,1.5,4.5,97.9,0.0,0.0,95.6,46
2024-05-30,balaghat,Balaghat Mine,Thursday,5,1305,1181,124,9.5,Medium,equipment_downtime,0.0,24.3,38.3,0.229,4.4,0.4,0.6,3.4,98.0,0.0,0.0,94.0,45
2024-05-31,balaghat,Balaghat Mine,Friday,5,1375,1235,140,10.18,Medium,equipment_downtime,0.0,19.0,40.6,0.312,4.1,0.6,0.5,3.0,98.0,0.0,0.0,94.0,50
2024-06-01,balaghat,Balaghat Mine,Saturday,6,1339,1192,147,10.98,Medium,equipment_downtime,12.7,20.9,40.5,0.18,5.7,1.1,1.4,3.2,98.0,0.0,0.0,92.0,50
2024-06-02,balaghat,Balaghat Mine,Sunday,6,1283,1063,220,17.15,Medium,blasting_delays,4.6,21.8,39.8,0.28,5.4,0.9,0.4,4.1,98.0,3.4,0.0,93.5,42
2024-06-03,balaghat,Balaghat Mine,Monday,6,1324,1212,112,8.46,Medium,equipment_downtime,2.6,22.8,39.9,0.261,6.3,1.3,1.1,3.9,97.9,0.7,0.0,99.0,47
2024-06-04,balaghat,Balaghat Mine,Tuesday,6,1293,284,1009,78.04,High,weather_stoppage,66.7,38.8,30.6,0.217,5.3,0.6,1.8,2.9,98.0,0.0,9.3,91.3,13
2024-06-05,balaghat,Balaghat Mine,Wednesday,6,1316,1140,176,13.37,Medium,equipment_downtime,2.7,21.4,40.7,0.233,3.9,0.9,1.3,1.7,98.0,0.0,0.0,95.9,47
2024-06-06,balaghat,Balaghat Mine,Thursday,6,1277,518,759,59.44,High,weather_stoppage,56.2,38.5,28.3,0.226,6.1,0.7,1.4,4.0,98.0,0.0,6.4,87.3,18
2024-06-07,balaghat,Balaghat Mine,Friday,6,1275,1058,217,17.02,Medium,equipment_downtime,1.7,23.3,39.4,0.193,4.4,1.2,1.9,1.3,98.0,0.8,0.0,92.3,42
2024-06-08,balaghat,Balaghat Mine,Saturday,6,1268,873,395,31.15,High,weather_stoppage,38.2,35.5,37.7,0.241,5.9,1.4,1.8,2.7,98.0,0.0,3.7,93.5,37
2024-06-09,balaghat,Balaghat Mine,Sunday,6,1339,1133,206,15.38,Medium,equipment_downtime,0.4,24.8,40.9,0.261,3.4,0.9,1.4,1.1,98.0,0.0,0.0,87.3,48
2024-06-10,balaghat,Balaghat Mine,Monday,6,1314,1249,65,4.95,Low,equipment_downtime,3.4,26.1,38.4,0.246,4.3,1.1,1.8,1.4,98.0,0.0,0.0,96.6,51
2024-06-11,balaghat,Balaghat Mine,Tuesday,6,1320,1109,211,15.98,Medium,equipment_downtime,1.7,24.7,37.0,0.318,5.1,1.3,1.3,2.5,98.0,0.0,0.0,89.8,46
2024-06-12,balaghat,Balaghat Mine,Wednesday,6,1310,1183,127,9.69,Medium,equipment_downtime,4.2,26.9,41.0,0.251,3.2,0.3,1.6,1.3,98.0,0.0,0.0,88.0,50
2024-06-13,balaghat,Balaghat Mine,Thursday,6,1315,1232,83,6.31,Medium,equipment_downtime,22.4,33.7,38.3,0.271,2.7,0.8,0.7,1.2,98.0,0.0,0.0,89.8,51
2024-06-14,balaghat,Balaghat Mine,Friday,6,1307,897,410,31.37,High,weather_stoppage,36.1,32.2,34.6,0.348,5.7,0.6,1.6,3.5,98.0,0.0,3.5,90.5,31
2024-06-15,balaghat,Balaghat Mine,Saturday,6,1304,1088,216,16.56,Medium,equipment_downtime,3.3,27.0,39.8,0.374,9.8,0.8,6.9,2.1,96.8,0.0,0.0,94.3,42
2024-06-16,balaghat,Balaghat Mine,Sunday,6,1324,1139,185,13.97,Medium,equipment_downtime,12.0,29.3,35.2,0.248,5.3,1.3,1.4,2.6,98.0,0.0,0.0,88.4,44
2024-06-17,balaghat,Balaghat Mine,Monday,6,1342,1175,167,12.44,Medium,equipment_downtime,15.8,33.7,38.3,0.18,6.2,0.9,1.3,4.0,97.9,0.0,0.0,86.9,47
2024-06-18,balaghat,Balaghat Mine,Tuesday,6,1309,1169,140,10.7,Medium,equipment_downtime,4.2,27.4,37.6,0.297,4.3,1.1,1.3,1.9,98.0,0.0,0.0,86.0,47
2024-06-19,balaghat,Balaghat Mine,Wednesday,6,1266,963,303,23.93,High,weather_stoppage,26.8,35.6,36.3,0.298,5.3,0.6,0.6,4.1,98.0,0.0,1.9,93.8,41
2024-06-20,balaghat,Balaghat Mine,Thursday,6,1323,1052,271,20.48,High,equipment_downtime,9.9,31.3,37.2,0.278,12.8,0.3,10.8,1.7,95.8,0.0,0.0,95.7,43
2024-06-21,balaghat,Balaghat Mine,Friday,6,1316,1176,140,10.64,Medium,equipment_downtime,7.4,29.9,40.1,0.367,5.1,1.5,2.0,1.6,98.0,0.7,0.0,92.8,47
2024-06-22,balaghat,Balaghat Mine,Saturday,6,1287,1120,167,12.98,Medium,equipment_downtime,3.8,29.3,37.3,0.18,5.0,0.7,0.6,3.7,98.0,0.0,0.0,93.7,43
2024-06-23,balaghat,Balaghat Mine,Sunday,6,1340,1305,35,2.61,Low,equipment_downtime,21.8,35.6,36.4,0.306,3.3,0.6,1.3,1.4,98.0,0.2,0.0,95.7,52
2024-06-24,balaghat,Balaghat Mine,Monday,6,1272,1129,143,11.24,Medium,equipment_downtime,1.4,35.4,40.2,0.331,5.1,0.6,2.8,1.7,98.0,0.0,0.0,92.3,46
2024-06-25,balaghat,Balaghat Mine,Tuesday,6,1321,1185,136,10.3,Medium,equipment_downtime,22.2,30.9,35.3,0.305,5.6,0.5,2.1,3.0,98.0,0.0,0.0,95.4,48
2024-06-26,balaghat,Balaghat Mine,Wednesday,6,1300,1211,89,6.85,Medium,equipment_downtime,5.7,33.0,36.1,0.42,3.9,1.2,0.3,2.4,98.0,1.0,0.0,96.9,48
2024-06-27,balaghat,Balaghat Mine,Thursday,6,1314,1025,289,21.99,High,equipment_downtime,1.1,27.4,38.5,0.345,15.0,5.4,1.2,8.4,95.0,0.0,0.0,90.8,42
2024-06-28,balaghat,Balaghat Mine,Friday,6,1286,1196,90,7.0,Medium,equipment_downtime,1.9,35.0,37.8,0.283,7.3,1.2,3.4,2.7,97.6,0.0,0.0,98.0,46
2024-06-29,balaghat,Balaghat Mine,Saturday,6,1281,1089,192,14.99,Medium,equipment_downtime,4.7,32.8,35.4,0.344,6.0,1.3,1.2,3.5,98.0,0.0,0.0,88.5,45
2024-06-30,balaghat,Balaghat Mine,Sunday,6,1307,1171,136,10.41,Medium,equipment_downtime,3.3,34.2,36.9,0.335,4.8,0.8,1.9,2.1,98.0,0.0,0.0,87.9,51
2024-07-01,balaghat,Balaghat Mine,Monday,7,1215,1072,143,11.77,Medium,equipment_downtime,6.2,32.9,37.4,0.306,5.2,0.5,0.3,4.4,98.0,0.0,0.0,97.7,41
2024-07-02,balaghat,Balaghat Mine,Tuesday,7,1287,1153,134,10.41,Medium,equipment_downtime,16.4,36.2,33.5,0.342,5.7,1.2,0.9,3.6,98.0,0.0,0.0,96.0,44
2024-07-03,balaghat,Balaghat Mine,Wednesday,7,1249,350,899,71.98,High,weather_stoppage,61.2,49.7,32.6,0.346,6.7,1.4,1.5,3.8,97.8,0.0,7.1,94.0,16
2024-07-04,balaghat,Balaghat Mine,Thursday,7,1289,1240,49,3.8,Low,equipment_downtime,0.2,30.2,36.6,0.258,3.5,1.2,0.8,1.5,98.0,0.0,0.0,99.0,51
2024-07-05,balaghat,Balaghat Mine,Friday,7,1251,1161,90,7.19,Medium,equipment_downtime,1.9,29.8,36.8,0.33,4.0,1.3,1.0,1.7,98.0,0.0,0.0,91.5,42
2024-07-06,balaghat,Balaghat Mine,Saturday,7,1263,1140,123,9.74,Medium,equipment_downtime,3.0,35.1,38.1,0.37,4.4,0.3,1.0,3.1,98.0,0.0,0.0,93.2,44
2024-07-07,balaghat,Balaghat Mine,Sunday,7,1280,752,528,41.25,High,equipment_downtime,20.8,39.2,34.9,0.377,14.7,1.1,9.3,4.3,95.1,0.0,0.0,86.6,30
2024-07-08,balaghat,Balaghat Mine,Monday,7,1256,1115,141,11.23,Medium,equipment_downtime,4.8,38.4,34.0,0.37,3.5,0.7,0.8,2.0,98.0,0.0,0.0,88.6,42
2024-07-09,balaghat,Balaghat Mine,Tuesday,7,1277,1204,73,5.72,Low,equipment_downtime,3.6,35.9,37.2,0.338,4.3,0.6,1.2,2.5,98.0,0.0,0.0,96.6,47
2024-07-10,balaghat,Balaghat Mine,Wednesday,7,1223,1013,210,17.17,Medium,equipment_downtime,0.6,35.6,38.9,0.345,6.1,1.0,1.7,3.4,98.0,1.4,0.0,89.6,39
2024-07-11,balaghat,Balaghat Mine,Thursday,7,1228,545,683,55.62,High,weather_stoppage,44.8,42.8,30.1,0.416,4.1,0.3,1.9,1.9,98.0,0.0,6.1,91.5,23
2024-07-12,balaghat,Balaghat Mine,Friday,7,1239,533,706,56.98,High,weather_stoppage,42.9,48.0,31.1,0.357,4.3,0.3,1.7,2.3,98.0,1.3,4.6,92.8,22
2024-07-13,balaghat,Balaghat Mine,Saturday,7,1250,1088,162,12.96,Medium,equipment_downtime,4.5,38.0,36.4,0.414,5.3,1.2,0.5,3.6,98.0,0.0,0.0,88.6,42
2024-07-14,balaghat,Balaghat Mine,Sunday,7,1236,1170,66,5.34,Low,equipment_downtime,4.9,37.2,34.4,0.366,4.6,0.9,1.8,1.9,98.0,0.0,0.0,93.3,46
2024-07-15,balaghat,Balaghat Mine,Monday,7,1244,187,1057,84.97,High,weather_stoppage,74.0,54.2,28.1,0.392,3.3,1.2,1.0,1.1,98.0,0.0,9.7,91.8,7
2024-07-16,balaghat,Balaghat Mine,Tuesday,7,1270,1010,260,20.47,High,equipment_downtime,1.4,32.0,39.1,0.392,15.9,1.5,0.3,14.1,94.7,0.0,0.0,91.9,43
2024-07-17,balaghat,Balaghat Mine,Wednesday,7,1261,187,1074,85.17,High,weather_stoppage,46.8,50.2,31.0,0.407,14.6,2.2,2.9,9.5,95.2,0.0,5.1,85.9,5
2024-07-18,balaghat,Balaghat Mine,Thursday,7,1241,992,249,20.06,High,equipment_downtime,2.0,34.8,36.5,0.365,6.5,0.4,1.6,4.5,97.9,1.6,0.0,88.1,41
2024-07-19,balaghat,Balaghat Mine,Friday,7,1285,1088,197,15.33,Medium,labor_attendance,15.8,38.2,35.2,0.324,3.7,0.5,1.3,1.9,98.0,0.0,0.0,85.8,46
2024-07-20,balaghat,Balaghat Mine,Saturday,7,1295,835,460,35.52,High,equipment_downtime,10.4,35.6,33.7,0.41,14.2,5.3,0.8,8.1,95.3,0.0,0.0,83.1,33
2024-07-21,balaghat,Balaghat Mine,Sunday,7,1256,988,268,21.34,High,blasting_delays,2.5,39.6,37.5,0.346,3.8,0.8,0.5,2.5,98.0,3.3,0.0,88.6,39
2024-07-22,balaghat,Balaghat Mine,Monday,7,1281,1129,152,11.87,Medium,equipment_downtime,3.9,38.7,36.2,0.439,7.3,0.5,4.4,2.4,97.6,0.0,0.0,97.7,46
2024-07-23,balaghat,Balaghat Mine,Tuesday,7,1270,1136,134,10.55,Medium,equipment_downtime,1.7,34.4,33.3,0.368,5.0,1.2,1.8,2.0,98.0,1.7,0.0,92.1,44
2024-07-24,balaghat,Balaghat Mine,Wednesday,7,1248,1126,122,9.78,Medium,equipment_downtime,3.4,30.7,37.9,0.386,4.9,0.7,0.4,3.8,98.0,0.0,0.0,96.1,43
2024-07-25,balaghat,Balaghat Mine,Thursday,7,1240,989,251,20.24,High,labor_attendance,4.5,40.9,36.6,0.443,3.3,0.5,0.2,2.6,98.0,0.0,0.0,86.1,40
2024-07-26,balaghat,Balaghat Mine,Friday,7,1307,1179,128,9.79,Medium,equipment_downtime,3.1,37.0,37.4,0.418,7.0,1.2,1.8,4.0,97.7,0.0,0.0,94.0,49
2024-07-27,balaghat,Balaghat Mine,Saturday,7,1258,477,781,62.08,High,weather_stoppage,40.8,51.8,32.8,0.45,5.2,0.5,0.8,3.9,98.0,0.0,4.3,93.3,22
2024-07-28,balaghat,Balaghat Mine,Sunday,7,1255,1110,145,11.55,Medium,equipment_downtime,4.5,39.6,35.1,0.38,4.6,1.0,1.6,2.0,98.0,0.0,0.0,96.1,43
2024-07-29,balaghat,Balaghat Mine,Monday,7,1237,265,972,78.58,High,equipment_downtime,28.3,42.5,29.6,0.44,26.3,18.6,1.0,6.7,91.3,0.0,2.2,86.5,12
2024-07-30,balaghat,Balaghat Mine,Tuesday,7,1234,478,756,61.26,High,equipment_downtime,2.0,37.4,35.9,0.459,38.1,21.1,0.4,16.6,87.4,0.6,0.0,93.9,17
2024-07-31,balaghat,Balaghat Mine,Wednesday,7,1229,1124,105,8.54,Medium,equipment_downtime,4.6,39.1,34.6,0.391,4.2,1.2,1.4,1.6,98.0,0.2,0.0,95.7,41
2024-08-01,balaghat,Balaghat Mine,Thursday,8,1234,813,421,34.12,High,equipment_downtime,0.4,35.8,34.6,0.438,10.3,1.0,5.2,4.1,96.6,4.1,0.0,95.3,33
2024-08-02,balaghat,Balaghat Mine,Friday,8,1214,1010,204,16.8,Medium,weather_stoppage,23.5,44.3,33.0,0.532,3.6,0.8,1.3,1.5,98.0,0.0,0.0,98.4,41
2024-08-03,balaghat,Balaghat Mine,Saturday,8,1201,957,244,20.32,High,labor_attendance,0.9,36.3,34.7,0.51,3.1,0.9,0.5,1.7,98.0,0.0,0.0,83.1,37
2024-08-04,balaghat,Balaghat Mine,Sunday,8,1183,1073,110,9.3,Medium,equipment_downtime,12.0,38.3,32.8,0.439,6.1,1.3,1.1,3.7,98.0,0.0,0.0,96.2,43
2024-08-05,balaghat,Balaghat Mine,Monday,8,1170,1008,162,13.85,Medium,equipment_downtime,18.0,39.9,31.5,0.411,5.0,1.0,1.1,2.9,98.0,0.0,0.0,97.5,42
2024-08-06,balaghat,Balaghat Mine,Tuesday,8,1166,566,600,51.46,High,weather_stoppage,37.6,47.2,27.5,0.437,4.8,1.5,1.4,1.9,98.0,0.0,4.1,93.4,20
2024-08-07,balaghat,Balaghat Mine,Wednesday,8,1190,1056,134,11.26,Medium,equipment_downtime,1.4,33.7,34.2,0.446,6.7,1.2,1.4,4.1,97.8,0.0,0.0,98.1,41
2024-08-08,balaghat,Balaghat Mine,Thursday,8,1184,922,262,22.13,High,equipment_downtime,20.8,43.7,29.7,0.435,6.7,1.3,2.8,2.6,97.8,0.0,0.0,88.5,36
2024-08-09,balaghat,Balaghat Mine,Friday,8,1223,1055,168,13.74,Medium,equipment_downtime,0.3,37.7,36.3,0.534,4.0,0.9,0.9,2.2,98.0,0.0,0.0,92.3,43
2024-08-10,balaghat,Balaghat Mine,Saturday,8,1191,975,216,18.14,High,equipment_downtime,1.0,42.1,31.9,0.471,3.6,0.3,1.6,1.7,98.0,0.0,0.0,87.8,39
2024-08-11,balaghat,Balaghat Mine,Sunday,8,1160,922,238,20.52,High,equipment_downtime,1.5,39.0,33.0,0.488,6.2,1.1,1.3,3.8,97.9,0.0,0.0,91.1,38
2024-08-12,balaghat,Balaghat Mine,Monday,8,1227,807,420,34.23,High,equipment_downtime,3.1,38.2,31.5,0.409,15.4,5.3,0.4,9.7,94.9,3.3,0.0,95.7,34
2024-08-13,balaghat,Balaghat Mine,Tuesday,8,1173,1034,139,11.85,Medium,equipment_downtime,0.9,41.7,34.0,0.484,6.0,0.5,1.4,4.1,98.0,0.0,0.0,98.2,39
2024-08-14,balaghat,Balaghat Mine,Wednesday,8,1140,1016,124,10.88,Medium,equipment_downtime,1.6,38.2,34.3,0.408,5.9,0.7,1.6,3.6,98.0,0.0,0.0,97.5,40
2024-08-15,balaghat,Balaghat Mine,Thursday,8,1196,610,586,49.0,High,equipment_downtime,3.6,42.0,31.9,0.514,23.1,14.1,1.9,7.1,92.4,0.0,0.0,88.3,25
2024-08-16,balaghat,Balaghat Mine,Friday,8,1215,1020,195,16.05,Medium,equipment_downtime,24.4,44.3,31.5,0.403,4.8,0.3,0.2,4.3,98.0,0.0,0.0,96.1,45
2024-08-17,balaghat,Balaghat Mine,Saturday,8,1201,1066,135,11.24,Medium,equipment_downtime,3.6,38.7,33.1,0.452,7.0,1.3,1.7,4.0,97.7,0.0,0.0,88.7,42
2024-08-18,balaghat,Balaghat Mine,Sunday,8,1230,741,489,39.76,High,equipment_downtime,0.7,34.4,32.8,0.576,18.5,14.0,1.7,2.8,93.9,0.0,0.0,93.6,26
2024-08-19,balaghat,Balaghat Mine,Monday,8,1237,1130,107,8.65,Medium,equipment_downtime,1.9,29.9,28.0,0.539,3.6,0.9,0.4,2.3,98.0,0.0,0.0,95.1,47
2024-08-20,balaghat,Balaghat Mine,Tuesday,8,1213,959,254,20.94,High,equipment_downtime,19.3,43.8,31.7,0.567,5.4,0.9,1.2,3.3,98.0,0.0,0.0,87.8,41
2024-08-21,balaghat,Balaghat Mine,Wednesday,8,1192,849,343,28.78,High,weather_stoppage,23.0,47.5,30.8,0.592,6.2,0.6,1.6,4.0,97.9,0.0,0.0,95.5,33
2024-08-22,balaghat,Balaghat Mine,Thursday,8,1225,1077,148,12.08,Medium,equipment_downtime,4.8,40.2,31.7,0.521,4.9,0.3,0.5,4.1,98.0,0.0,0.0,99.0,43
2024-08-23,balaghat,Balaghat Mine,Friday,8,1182,393,789,66.75,High,weather_stoppage,40.0,44.8,25.8,0.472,10.0,6.1,1.5,2.4,96.7,0.0,5.3,90.5,23
2024-08-24,balaghat,Balaghat Mine,Saturday,8,1231,1229,2,0.16,Low,nominal_operations,0.6,33.4,32.9,0.503,3.6,0.8,1.2,1.6,98.0,0.0,0.0,90.6,50
2024-08-25,balaghat,Balaghat Mine,Sunday,8,1211,916,295,24.36,High,weather_stoppage,0.5,45.1,29.9,0.544,4.3,1.1,1.7,1.5,98.0,0.0,0.0,92.7,39
2024-08-26,balaghat,Balaghat Mine,Monday,8,1160,1096,64,5.52,Low,equipment_downtime,0.9,39.6,34.5,0.526,2.8,0.5,0.3,2.0,98.0,0.0,0.0,97.1,43
2024-08-27,balaghat,Balaghat Mine,Tuesday,8,1191,187,1004,84.3,High,weather_stoppage,89.5,58.0,17.9,0.498,4.3,0.9,1.2,2.2,98.0,0.0,12.0,89.7,6
2024-08-28,balaghat,Balaghat Mine,Wednesday,8,1174,914,260,22.15,High,weather_stoppage,17.9,43.7,28.9,0.505,4.0,0.8,0.5,2.7,98.0,1.0,0.0,93.3,38
2024-08-29,balaghat,Balaghat Mine,Thursday,8,1227,1051,176,14.34,Medium,equipment_downtime,12.4,43.4,29.5,0.533,4.1,0.9,0.6,2.6,98.0,0.0,0.0,90.4,41
2024-08-30,balaghat,Balaghat Mine,Friday,8,1191,1003,188,15.79,Medium,equipment_downtime,10.1,42.5,32.5,0.482,5.7,0.8,0.8,4.1,98.0,0.0,0.0,94.1,43
2024-08-31,balaghat,Balaghat Mine,Saturday,8,1188,1139,49,4.12,Low,equipment_downtime,4.8,38.2,28.0,0.522,2.8,0.6,0.8,1.4,98.0,0.0,0.0,90.0,46
2024-09-01,balaghat,Balaghat Mine,Sunday,9,1146,923,223,19.46,High,equipment_downtime,0.5,38.5,28.7,0.554,6.1,1.2,1.1,3.8,98.0,0.2,0.0,88.9,36
2024-09-02,balaghat,Balaghat Mine,Monday,9,1181,1032,149,12.62,Medium,labor_attendance,2.2,33.9,30.9,0.5,1.8,0.2,0.6,1.0,98.0,0.0,0.0,83.0,40
2024-09-03,balaghat,Balaghat Mine,Tuesday,9,1171,1114,57,4.87,Low,equipment_downtime,10.6,38.3,28.7,0.543,2.8,0.7,0.4,1.7,98.0,0.0,0.0,88.9,46
2024-09-04,balaghat,Balaghat Mine,Wednesday,9,1189,1005,184,15.48,Medium,equipment_downtime,4.1,42.0,27.3,0.515,3.2,1.1,0.4,1.7,98.0,0.0,0.0,90.8,42
2024-09-05,balaghat,Balaghat Mine,Thursday,9,1145,506,639,55.81,High,equipment_downtime,0.7,35.2,27.7,0.525,29.8,21.5,0.4,7.9,90.1,0.0,0.0,95.1,24
2024-09-06,balaghat,Balaghat Mine,Friday,9,1167,967,200,17.14,Medium,equipment_downtime,22.5,42.6,27.0,0.553,5.2,0.5,1.3,3.4,98.0,0.0,0.0,96.1,42
2024-09-07,balaghat,Balaghat Mine,Saturday,9,1153,1060,93,8.07,Medium,equipment_downtime,6.8,38.1,32.1,0.576,4.0,0.7,0.3,3.0,98.0,0.5,0.0,89.0,42
2024-09-08,balaghat,Balaghat Mine,Sunday,9,1174,628,546,46.51,High,equipment_downtime,29.0,44.6,25.1,0.493,15.1,1.4,12.1,1.6,95.0,0.0,2.0,93.8,22
2024-09-09,balaghat,Balaghat Mine,Monday,9,1178,946,232,19.69,High,equipment_downtime,19.0,42.9,29.7,0.579,4.1,0.9,1.5,1.7,98.0,0.0,0.0,90.0,36
2024-09-10,balaghat,Balaghat Mine,Tuesday,9,1138,1048,90,7.91,Medium,equipment_downtime,0.2,33.1,28.7,0.557,4.8,0.4,0.5,3.9,98.0,0.6,0.0,93.1,42
2024-09-11,balaghat,Balaghat Mine,Wednesday,9,1149,1054,95,8.27,Medium,equipment_downtime,3.8,39.6,29.2,0.556,3.5,0.6,0.2,2.7,98.0,0.0,0.0,94.1,44
2024-09-12,balaghat,Balaghat Mine,Thursday,9,1135,960,175,15.42,Medium,blasting_delays,0.9,37.6,27.5,0.575,3.7,1.0,1.3,1.4,98.0,3.0,0.0,92.9,42
2024-09-13,balaghat,Balaghat Mine,Friday,9,1161,964,197,16.97,Medium,equipment_downtime,3.7,38.0,29.5,0.584,8.5,1.5,4.3,2.7,97.2,0.0,0.0,91.0,40
2024-09-14,balaghat,Balaghat Mine,Saturday,9,1153,585,568,49.26,High,weather_stoppage,35.0,48.7,23.6,0.561,3.7,0.6,1.0,2.1,98.0,0.0,2.9,90.0,25
2024-09-15,balaghat,Balaghat Mine,Sunday,9,1168,1046,122,10.45,Medium,equipment_downtime,4.0,36.3,27.9,0.577,4.8,0.7,0.6,3.5,98.0,0.0,0.0,89.4,37
2024-09-16,balaghat,Balaghat Mine,Monday,9,1134,614,520,45.86,High,weather_stoppage,33.0,47.1,22.1,0.636,5.5,1.0,2.9,1.6,98.0,0.0,3.0,91.9,23
2024-09-17,balaghat,Balaghat Mine,Tuesday,9,1150,718,432,37.57,High,weather_stoppage,26.0,50.1,24.3,0.643,3.3,0.5,1.6,1.2,98.0,0.0,2.6,94.3,33
2024-09-18,balaghat,Balaghat Mine,Wednesday,9,1176,1062,114,9.69,Medium,equipment_downtime,4.0,38.7,26.3,0.615,4.2,0.6,0.2,3.4,98.0,0.0,0.0,87.3,44
2024-09-19,balaghat,Balaghat Mine,Thursday,9,1164,1019,145,12.46,Medium,equipment_downtime,5.8,35.9,25.2,0.606,2.5,0.4,1.1,1.0,98.0,0.0,0.0,89.0,41
2024-09-20,balaghat,Balaghat Mine,Friday,9,1158,923,235,20.29,High,equipment_downtime,15.9,40.0,26.7,0.553,5.4,1.0,0.9,3.5,98.0,0.0,0.0,89.0,31
2024-09-21,balaghat,Balaghat Mine,Saturday,9,1189,1040,149,12.53,Medium,equipment_downtime,20.5,38.0,25.3,0.63,3.3,0.8,1.3,1.2,98.0,0.0,0.0,89.0,40
2024-09-22,balaghat,Balaghat Mine,Sunday,9,1122,1078,44,3.92,Low,equipment_downtime,0.6,36.0,28.4,0.576,3.7,0.6,1.7,1.4,98.0,0.0,0.0,97.6,43
2024-09-23,balaghat,Balaghat Mine,Monday,9,1132,831,301,26.59,High,equipment_downtime,3.0,36.8,25.8,0.571,12.2,4.3,0.5,7.4,96.0,0.0,0.0,91.6,33
2024-09-24,balaghat,Balaghat Mine,Tuesday,9,1147,986,161,14.04,Medium,equipment_downtime,0.9,30.5,28.2,0.669,4.0,1.0,1.7,1.3,98.0,0.0,0.0,90.1,40
2024-09-25,balaghat,Balaghat Mine,Wednesday,9,1213,1059,154,12.7,Medium,equipment_downtime,12.0,40.1,25.7,0.681,4.9,1.2,1.2,2.5,98.0,0.0,0.0,89.2,40
2024-09-26,balaghat,Balaghat Mine,Thursday,9,1155,191,964,83.46,High,weather_stoppage,50.6,52.2,18.4,0.643,4.6,0.9,0.8,2.9,98.0,0.0,6.3,90.4,7
2024-09-27,balaghat,Balaghat Mine,Friday,9,1186,1063,123,10.37,Medium,equipment_downtime,0.5,32.7,25.0,0.66,3.9,0.9,0.6,2.4,98.0,0.0,0.0,91.6,43
2024-09-28,balaghat,Balaghat Mine,Saturday,9,1151,1068,83,7.21,Medium,equipment_downtime,1.6,30.7,29.4,0.543,3.8,1.0,1.4,1.4,98.0,0.0,0.0,98.1,42
2024-09-29,balaghat,Balaghat Mine,Sunday,9,1143,616,527,46.11,High,equipment_downtime,3.1,33.7,26.9,0.598,21.7,6.6,1.7,13.4,92.8,0.0,0.0,92.6,28
2024-09-30,balaghat,Balaghat Mine,Monday,9,1171,1096,75,6.4,Medium,equipment_downtime,17.6,33.6,27.4,0.615,4.8,0.6,0.9,3.3,98.0,0.0,0.0,94.0,43
2024-10-01,balaghat,Balaghat Mine,Tuesday,10,1168,727,441,37.76,High,equipment_downtime,1.1,30.8,23.2,0.697,6.9,0.9,1.8,4.2,97.7,4.0,0.0,88.7,27
2024-10-02,balaghat,Balaghat Mine,Wednesday,10,1150,1083,67,5.83,Low,equipment_downtime,0.0,34.4,29.9,0.619,2.8,0.4,0.7,1.7,98.0,0.0,0.0,91.6,44
2024-10-03,balaghat,Balaghat Mine,Thursday,10,1125,1017,108,9.6,Medium,equipment_downtime,0.0,30.7,26.8,0.597,2.7,0.4,0.8,1.5,98.0,0.0,0.0,88.5,41
2024-10-04,balaghat,Balaghat Mine,Friday,10,1179,1022,157,13.32,Medium,labor_attendance,0.0,30.4,26.2,0.604,3.9,0.8,1.4,1.7,98.0,0.0,0.0,85.0,40
2024-10-05,balaghat,Balaghat Mine,Saturday,10,1183,1040,143,12.09,Medium,equipment_downtime,0.0,32.2,24.4,0.59,5.6,1.3,0.4,3.9,98.0,1.2,0.0,87.2,41
2024-10-06,balaghat,Balaghat Mine,Sunday,10,1112,946,166,14.93,Medium,equipment_downtime,0.0,27.9,26.0,0.626,3.5,0.9,0.8,1.8,98.0,0.0,0.0,87.8,37
2024-10-07,balaghat,Balaghat Mine,Monday,10,1171,900,271,23.14,High,equipment_downtime,0.0,32.1,27.3,0.541,6.3,1.5,2.4,2.4,97.9,0.0,0.0,89.0,36
2024-10-08,balaghat,Balaghat Mine,Tuesday,10,1164,1047,117,10.05,Medium,equipment_downtime,0.0,29.1,28.6,0.6,4.0,0.6,1.7,1.7,98.0,0.0,0.0,94.8,45
2024-10-09,balaghat,Balaghat Mine,Wednesday,10,1141,943,198,17.35,Medium,equipment_downtime,0.0,29.4,25.2,0.64,3.6,0.5,1.6,1.5,98.0,0.0,0.0,87.1,38
2024-10-10,balaghat,Balaghat Mine,Thursday,10,1159,931,228,19.67,High,labor_attendance,0.0,28.6,25.7,0.654,2.7,1.0,0.6,1.1,98.0,0.0,0.0,83.1,39
2024-10-11,balaghat,Balaghat Mine,Friday,10,1155,947,208,18.01,High,equipment_downtime,0.0,30.5,23.9,0.676,7.1,0.2,5.3,1.6,97.7,0.0,0.0,93.4,43
2024-10-12,balaghat,Balaghat Mine,Saturday,10,1166,1029,137,11.75,Medium,equipment_downtime,0.0,29.5,28.8,0.67,4.3,1.2,1.6,1.5,98.0,0.4,0.0,93.3,43
2024-10-13,balaghat,Balaghat Mine,Sunday,10,1135,999,136,11.98,Medium,equipment_downtime,0.0,26.6,25.2,0.647,6.7,0.6,1.9,4.2,97.8,0.0,0.0,93.1,40
2024-10-14,balaghat,Balaghat Mine,Monday,10,1074,587,487,45.34,High,equipment_downtime,0.0,22.8,23.3,0.622,21.0,18.2,0.8,2.0,93.1,0.0,0.0,95.9,22
2024-10-15,balaghat,Balaghat Mine,Tuesday,10,1138,999,139,12.21,Medium,equipment_downtime,0.0,26.8,27.1,0.637,3.6,1.2,0.3,2.1,98.0,0.0,0.0,88.8,38
2024-10-16,balaghat,Balaghat Mine,Wednesday,10,1162,824,338,29.09,High,equipment_downtime,0.0,28.4,29.5,0.611,13.2,2.6,1.8,8.8,95.6,0.0,0.0,98.1,34
2024-10-17,balaghat,Balaghat Mine,Thursday,10,1110,1083,27,2.43,Low,equipment_downtime,0.0,29.7,25.2,0.632,4.0,1.3,1.2,1.5,98.0,0.0,0.0,92.3,44
2024-10-18,balaghat,Balaghat Mine,Friday,10,1167,582,585,50.13,High,equipment_downtime,0.0,29.8,23.9,0.638,19.5,2.4,0.8,16.3,93.6,0.0,0.0,85.5,28
2024-10-19,balaghat,Balaghat Mine,Saturday,10,1185,1066,119,10.04,Medium,equipment_downtime,0.0,26.5,25.3,0.647,4.9,0.8,1.2,2.9,98.0,0.5,0.0,95.0,42
2024-10-20,balaghat,Balaghat Mine,Sunday,10,1180,1088,92,7.8,Medium,equipment_downtime,0.0,28.6,23.4,0.656,3.6,0.6,0.8,2.2,98.0,0.0,0.0,87.4,42
2024-10-21,balaghat,Balaghat Mine,Monday,10,1123,1013,110,9.8,Medium,equipment_downtime,0.0,27.6,22.3,0.592,5.0,0.4,1.7,2.9,98.0,0.9,0.0,93.4,43
2024-10-22,balaghat,Balaghat Mine,Tuesday,10,1175,1064,111,9.45,Medium,equipment_downtime,0.0,28.6,24.0,0.628,3.9,1.5,1.2,1.2,98.0,0.0,0.0,99.0,49
2024-10-23,balaghat,Balaghat Mine,Wednesday,10,1157,947,210,18.15,High,equipment_downtime,0.0,24.1,26.4,0.68,9.1,1.7,2.6,4.8,97.0,0.0,0.0,86.6,40
2024-10-24,balaghat,Balaghat Mine,Thursday,10,1143,995,148,12.95,Medium,equipment_downtime,0.0,25.2,27.1,0.538,6.8,1.2,1.7,3.9,97.8,0.0,0.0,94.6,37
2024-10-25,balaghat,Balaghat Mine,Friday,10,1145,920,225,19.65,High,equipment_downtime,0.0,21.5,24.3,0.618,9.4,2.8,2.2,4.4,96.9,0.0,0.0,94.3,39
2024-10-26,balaghat,Balaghat Mine,Saturday,10,1171,993,178,15.2,Medium,labor_attendance,0.0,24.3,24.8,0.649,3.8,0.4,1.3,2.1,98.0,0.0,0.0,86.1,44
2024-10-27,balaghat,Balaghat Mine,Sunday,10,1183,1087,96,8.11,Medium,equipment_downtime,0.0,24.3,21.9,0.631,3.8,0.9,1.0,1.9,98.0,0.0,0.0,92.0,43
2024-10-28,balaghat,Balaghat Mine,Monday,10,1147,920,227,19.79,High,equipment_downtime,0.0,24.2,19.5,0.598,7.7,1.4,1.9,4.4,97.5,0.4,0.0,94.4,37
2024-10-29,balaghat,Balaghat Mine,Tuesday,10,1165,1033,132,11.33,Medium,equipment_downtime,0.0,25.4,21.4,0.642,3.0,0.2,1.3,1.5,98.0,0.0,0.0,94.2,43
2024-10-30,balaghat,Balaghat Mine,Wednesday,10,1106,955,151,13.65,Medium,equipment_downtime,0.0,22.4,22.5,0.639,5.2,0.4,0.5,4.3,98.0,0.0,0.0,88.3,39
2024-10-31,balaghat,Balaghat Mine,Thursday,10,1157,893,264,22.82,High,equipment_downtime,0.0,23.1,23.5,0.623,11.6,0.3,7.5,3.8,96.2,0.0,0.0,95.5,33
2024-11-01,balaghat,Balaghat Mine,Friday,11,1160,973,187,16.12,Medium,equipment_downtime,0.0,21.4,28.1,0.638,4.6,0.6,0.4,3.6,98.0,1.0,0.0,89.2,35
2024-11-02,balaghat,Balaghat Mine,Saturday,11,1150,1073,77,6.7,Medium,equipment_downtime,0.0,21.5,24.3,0.61,4.5,0.3,1.9,2.3,98.0,0.0,0.0,90.8,43
2024-11-03,balaghat,Balaghat Mine,Sunday,11,1157,626,531,45.89,High,equipment_downtime,0.0,18.5,21.2,0.727,22.9,7.8,1.6,13.5,92.4,0.0,0.0,99.0,24
2024-11-04,balaghat,Balaghat Mine,Monday,11,1183,997,186,15.72,Medium,equipment_downtime,0.0,18.1,21.8,0.657,5.0,0.6,0.3,4.1,98.0,0.0,0.0,86.0,41
2024-11-05,balaghat,Balaghat Mine,Tuesday,11,1181,1101,80,6.77,Medium,equipment_downtime,0.0,20.2,22.5,0.614,4.7,0.4,1.5,2.8,98.0,0.0,0.0,93.9,45
2024-11-06,balaghat,Balaghat Mine,Wednesday,11,1208,1124,84,6.95,Medium,equipment_downtime,0.0,23.7,24.4,0.666,3.0,0.3,1.0,1.7,98.0,0.0,0.0,94.2,47
2024-11-07,balaghat,Balaghat Mine,Thursday,11,1182,955,227,19.2,High,equipment_downtime,0.0,19.5,22.9,0.578,5.5,1.3,0.3,3.9,98.0,1.6,0.0,93.4,37
2024-11-08,balaghat,Balaghat Mine,Friday,11,1175,993,182,15.49,Medium,equipment_downtime,0.0,19.9,21.5,0.625,8.4,0.9,3.2,4.3,97.2,0.5,0.0,96.4,40
2024-11-09,balaghat,Balaghat Mine,Saturday,11,1163,1047,116,9.97,Medium,equipment_downtime,0.0,19.6,24.8,0.615,6.5,0.7,1.7,4.1,97.9,0.0,0.0,98.9,44
2024-11-10,balaghat,Balaghat Mine,Sunday,11,1213,971,242,19.95,High,equipment_downtime,4.7,28.3,22.9,0.654,4.5,0.5,0.4,3.6,98.0,1.7,0.0,91.1,41
2024-11-11,balaghat,Balaghat Mine,Monday,11,1148,1060,88,7.67,Medium,equipment_downtime,0.0,21.7,23.6,0.686,5.3,0.9,0.7,3.7,98.0,0.0,0.0,91.2,40
2024-11-12,balaghat,Balaghat Mine,Tuesday,11,1163,997,166,14.27,Medium,equipment_downtime,0.1,19.3,23.6,0.649,5.5,0.5,1.1,3.9,98.0,0.0,0.0,89.4,40
2024-11-13,balaghat,Balaghat Mine,Wednesday,11,1140,1078,62,5.44,Low,equipment_downtime,0.0,15.3,23.7,0.542,3.3,0.9,0.3,2.1,98.0,0.0,0.0,90.7,44
2024-11-14,balaghat,Balaghat Mine,Thursday,11,1154,897,257,22.27,High,equipment_downtime,0.0,15.7,23.7,0.639,4.9,0.5,2.3,2.1,98.0,0.0,0.0,85.0,39
2024-11-15,balaghat,Balaghat Mine,Friday,11,1177,983,194,16.48,Medium,equipment_downtime,0.0,15.3,20.2,0.636,5.9,0.5,2.0,3.4,98.0,0.0,0.0,97.6,42
2024-11-16,balaghat,Balaghat Mine,Saturday,11,1157,1091,66,5.7,Low,equipment_downtime,0.0,20.3,24.0,0.622,3.9,0.8,0.9,2.2,98.0,0.0,0.0,93.4,44
2024-11-17,balaghat,Balaghat Mine,Sunday,11,1200,1128,72,6.0,Low,equipment_downtime,0.0,12.1,19.9,0.663,4.2,0.8,1.0,2.4,98.0,0.0,0.0,98.3,50
2024-11-18,balaghat,Balaghat Mine,Monday,11,1149,1052,97,8.44,Medium,equipment_downtime,0.0,13.7,22.2,0.5,5.5,1.5,0.4,3.6,98.0,0.0,0.0,92.4,44
2024-11-19,balaghat,Balaghat Mine,Tuesday,11,1153,1053,100,8.67,Medium,equipment_downtime,0.0,17.4,24.0,0.661,5.4,0.7,1.1,3.6,98.0,0.0,0.0,95.8,42
2024-11-20,balaghat,Balaghat Mine,Wednesday,11,1190,649,541,45.46,High,equipment_downtime,0.0,16.9,25.4,0.628,17.6,11.8,0.3,5.5,94.2,2.4,0.0,95.3,30
2024-11-21,balaghat,Balaghat Mine,Thursday,11,1180,1120,60,5.08,Low,equipment_downtime,0.0,16.7,21.3,0.535,3.8,0.5,0.9,2.4,98.0,0.0,0.0,92.6,49
2024-11-22,balaghat,Balaghat Mine,Friday,11,1195,1101,94,7.87,Medium,equipment_downtime,0.0,15.4,22.0,0.65,4.1,1.3,0.3,2.5,98.0,0.0,0.0,96.1,44
2024-11-23,balaghat,Balaghat Mine,Saturday,11,1129,1009,120,10.63,Medium,equipment_downtime,4.5,14.5,20.1,0.598,6.8,1.0,1.9,3.9,97.8,0.0,0.0,91.7,44
2024-11-24,balaghat,Balaghat Mine,Sunday,11,1161,975,186,16.02,Medium,equipment_downtime,0.0,15.9,21.9,0.604,6.5,0.8,1.4,4.3,97.9,0.0,0.0,82.3,42
2024-11-25,balaghat,Balaghat Mine,Monday,11,1167,1009,158,13.54,Medium,equipment_downtime,0.0,19.8,21.5,0.592,3.8,0.9,1.4,1.5,98.0,1.5,0.0,96.1,42
2024-11-26,balaghat,Balaghat Mine,Tuesday,11,1148,903,245,21.34,High,blasting_delays,0.0,17.7,24.8,0.64,4.6,0.5,1.1,3.0,98.0,4.2,0.0,98.0,36
2024-11-27,balaghat,Balaghat Mine,Wednesday,11,1200,1008,192,16.0,Medium,equipment_downtime,0.0,15.6,22.4,0.68,4.5,1.0,0.4,3.1,98.0,0.0,0.0,89.5,39
2024-11-28,balaghat,Balaghat Mine,Thursday,11,1179,959,220,18.66,High,equipment_downtime,0.0,17.2,23.8,0.549,7.2,0.9,1.9,4.4,97.6,0.0,0.0,99.0,41
2024-11-29,balaghat,Balaghat Mine,Friday,11,1111,1063,48,4.32,Low,equipment_downtime,0.0,14.4,20.3,0.643,5.1,1.4,1.1,2.6,98.0,0.0,0.0,94.2,40
2024-11-30,balaghat,Balaghat Mine,Saturday,11,1190,1160,30,2.52,Low,equipment_downtime,0.0,18.4,23.4,0.572,2.7,0.3,1.2,1.2,98.0,0.0,0.0,92.2,45
2024-12-01,balaghat,Balaghat Mine,Sunday,12,1211,889,322,26.59,High,equipment_downtime,2.5,17.9,22.7,0.614,11.5,3.8,2.0,5.7,96.2,0.0,0.0,92.5,37
2024-12-02,balaghat,Balaghat Mine,Monday,12,1204,1113,91,7.56,Medium,equipment_downtime,0.0,16.9,20.4,0.588,5.2,1.4,1.4,2.4,98.0,0.0,0.0,90.9,46
2024-12-03,balaghat,Balaghat Mine,Tuesday,12,1231,1186,45,3.66,Low,equipment_downtime,0.0,21.6,24.7,0.639,3.1,1.4,0.5,1.2,98.0,0.0,0.0,91.1,51
2024-12-04,balaghat,Balaghat Mine,Wednesday,12,1207,1127,80,6.63,Medium,equipment_downtime,0.0,13.2,21.9,0.608,4.2,0.9,0.7,2.6,98.0,0.0,0.0,88.8,46
2024-12-05,balaghat,Balaghat Mine,Thursday,12,1186,1084,102,8.6,Medium,equipment_downtime,0.0,19.5,24.6,0.636,3.3,1.0,0.9,1.4,98.0,0.3,0.0,98.1,41
2024-12-06,balaghat,Balaghat Mine,Friday,12,1182,1067,115,9.73,Medium,equipment_downtime,0.0,17.3,23.7,0.544,5.2,0.9,0.4,3.9,98.0,0.3,0.0,95.7,44
2024-12-07,balaghat,Balaghat Mine,Saturday,12,1164,1119,45,3.87,Low,equipment_downtime,0.0,15.3,20.9,0.581,3.6,0.8,1.4,1.4,98.0,0.0,0.0,92.9,48
2024-12-08,balaghat,Balaghat Mine,Sunday,12,1163,1077,86,7.39,Medium,equipment_downtime,0.0,18.0,20.8,0.642,2.6,1.1,0.5,1.0,98.0,0.0,0.0,90.4,42
2024-12-09,balaghat,Balaghat Mine,Monday,12,1216,1091,125,10.28,Medium,equipment_downtime,0.0,16.2,21.6,0.574,4.3,0.3,0.4,3.6,98.0,0.0,0.0,91.4,42
2024-12-10,balaghat,Balaghat Mine,Tuesday,12,1246,1171,75,6.02,Medium,equipment_downtime,0.0,14.2,19.5,0.621,3.1,0.5,0.4,2.2,98.0,0.0,0.0,95.7,48
2024-12-11,balaghat,Balaghat Mine,Wednesday,12,1188,967,221,18.6,High,equipment_downtime,0.2,18.0,21.1,0.588,6.1,1.0,0.7,4.4,98.0,2.8,0.0,95.7,39
2024-12-12,balaghat,Balaghat Mine,Thursday,12,1254,1036,218,17.38,Medium,blasting_delays,0.0,12.0,23.8,0.545,4.7,0.9,0.5,3.3,98.0,2.9,0.0,94.6,45
2024-12-13,balaghat,Balaghat Mine,Friday,12,1195,1010,185,15.48,Medium,equipment_downtime,0.0,12.5,25.6,0.597,8.6,0.9,1.9,5.8,97.2,0.0,0.0,87.4,40
2024-12-14,balaghat,Balaghat Mine,Saturday,12,1160,420,740,63.79,High,equipment_downtime,3.0,14.4,22.2,0.578,31.9,18.2,9.1,4.6,89.5,0.0,0.0,98.8,15
2024-12-15,balaghat,Balaghat Mine,Sunday,12,1255,1099,156,12.43,Medium,equipment_downtime,0.0,16.1,21.0,0.538,4.6,0.5,2.1,2.0,98.0,0.7,0.0,92.3,45
2024-12-16,balaghat,Balaghat Mine,Monday,12,1253,1012,241,19.23,High,equipment_downtime,0.0,15.3,22.1,0.661,9.1,0.9,4.3,3.9,97.0,0.0,0.0,94.3,39
2024-12-17,balaghat,Balaghat Mine,Tuesday,12,1186,1139,47,3.96,Low,equipment_downtime,0.0,11.2,22.0,0.525,5.6,0.7,1.6,3.3,98.0,0.0,0.0,94.2,47
2024-12-18,balaghat,Balaghat Mine,Wednesday,12,1166,1085,81,6.95,Medium,equipment_downtime,2.5,17.5,25.3,0.525,4.3,0.4,0.3,3.6,98.0,0.0,0.0,94.4,44
2024-12-19,balaghat,Balaghat Mine,Thursday,12,1227,1121,106,8.64,Medium,equipment_downtime,0.0,15.5,24.1,0.638,5.5,1.1,1.2,3.2,98.0,0.0,0.0,91.5,47
2024-12-20,balaghat,Balaghat Mine,Friday,12,1196,983,213,17.81,Medium,equipment_downtime,0.0,15.3,19.7,0.478,7.2,1.1,2.0,4.1,97.6,0.0,0.0,88.9,40
2024-12-21,balaghat,Balaghat Mine,Saturday,12,1227,1042,185,15.08,Medium,equipment_downtime,0.0,15.8,27.2,0.562,7.2,1.3,1.7,4.2,97.6,0.0,0.0,97.1,42
2024-12-22,balaghat,Balaghat Mine,Sunday,12,1190,1032,158,13.28,Medium,equipment_downtime,0.0,18.1,21.0,0.561,5.8,0.5,1.5,3.8,98.0,0.0,0.0,98.7,45
2024-12-23,balaghat,Balaghat Mine,Monday,12,1259,1081,178,14.14,Medium,equipment_downtime,0.0,14.0,23.3,0.492,6.2,0.8,1.5,3.9,97.9,0.0,0.0,99.0,43
2024-12-24,balaghat,Balaghat Mine,Tuesday,12,1196,994,202,16.89,Medium,equipment_downtime,0.0,14.5,19.9,0.586,6.4,0.7,1.6,4.1,97.9,0.0,0.0,87.0,43
2024-12-25,balaghat,Balaghat Mine,Wednesday,12,1186,943,243,20.49,High,equipment_downtime,0.0,16.4,20.7,0.525,6.4,1.1,1.2,4.1,97.9,0.0,0.0,84.5,38
2024-12-26,balaghat,Balaghat Mine,Thursday,12,1209,1115,94,7.78,Medium,equipment_downtime,0.0,19.0,25.4,0.57,4.5,1.4,1.2,1.9,98.0,0.0,0.0,92.0,48
2024-12-27,balaghat,Balaghat Mine,Friday,12,1233,1200,33,2.68,Low,equipment_downtime,0.0,13.9,24.3,0.566,3.0,1.1,0.5,1.4,98.0,0.0,0.0,93.3,49
2024-12-28,balaghat,Balaghat Mine,Saturday,12,1163,974,189,16.25,Medium,equipment_downtime,0.0,15.1,22.1,0.532,4.9,1.0,1.4,2.5,98.0,0.0,0.0,90.0,44
2024-12-29,balaghat,Balaghat Mine,Sunday,12,1162,952,210,18.07,High,equipment_downtime,0.0,14.3,24.0,0.542,7.0,1.0,1.6,4.4,97.7,0.0,0.0,90.4,39
2024-12-30,balaghat,Balaghat Mine,Monday,12,1178,1100,78,6.62,Medium,equipment_downtime,0.0,18.3,21.5,0.504,4.5,1.3,2.0,1.2,98.0,0.0,0.0,95.0,43
2024-12-31,balaghat,Balaghat Mine,Tuesday,12,1207,1065,142,11.76,Medium,equipment_downtime,0.0,17.6,25.9,0.522,3.9,0.5,0.7,2.7,98.0,0.0,0.0,89.8,45
2025-01-01,balaghat,Balaghat Mine,Wednesday,1,1208,1170,38,3.15,Low,equipment_downtime,0.0,18.0,24.2,0.5,2.1,0.4,0.5,1.2,98.0,0.0,0.0,99.0,48
2025-01-02,balaghat,Balaghat Mine,Thursday,1,1287,1110,177,13.75,Medium,equipment_downtime,0.0,13.6,23.0,0.566,4.4,0.2,1.4,2.8,98.0,0.0,0.0,86.9,45
2025-01-03,balaghat,Balaghat Mine,Friday,1,1263,1200,63,4.99,Low,equipment_downtime,0.0,14.3,25.1,0.446,3.8,0.7,1.9,1.2,98.0,0.0,0.0,92.0,46
2025-01-04,balaghat,Balaghat Mine,Saturday,1,1229,1046,183,14.89,Medium,equipment_downtime,0.0,16.5,23.4,0.581,5.2,0.8,0.8,3.6,98.0,0.0,0.0,99.0,42
2025-01-05,balaghat,Balaghat Mine,Sunday,1,1246,938,308,24.72,High,equipment_downtime,0.0,18.4,23.1,0.51,5.7,0.8,0.8,4.1,98.0,0.0,0.0,83.7,36
2025-01-06,balaghat,Balaghat Mine,Monday,1,1242,1001,241,19.4,High,equipment_downtime,0.0,18.2,23.1,0.505,9.4,1.2,6.2,2.0,96.9,0.0,0.0,98.9,37
2025-01-07,balaghat,Balaghat Mine,Tuesday,1,1250,1110,140,11.2,Medium,equipment_downtime,0.0,19.1,26.3,0.55,5.2,0.6,1.3,3.3,98.0,2.1,0.0,91.5,47
2025-01-08,balaghat,Balaghat Mine,Wednesday,1,1224,933,291,23.77,High,equipment_downtime,0.0,13.3,24.8,0.507,10.8,4.2,1.1,5.5,96.4,0.0,0.0,88.1,37
2025-01-09,balaghat,Balaghat Mine,Thursday,1,1297,1059,238,18.35,High,equipment_downtime,0.0,16.1,23.0,0.476,5.9,0.4,1.0,4.5,98.0,0.0,0.0,87.0,43
2025-01-10,balaghat,Balaghat Mine,Friday,1,1285,1181,104,8.09,Medium,equipment_downtime,0.0,18.8,23.8,0.41,5.1,1.4,0.4,3.3,98.0,0.0,0.0,95.0,46
2025-01-11,balaghat,Balaghat Mine,Saturday,1,1238,1099,139,11.23,Medium,equipment_downtime,0.0,12.0,28.3,0.461,5.3,1.3,1.8,2.2,98.0,0.0,0.0,93.1,43
2025-01-12,balaghat,Balaghat Mine,Sunday,1,1225,1048,177,14.45,Medium,equipment_downtime,0.0,16.5,21.2,0.504,6.2,0.9,1.8,3.5,97.9,0.0,0.0,90.4,41
2025-01-13,balaghat,Balaghat Mine,Monday,1,1237,1158,79,6.39,Medium,equipment_downtime,0.0,12.8,25.0,0.525,4.6,1.4,0.3,2.9,98.0,0.0,0.0,91.7,51
2025-01-14,balaghat,Balaghat Mine,Tuesday,1,1221,1143,78,6.39,Medium,equipment_downtime,0.0,15.3,26.7,0.429,6.3,1.5,1.5,3.3,97.9,0.0,0.0,96.2,46
2025-01-15,balaghat,Balaghat Mine,Wednesday,1,1260,1142,118,9.37,Medium,equipment_downtime,0.0,16.3,24.5,0.485,4.8,1.2,1.5,2.1,98.0,0.0,0.0,91.7,49
2025-01-16,balaghat,Balaghat Mine,Thursday,1,1220,831,389,31.89,High,equipment_downtime,0.0,13.6,22.9,0.478,16.2,2.8,1.4,12.0,94.6,0.0,0.0,96.9,34
2025-01-17,balaghat,Balaghat Mine,Friday,1,1273,1170,103,8.09,Medium,equipment_downtime,0.0,14.0,25.6,0.49,5.5,1.4,1.8,2.3,98.0,0.5,0.0,94.1,51
2025-01-18,balaghat,Balaghat Mine,Saturday,1,1197,984,213,17.79,Medium,labor_attendance,0.3,12.1,25.5,0.506,5.4,0.4,1.7,3.3,98.0,0.0,0.0,81.1,40
2025-01-19,balaghat,Balaghat Mine,Sunday,1,1243,1131,112,9.01,Medium,equipment_downtime,0.0,15.5,28.0,0.436,5.4,0.2,3.3,1.9,98.0,0.0,0.0,92.9,45
2025-01-20,balaghat,Balaghat Mine,Monday,1,1266,1130,136,10.74,Medium,equipment_downtime,0.0,14.8,23.9,0.42,4.7,1.2,0.2,3.3,98.0,0.0,0.0,93.1,45
2025-01-21,balaghat,Balaghat Mine,Tuesday,1,1267,1041,226,17.84,Medium,equipment_downtime,0.0,16.8,25.4,0.395,5.0,1.0,1.0,3.0,98.0,0.0,0.0,90.9,40
2025-01-22,balaghat,Balaghat Mine,Wednesday,1,1239,1097,142,11.46,Medium,equipment_downtime,0.0,16.3,28.3,0.422,8.1,1.4,3.9,2.8,97.3,0.0,0.0,98.4,45
2025-01-23,balaghat,Balaghat Mine,Thursday,1,1206,1088,118,9.78,Medium,equipment_downtime,0.0,16.6,28.6,0.449,4.3,0.6,1.8,1.9,98.0,0.0,0.0,96.3,45
2025-01-24,balaghat,Balaghat Mine,Friday,1,1219,1159,60,4.92,Low,equipment_downtime,0.0,18.9,25.5,0.401,6.5,1.2,1.7,3.6,97.9,0.0,0.0,93.4,46
2025-01-25,balaghat,Balaghat Mine,Saturday,1,1237,1044,193,15.6,Medium,equipment_downtime,3.4,14.5,29.0,0.398,5.7,1.0,0.3,4.4,98.0,0.0,0.0,90.7,45
2025-01-26,balaghat,Balaghat Mine,Sunday,1,1265,1206,59,4.66,Low,equipment_downtime,0.0,15.8,24.4,0.395,3.7,0.6,1.0,2.1,98.0,0.0,0.0,92.9,51
2025-01-27,balaghat,Balaghat Mine,Monday,1,1300,1115,185,14.23,Medium,equipment_downtime,0.0,15.7,26.6,0.429,5.4,0.8,0.5,4.1,98.0,1.9,0.0,92.4,46
2025-01-28,balaghat,Balaghat Mine,Tuesday,1,1216,1194,22,1.81,Low,equipment_downtime,0.0,14.3,27.1,0.423,5.2,0.4,0.5,4.3,98.0,0.0,0.0,94.9,49
2025-01-29,balaghat,Balaghat Mine,Wednesday,1,1266,1109,157,12.4,Medium,equipment_downtime,0.0,17.3,26.8,0.446,5.5,0.5,1.4,3.6,98.0,0.0,0.0,91.1,47
2025-01-30,balaghat,Balaghat Mine,Thursday,1,1246,1121,125,10.03,Medium,equipment_downtime,0.0,13.0,26.7,0.424,3.7,0.8,1.0,1.9,98.0,0.0,0.0,94.1,42
2025-01-31,balaghat,Balaghat Mine,Friday,1,1243,1128,115,9.25,Medium,equipment_downtime,0.0,17.3,27.2,0.451,4.3,1.2,1.9,1.2,98.0,0.0,0.0,90.6,43
2025-02-01,balaghat,Balaghat Mine,Saturday,2,1273,1028,245,19.25,High,equipment_downtime,0.0,15.3,25.3,0.384,6.2,0.9,1.2,4.1,97.9,0.1,0.0,86.7,41
2025-02-02,balaghat,Balaghat Mine,Sunday,2,1309,1046,263,20.09,High,equipment_downtime,0.0,16.9,26.8,0.385,6.0,1.0,1.2,3.8,98.0,0.0,0.0,88.1,44
2025-02-03,balaghat,Balaghat Mine,Monday,2,1243,1167,76,6.11,Medium,labor_attendance,0.0,24.0,26.5,0.292,2.6,0.6,1.0,1.0,98.0,0.0,0.0,86.9,47
2025-02-04,balaghat,Balaghat Mine,Tuesday,2,1300,1020,280,21.54,High,labor_attendance,0.0,15.0,26.2,0.373,5.1,1.4,1.2,2.5,98.0,0.0,0.0,83.4,43
2025-02-05,balaghat,Balaghat Mine,Wednesday,2,1304,1183,121,9.28,Medium,equipment_downtime,0.0,18.2,26.5,0.411,4.8,0.7,1.1,3.0,98.0,0.6,0.0,91.9,49
2025-02-06,balaghat,Balaghat Mine,Thursday,2,1306,1239,67,5.13,Low,equipment_downtime,0.0,13.6,28.0,0.394,5.2,0.6,1.7,2.9,98.0,0.0,0.0,97.0,52
2025-02-07,balaghat,Balaghat Mine,Friday,2,1291,1186,105,8.13,Medium,equipment_downtime,0.0,15.0,27.3,0.359,4.5,1.2,0.5,2.8,98.0,0.0,0.0,90.3,48
2025-02-08,balaghat,Balaghat Mine,Saturday,2,1323,500,823,62.21,High,equipment_downtime,0.0,17.8,28.3,0.367,30.6,12.8,1.9,15.9,89.9,0.0,0.0,87.9,20
2025-02-09,balaghat,Balaghat Mine,Sunday,2,1322,868,454,34.34,High,equipment_downtime,0.0,17.0,28.4,0.386,19.6,4.3,1.9,13.4,93.5,0.0,0.0,95.6,34
2025-02-10,balaghat,Balaghat Mine,Monday,2,1260,693,567,45.0,High,equipment_downtime,0.0,15.5,29.1,0.34,24.1,3.8,2.5,17.8,92.0,0.0,0.0,95.6,27
2025-02-11,balaghat,Balaghat Mine,Tuesday,2,1313,1123,190,14.47,Medium,equipment_downtime,0.0,16.5,27.9,0.366,5.5,0.6,0.7,4.2,98.0,0.0,0.0,92.8,46
2025-02-12,balaghat,Balaghat Mine,Wednesday,2,1316,1247,69,5.24,Low,equipment_downtime,0.0,12.8,28.5,0.355,1.7,0.4,0.2,1.1,98.0,0.0,0.0,96.0,48
2025-02-13,balaghat,Balaghat Mine,Thursday,2,1297,1140,157,12.1,Medium,equipment_downtime,0.0,19.9,28.8,0.326,8.1,1.3,2.9,3.9,97.3,0.0,0.0,94.8,44
2025-02-14,balaghat,Balaghat Mine,Friday,2,1308,821,487,37.23,High,equipment_downtime,0.0,20.2,27.3,0.366,19.6,1.3,14.1,4.2,93.5,0.0,0.0,88.1,33
2025-02-15,balaghat,Balaghat Mine,Saturday,2,1293,1106,187,14.46,Medium,equipment_downtime,0.0,17.9,27.5,0.349,4.2,0.5,0.5,3.2,98.0,0.0,0.0,88.0,48
2025-02-16,balaghat,Balaghat Mine,Sunday,2,1288,1090,198,15.37,Medium,equipment_downtime,0.0,17.1,31.2,0.335,4.0,0.8,1.8,1.4,98.0,0.0,0.0,89.6,43
2025-02-17,balaghat,Balaghat Mine,Monday,2,1272,1137,135,10.61,Medium,equipment_downtime,0.0,14.1,27.4,0.429,2.8,0.3,1.2,1.3,98.0,0.0,0.0,89.8,49
2025-02-18,balaghat,Balaghat Mine,Tuesday,2,1315,1232,83,6.31,Medium,equipment_downtime,0.0,18.3,29.7,0.332,5.5,1.4,1.4,2.7,98.0,0.0,0.0,93.9,52
2025-02-19,balaghat,Balaghat Mine,Wednesday,2,1282,1087,195,15.21,Medium,equipment_downtime,0.0,21.9,27.4,0.316,7.0,1.3,1.6,4.1,97.7,0.0,0.0,99.0,46
2025-02-20,balaghat,Balaghat Mine,Thursday,2,1297,1215,82,6.32,Medium,equipment_downtime,0.0,13.7,31.6,0.375,4.0,0.4,1.3,2.3,98.0,0.0,0.0,98.4,50
2025-02-21,balaghat,Balaghat Mine,Friday,2,1311,1189,122,9.31,Medium,equipment_downtime,0.0,17.9,32.2,0.308,4.9,1.1,1.6,2.2,98.0,0.0,0.0,96.0,49
2025-02-22,balaghat,Balaghat Mine,Saturday,2,1312,1095,217,16.54,Medium,equipment_downtime,0.0,16.3,26.5,0.317,6.5,0.7,1.5,4.3,97.9,0.0,0.0,97.1,44
2025-02-23,balaghat,Balaghat Mine,Sunday,2,1286,1012,274,21.31,High,equipment_downtime,0.0,19.5,31.9,0.299,12.2,5.3,1.8,5.1,96.0,0.0,0.0,92.3,43
2025-02-24,balaghat,Balaghat Mine,Monday,2,1264,1201,63,4.98,Low,equipment_downtime,0.0,11.6,29.1,0.288,6.3,0.5,1.7,4.1,97.9,0.0,0.0,94.2,48
2025-02-25,balaghat,Balaghat Mine,Tuesday,2,1336,1156,180,13.47,Medium,equipment_downtime,0.0,18.6,32.2,0.229,6.7,1.1,3.7,1.9,97.8,0.9,0.0,91.7,45
2025-02-26,balaghat,Balaghat Mine,Wednesday,2,1276,1112,164,12.85,Medium,equipment_downtime,0.0,15.0,29.1,0.342,5.2,1.1,1.6,2.5,98.0,0.0,0.0,92.6,48
2025-02-27,balaghat,Balaghat Mine,Thursday,2,1339,1159,180,13.44,Medium,labor_attendance,0.0,15.8,32.9,0.281,3.1,1.1,0.9,1.1,98.0,0.0,0.0,87.1,46
2025-02-28,balaghat,Balaghat Mine,Friday,2,1335,1105,230,17.23,Medium,equipment_downtime,0.0,16.9,31.3,0.285,11.9,6.0,1.9,4.0,96.1,0.0,0.0,93.1,44
2025-03-01,balaghat,Balaghat Mine,Saturday,3,1372,1250,122,8.89,Medium,equipment_downtime,0.0,16.9,29.3,0.271,6.0,1.2,1.2,3.6,98.0,0.0,0.0,98.8,54
2025-03-02,balaghat,Balaghat Mine,Sunday,3,1394,1311,83,5.95,Low,equipment_downtime,0.0,9.0,29.3,0.353,4.6,0.4,0.8,3.4,98.0,0.0,0.0,91.5,50
2025-03-03,balaghat,Balaghat Mine,Monday,3,1367,1293,74,5.41,Low,equipment_downtime,0.2,21.6,31.7,0.281,4.6,0.5,1.0,3.1,98.0,0.0,0.0,96.2,48
2025-03-04,balaghat,Balaghat Mine,Tuesday,3,1351,1090,261,19.32,High,equipment_downtime,0.0,19.7,32.7,0.292,5.8,1.2,0.6,4.0,98.0,1.0,0.0,91.0,43
2025-03-05,balaghat,Balaghat Mine,Wednesday,3,1360,1208,152,11.18,Medium,equipment_downtime,4.1,15.0,30.2,0.277,6.1,0.4,1.6,4.1,98.0,0.0,0.0,91.2,47
2025-03-06,balaghat,Balaghat Mine,Thursday,3,1367,1207,160,11.7,Medium,equipment_downtime,0.0,19.7,35.3,0.293,5.2,1.2,0.8,3.2,98.0,0.0,0.0,88.0,51
2025-03-07,balaghat,Balaghat Mine,Friday,3,1334,546,788,59.07,High,equipment_downtime,0.0,18.6,30.5,0.283,35.8,9.6,0.7,25.5,88.2,0.0,0.0,94.8,20
2025-03-08,balaghat,Balaghat Mine,Saturday,3,1334,1305,29,2.17,Low,equipment_downtime,0.0,16.1,34.5,0.261,5.7,1.3,0.8,3.6,98.0,0.0,0.0,94.0,55
2025-03-09,balaghat,Balaghat Mine,Sunday,3,1355,963,392,28.93,High,equipment_downtime,0.0,15.9,35.9,0.266,15.9,0.6,13.4,1.9,94.7,0.0,0.0,90.6,40
2025-03-10,balaghat,Balaghat Mine,Monday,3,1381,1236,145,10.5,Medium,blasting_delays,0.0,17.5,33.6,0.264,3.6,0.2,1.4,2.0,98.0,2.4,0.0,94.6,48
2025-03-11,balaghat,Balaghat Mine,Tuesday,3,1347,1104,243,18.04,High,equipment_downtime,0.0,14.9,29.7,0.244,11.5,5.4,1.4,4.7,96.2,0.0,0.0,91.1,45
2025-03-12,balaghat,Balaghat Mine,Wednesday,3,1310,1187,123,9.39,Medium,equipment_downtime,0.0,14.8,32.8,0.241,5.9,1.4,1.3,3.2,98.0,0.0,0.0,95.8,43
2025-03-13,balaghat,Balaghat Mine,Thursday,3,1375,1267,108,7.85,Medium,equipment_downtime,0.0,16.9,30.4,0.298,3.2,0.6,0.7,1.9,98.0,0.0,0.0,94.3,46
2025-03-14,balaghat,Balaghat Mine,Friday,3,1319,1177,142,10.77,Medium,equipment_downtime,0.0,15.9,35.2,0.248,5.5,0.3,1.2,4.0,98.0,0.0,0.0,94.6,47
2025-03-15,balaghat,Balaghat Mine,Saturday,3,1347,954,393,29.18,High,equipment_downtime,0.0,19.6,31.5,0.288,13.8,5.7,1.0,7.1,95.4,0.0,0.0,89.7,39
2025-03-16,balaghat,Balaghat Mine,Sunday,3,1321,1232,89,6.74,Medium,equipment_downtime,0.0,20.6,34.5,0.249,4.6,0.5,1.1,3.0,98.0,0.0,0.0,90.0,51
2025-03-17,balaghat,Balaghat Mine,Monday,3,1336,1250,86,6.44,Medium,equipment_downtime,0.0,15.2,33.8,0.225,3.6,0.7,0.2,2.7,98.0,0.0,0.0,98.9,48
2025-03-18,balaghat,Balaghat Mine,Tuesday,3,1324,1236,88,6.65,Medium,equipment_downtime,0.0,11.3,32.6,0.324,5.6,0.2,2.8,2.6,98.0,0.0,0.0,95.9,44
2025-03-19,balaghat,Balaghat Mine,Wednesday,3,1356,1267,89,6.56,Medium,equipment_downtime,0.0,15.4,32.0,0.296,3.3,0.2,2.0,1.1,98.0,0.0,0.0,91.0,50
2025-03-20,balaghat,Balaghat Mine,Thursday,3,1345,1177,168,12.49,Medium,equipment_downtime,0.0,16.8,33.1,0.217,4.6,1.2,2.0,1.4,98.0,0.0,0.0,94.3,49
2025-03-21,balaghat,Balaghat Mine,Friday,3,1328,1103,225,16.94,Medium,equipment_downtime,0.0,13.0,34.0,0.27,5.2,0.9,0.4,3.9,98.0,1.0,0.0,91.1,44
2025-03-22,balaghat,Balaghat Mine,Saturday,3,1352,1184,168,12.43,Medium,equipment_downtime,0.0,15.7,33.5,0.2,5.7,0.8,1.9,3.0,98.0,0.0,0.0,91.0,46
2025-03-23,balaghat,Balaghat Mine,Sunday,3,1333,1195,138,10.35,Medium,equipment_downtime,0.0,17.9,33.5,0.18,5.4,0.8,1.0,3.6,98.0,0.2,0.0,91.5,47
2025-03-24,balaghat,Balaghat Mine,Monday,3,1316,1224,92,6.99,Medium,equipment_downtime,0.0,15.2,31.6,0.196,4.4,1.3,1.4,1.7,98.0,0.6,0.0,92.7,47
2025-03-25,balaghat,Balaghat Mine,Tuesday,3,1343,1181,162,12.06,Medium,equipment_downtime,0.0,12.0,35.6,0.194,4.9,0.4,1.9,2.6,98.0,0.8,0.0,91.3,46
2025-03-26,balaghat,Balaghat Mine,Wednesday,3,1378,1011,367,26.63,High,blasting_delays,0.0,15.5,37.5,0.198,7.0,1.3,2.7,3.0,97.7,4.7,0.0,87.6,41
2025-03-27,balaghat,Balaghat Mine,Thursday,3,1318,1196,122,9.26,Medium,equipment_downtime,0.0,16.2,35.4,0.263,4.7,1.1,1.4,2.2,98.0,0.0,0.0,94.8,46
2025-03-28,balaghat,Balaghat Mine,Friday,3,1311,1179,132,10.07,Medium,equipment_downtime,0.0,16.7,35.7,0.302,4.1,0.9,1.0,2.2,98.0,0.0,0.0,96.4,49
2025-03-29,balaghat,Balaghat Mine,Saturday,3,1401,1172,229,16.35,Medium,equipment_downtime,0.0,17.9,34.4,0.232,6.2,0.4,1.8,4.0,97.9,0.0,0.0,89.0,50
2025-03-30,balaghat,Balaghat Mine,Sunday,3,1309,1071,238,18.18,High,equipment_downtime,0.0,14.9,35.2,0.229,10.5,1.3,5.2,4.0,96.5,0.0,0.0,90.1,46
2025-03-31,balaghat,Balaghat Mine,Monday,3,1294,1128,166,12.83,Medium,equipment_downtime,0.0,14.9,35.3,0.189,6.4,1.3,1.2,3.9,97.9,0.0,0.0,92.4,43
2025-04-01,balaghat,Balaghat Mine,Tuesday,4,1323,1120,203,15.34,Medium,equipment_downtime,0.0,16.2,34.9,0.261,6.1,0.6,1.6,3.9,98.0,0.0,0.0,86.8,44
2025-04-02,balaghat,Balaghat Mine,Wednesday,4,1334,1219,115,8.62,Medium,equipment_downtime,0.0,15.9,35.4,0.239,5.9,1.5,0.8,3.6,98.0,0.0,0.0,93.1,49
2025-04-03,balaghat,Balaghat Mine,Thursday,4,1274,1026,248,19.47,High,equipment_downtime,0.0,15.6,35.2,0.235,4.3,1.2,1.5,1.6,98.0,1.9,0.0,87.4,40
2025-04-04,balaghat,Balaghat Mine,Friday,4,1365,1293,72,5.27,Low,equipment_downtime,0.0,13.2,36.5,0.187,4.0,0.9,0.5,2.6,98.0,0.0,0.0,94.2,51
2025-04-05,balaghat,Balaghat Mine,Saturday,4,1316,1153,163,12.39,Medium,equipment_downtime,0.0,16.1,36.8,0.18,5.5,0.8,1.7,3.0,98.0,0.0,0.0,91.1,50
2025-04-06,balaghat,Balaghat Mine,Sunday,4,1329,452,877,65.99,High,equipment_downtime,0.0,14.5,33.0,0.238,40.7,35.0,1.5,4.2,86.5,0.0,0.0,96.7,16
2025-04-07,balaghat,Balaghat Mine,Monday,4,1366,540,826,60.47,High,equipment_downtime,1.8,19.4,35.4,0.192,34.2,8.2,2.0,24.0,88.7,0.0,0.0,85.6,22
2025-04-08,balaghat,Balaghat Mine,Tuesday,4,1369,861,508,37.11,High,equipment_downtime,0.0,15.1,36.5,0.18,17.7,9.5,1.6,6.6,94.1,0.0,0.0,91.5,35
2025-04-09,balaghat,Balaghat Mine,Wednesday,4,1372,1172,200,14.58,Medium,equipment_downtime,0.0,12.9,32.5,0.253,5.3,1.2,0.5,3.6,98.0,1.4,0.0,93.4,48
2025-04-10,balaghat,Balaghat Mine,Thursday,4,1389,1248,141,10.15,Medium,equipment_downtime,0.0,17.3,39.0,0.189,5.3,0.5,1.8,3.0,98.0,0.0,0.0,93.2,50
2025-04-11,balaghat,Balaghat Mine,Friday,4,1372,1255,117,8.53,Medium,equipment_downtime,0.0,16.8,34.5,0.18,4.7,0.7,0.9,3.1,98.0,0.0,0.0,95.0,49
2025-04-12,balaghat,Balaghat Mine,Saturday,4,1338,953,385,28.77,High,equipment_downtime,0.0,14.9,37.5,0.222,15.0,4.1,0.5,10.4,95.0,0.0,0.0,90.1,35
2025-04-13,balaghat,Balaghat Mine,Sunday,4,1381,985,396,28.67,High,equipment_downtime,0.0,15.4,37.6,0.221,16.8,4.3,1.5,11.0,94.4,0.0,0.0,91.4,38
2025-04-14,balaghat,Balaghat Mine,Monday,4,1359,869,490,36.06,High,equipment_downtime,0.0,16.6,37.2,0.271,16.2,5.2,1.4,9.6,94.6,4.5,0.0,92.2,34
2025-04-15,balaghat,Balaghat Mine,Tuesday,4,1409,1160,249,17.67,Medium,equipment_downtime,0.0,21.0,37.8,0.211,6.8,1.3,1.5,4.0,97.8,1.6,0.0,94.4,47
2025-04-16,balaghat,Balaghat Mine,Wednesday,4,1363,1093,270,19.81,High,equipment_downtime,0.0,17.1,35.8,0.202,7.9,1.0,5.3,1.6,97.4,0.0,0.0,84.6,44
2025-04-17,balaghat,Balaghat Mine,Thursday,4,1356,1210,146,10.77,Medium,equipment_downtime,0.0,13.6,37.9,0.198,5.5,0.6,1.1,3.8,98.0,0.0,0.0,90.9,51
2025-04-18,balaghat,Balaghat Mine,Friday,4,1351,1211,140,10.36,Medium,equipment_downtime,0.0,20.1,34.3,0.187,5.5,1.0,1.9,2.6,98.0,1.6,0.0,95.6,50
2025-04-19,balaghat,Balaghat Mine,Saturday,4,1323,1149,174,13.15,Medium,equipment_downtime,0.0,15.4,37.6,0.245,4.2,0.3,1.5,2.4,98.0,0.0,0.0,96.9,44
2025-04-20,balaghat,Balaghat Mine,Sunday,4,1353,1287,66,4.88,Low,equipment_downtime,0.0,17.1,38.9,0.18,4.6,0.7,1.0,2.9,98.0,0.0,0.0,92.4,52
2025-04-21,balaghat,Balaghat Mine,Monday,4,1373,1245,128,9.32,Medium,equipment_downtime,0.0,15.5,36.2,0.258,5.5,0.9,1.0,3.6,98.0,0.0,0.0,91.8,52
2025-04-22,balaghat,Balaghat Mine,Tuesday,4,1344,1306,38,2.83,Low,equipment_downtime,0.0,12.0,37.3,0.189,5.7,1.3,3.4,1.0,98.0,0.0,0.0,96.3,50
2025-04-23,balaghat,Balaghat Mine,Wednesday,4,1366,1316,50,3.66,Low,equipment_downtime,0.0,15.8,38.3,0.232,3.6,0.3,0.7,2.6,98.0,0.0,0.0,93.9,53
2025-04-24,balaghat,Balaghat Mine,Thursday,4,1405,1278,127,9.04,Medium,equipment_downtime,0.0,17.5,33.8,0.264,5.9,0.7,1.8,3.4,98.0,0.0,0.0,99.0,47
2025-04-25,balaghat,Balaghat Mine,Friday,4,1310,1192,118,9.01,Medium,equipment_downtime,0.0,15.4,37.9,0.18,3.6,1.3,0.6,1.7,98.0,0.0,0.0,95.4,49
2025-04-26,balaghat,Balaghat Mine,Saturday,4,1334,1213,121,9.07,Medium,equipment_downtime,0.0,13.0,38.2,0.213,4.3,0.7,1.8,1.8,98.0,0.0,0.0,92.0,45
2025-04-27,balaghat,Balaghat Mine,Sunday,4,1333,1110,223,16.73,Medium,equipment_downtime,0.0,14.2,38.7,0.199,7.1,0.7,1.9,4.5,97.7,0.0,0.0,88.7,47
2025-04-28,balaghat,Balaghat Mine,Monday,4,1378,1269,109,7.91,Medium,equipment_downtime,0.0,16.6,35.1,0.204,4.3,0.7,0.7,2.9,98.0,0.0,0.0,92.6,53
2025-04-29,balaghat,Balaghat Mine,Tuesday,4,1360,1211,149,10.96,Medium,equipment_downtime,0.0,18.2,34.4,0.18,3.7,1.4,1.2,1.1,98.0,0.0,0.0,88.6,51
2025-04-30,balaghat,Balaghat Mine,Wednesday,4,1295,1151,144,11.12,Medium,equipment_downtime,0.0,14.5,35.2,0.213,5.9,1.2,0.3,4.4,98.0,0.0,0.0,91.4,48
2025-05-01,balaghat,Balaghat Mine,Thursday,5,1277,1220,57,4.46,Low,equipment_downtime,0.0,18.0,40.7,0.212,5.7,1.2,0.6,3.9,98.0,0.0,0.0,95.4,49
2025-05-02,balaghat,Balaghat Mine,Friday,5,1345,1184,161,11.97,Medium,equipment_downtime,0.0,15.9,37.0,0.218,4.7,0.7,1.3,2.7,98.0,0.0,0.0,89.1,49
2025-05-03,balaghat,Balaghat Mine,Saturday,5,1373,973,400,29.13,High,equipment_downtime,0.0,15.5,38.7,0.228,19.8,9.9,0.6,9.3,93.5,0.0,0.0,96.2,40
2025-05-04,balaghat,Balaghat Mine,Sunday,5,1372,1254,118,8.6,Medium,equipment_downtime,0.0,12.5,36.8,0.18,5.2,1.3,0.4,3.5,98.0,0.0,0.0,98.0,50
2025-05-05,balaghat,Balaghat Mine,Monday,5,1344,1164,180,13.39,Medium,equipment_downtime,0.0,14.7,37.5,0.213,5.1,1.0,1.5,2.6,98.0,0.0,0.0,87.3,50
2025-05-06,balaghat,Balaghat Mine,Tuesday,5,1359,1179,180,13.25,Medium,equipment_downtime,0.0,14.3,38.3,0.269,4.4,0.6,1.6,2.2,98.0,0.0,0.0,86.7,46
2025-05-07,balaghat,Balaghat Mine,Wednesday,5,1391,1256,135,9.71,Medium,equipment_downtime,0.0,17.5,41.4,0.223,5.6,0.9,0.8,3.9,98.0,0.0,0.0,97.2,51
2025-05-08,balaghat,Balaghat Mine,Thursday,5,1337,1171,166,12.42,Medium,equipment_downtime,0.0,12.2,42.7,0.18,4.3,1.1,0.8,2.4,98.0,0.0,0.0,94.8,52
2025-05-09,balaghat,Balaghat Mine,Friday,5,1314,1179,135,10.27,Medium,equipment_downtime,0.0,14.7,41.8,0.218,4.6,0.5,1.3,2.8,98.0,0.0,0.0,89.7,50
2025-05-10,balaghat,Balaghat Mine,Saturday,5,1329,1123,206,15.5,Medium,equipment_downtime,0.0,14.3,40.2,0.189,10.8,1.9,1.2,7.7,96.4,0.0,0.0,96.5,41
2025-05-11,balaghat,Balaghat Mine,Sunday,5,1337,1146,191,14.29,Medium,equipment_downtime,2.5,12.8,37.5,0.18,4.4,0.6,1.8,2.0,98.0,0.6,0.0,91.6,49
2025-05-12,balaghat,Balaghat Mine,Monday,5,1324,868,456,34.44,High,equipment_downtime,0.0,12.5,41.2,0.254,21.0,2.3,0.9,17.8,93.1,0.0,0.0,91.5,37
2025-05-13,balaghat,Balaghat Mine,Tuesday,5,1347,1159,188,13.96,Medium,equipment_downtime,0.0,15.0,40.5,0.19,3.2,0.8,1.2,1.2,98.0,0.0,0.0,87.5,48
2025-05-14,balaghat,Balaghat Mine,Wednesday,5,1351,1231,120,8.88,Medium,equipment_downtime,0.0,16.5,38.1,0.255,4.4,0.7,1.5,2.2,98.0,0.0,0.0,90.0,51
2025-05-15,balaghat,Balaghat Mine,Thursday,5,1362,910,452,33.19,High,equipment_downtime,24.5,25.5,34.7,0.227,14.7,4.6,0.8,9.3,95.1,0.0,0.0,88.1,35
2025-05-16,balaghat,Balaghat Mine,Friday,5,1323,1163,160,12.09,Medium,equipment_downtime,0.0,13.5,40.9,0.207,3.2,0.3,0.9,2.0,98.0,0.0,0.0,89.4,49
2025-05-17,balaghat,Balaghat Mine,Saturday,5,1324,1106,218,16.47,Medium,equipment_downtime,0.0,16.1,37.2,0.336,5.4,0.5,1.1,3.8,98.0,0.0,0.0,90.5,45
2025-05-18,balaghat,Balaghat Mine,Sunday,5,1303,1168,135,10.36,Medium,equipment_downtime,0.0,12.9,38.7,0.18,5.9,1.4,1.1,3.4,98.0,0.0,0.0,92.1,51
2025-05-19,balaghat,Balaghat Mine,Monday,5,1361,1084,277,20.35,High,equipment_downtime,0.0,14.4,38.1,0.205,7.9,1.2,2.5,4.2,97.4,0.0,0.0,90.8,43
2025-05-20,balaghat,Balaghat Mine,Tuesday,5,1356,1069,287,21.17,High,equipment_downtime,0.0,19.2,41.0,0.246,5.9,0.9,1.4,3.6,98.0,0.0,0.0,84.7,46
2025-05-21,balaghat,Balaghat Mine,Wednesday,5,1337,1263,74,5.53,Low,equipment_downtime,0.0,15.3,41.2,0.189,4.5,0.7,0.5,3.3,98.0,0.0,0.0,92.1,50
2025-05-22,balaghat,Balaghat Mine,Thursday,5,1311,1198,113,8.62,Medium,equipment_downtime,0.0,15.5,38.3,0.18,3.4,1.2,0.6,1.6,98.0,0.0,0.0,98.3,50
2025-05-23,balaghat,Balaghat Mine,Friday,5,1312,1126,186,14.18,Medium,equipment_downtime,0.0,22.4,41.9,0.21,6.1,0.6,1.8,3.7,98.0,0.0,0.0,93.7,49
2025-05-24,balaghat,Balaghat Mine,Saturday,5,1352,1162,190,14.05,Medium,equipment_downtime,0.0,17.8,37.4,0.228,5.0,1.1,1.0,2.9,98.0,0.0,0.0,93.7,46
2025-05-25,balaghat,Balaghat Mine,Sunday,5,1292,1251,41,3.17,Low,equipment_downtime,0.0,14.8,39.1,0.18,4.5,0.6,0.7,3.2,98.0,0.6,0.0,98.0,52
2025-05-26,balaghat,Balaghat Mine,Monday,5,1385,1325,60,4.33,Low,equipment_downtime,0.0,20.1,38.4,0.193,3.7,0.5,1.6,1.6,98.0,0.0,0.0,89.9,54
2025-05-27,balaghat,Balaghat Mine,Tuesday,5,1349,1267,82,6.08,Medium,equipment_downtime,0.0,19.0,39.6,0.18,3.6,0.3,1.3,2.0,98.0,0.0,0.0,99.0,55
2025-05-28,balaghat,Balaghat Mine,Wednesday,5,1300,1156,144,11.08,Medium,equipment_downtime,0.0,23.2,38.0,0.235,6.5,1.3,1.0,4.2,97.9,0.0,0.0,88.2,45
2025-05-29,balaghat,Balaghat Mine,Thursday,5,1323,1147,176,13.3,Medium,equipment_downtime,0.0,22.1,40.2,0.249,7.3,1.1,3.2,3.0,97.6,0.0,0.0,95.7,47
2025-05-30,balaghat,Balaghat Mine,Friday,5,1310,956,354,27.02,High,equipment_downtime,0.0,24.8,43.5,0.256,15.7,4.3,0.9,10.5,94.8,0.0,0.0,96.5,39
2025-05-31,balaghat,Balaghat Mine,Saturday,5,1301,1134,167,12.84,Medium,equipment_downtime,0.0,20.2,39.1,0.271,5.9,0.8,1.2,3.9,98.0,0.0,0.0,90.5,46
2025-06-01,balaghat,Balaghat Mine,Sunday,6,1350,865,485,35.93,High,weather_stoppage,31.1,29.6,32.4,0.28,4.8,0.6,1.1,3.1,98.0,0.0,2.9,83.8,34
2025-06-02,balaghat,Balaghat Mine,Monday,6,1306,1193,113,8.65,Medium,equipment_downtime,0.3,22.6,37.3,0.224,4.4,1.3,0.6,2.5,98.0,0.0,0.0,92.3,46
2025-06-03,balaghat,Balaghat Mine,Tuesday,6,1298,1251,47,3.62,Low,equipment_downtime,2.2,22.6,37.6,0.23,3.9,1.0,0.8,2.1,98.0,0.0,0.0,95.8,50
2025-06-04,balaghat,Balaghat Mine,Wednesday,6,1280,1122,158,12.34,Medium,equipment_downtime,4.0,22.5,41.8,0.242,5.7,0.7,1.3,3.7,98.0,0.0,0.0,91.9,47
2025-06-05,balaghat,Balaghat Mine,Thursday,6,1300,585,715,55.0,High,equipment_downtime,5.1,21.1,38.1,0.259,27.3,5.5,1.7,20.1,91.0,2.2,0.0,97.0,26
2025-06-06,balaghat,Balaghat Mine,Friday,6,1272,1083,189,14.86,Medium,equipment_downtime,0.7,21.7,37.2,0.214,4.9,1.3,1.9,1.7,98.0,0.0,0.0,88.9,45
2025-06-07,balaghat,Balaghat Mine,Saturday,6,1318,1292,26,1.97,Low,equipment_downtime,11.5,27.4,38.3,0.194,3.1,1.1,0.9,1.1,98.0,0.0,0.0,95.8,49
2025-06-08,balaghat,Balaghat Mine,Sunday,6,1338,1199,139,10.39,Medium,equipment_downtime,1.6,23.7,38.2,0.252,5.3,0.5,1.0,3.8,98.0,0.0,0.0,98.7,49
2025-06-09,balaghat,Balaghat Mine,Monday,6,1300,1102,198,15.23,Medium,equipment_downtime,22.1,32.6,35.0,0.26,5.4,0.4,0.8,4.2,98.0,0.0,0.0,90.3,46
2025-06-10,balaghat,Balaghat Mine,Tuesday,6,1290,1247,43,3.33,Low,equipment_downtime,5.9,24.8,41.6,0.296,5.5,0.4,1.2,3.9,98.0,0.0,0.0,91.4,51
2025-06-11,balaghat,Balaghat Mine,Wednesday,6,1290,187,1103,85.5,High,weather_stoppage,108.0,56.2,26.9,0.317,4.0,1.3,1.4,1.3,98.0,0.0,12.0,92.9,8
2025-06-12,balaghat,Balaghat Mine,Thursday,6,1286,797,489,38.02,High,weather_stoppage,28.7,36.6,37.7,0.246,4.2,0.8,1.9,1.5,98.0,0.0,3.8,83.0,31
2025-06-13,balaghat,Balaghat Mine,Friday,6,1305,1114,191,14.64,Medium,equipment_downtime,2.2,26.2,39.7,0.259,6.0,0.7,1.2,4.1,98.0,0.0,0.0,90.7,43
2025-06-14,balaghat,Balaghat Mine,Saturday,6,1311,1221,90,6.86,Medium,equipment_downtime,3.2,22.0,39.0,0.279,5.0,1.1,1.3,2.6,98.0,0.0,0.0,90.5,50
2025-06-15,balaghat,Balaghat Mine,Sunday,6,1284,697,587,45.72,High,weather_stoppage,45.9,39.8,33.9,0.249,4.7,0.6,0.8,3.3,98.0,0.0,5.0,86.7,27
2025-06-16,balaghat,Balaghat Mine,Monday,6,1311,1084,227,17.32,Medium,equipment_downtime,18.1,29.5,36.7,0.259,9.3,1.4,0.2,7.7,96.9,0.0,0.0,96.8,43
2025-06-17,balaghat,Balaghat Mine,Tuesday,6,1336,187,1149,86.0,High,equipment_downtime,4.8,27.3,37.6,0.277,55.4,21.8,0.6,33.0,81.7,1.0,0.0,99.0,8
2025-06-18,balaghat,Balaghat Mine,Wednesday,6,1335,1317,18,1.35,Low,nominal_operations,0.6,26.5,38.3,0.276,3.6,0.4,1.3,1.9,98.0,0.0,0.0,93.2,53
2025-06-19,balaghat,Balaghat Mine,Thursday,6,1301,1212,89,6.84,Medium,equipment_downtime,3.9,30.6,36.4,0.242,3.6,0.2,1.9,1.5,98.0,0.0,0.0,98.0,50
2025-06-20,balaghat,Balaghat Mine,Friday,6,1296,1147,149,11.5,Medium,equipment_downtime,3.7,27.3,38.1,0.278,5.5,0.6,0.4,4.5,98.0,0.0,0.0,99.0,47
2025-06-21,balaghat,Balaghat Mine,Saturday,6,1313,1200,113,8.61,Medium,equipment_downtime,3.0,34.1,37.4,0.271,4.8,1.1,0.6,3.1,98.0,0.0,0.0,91.8,48
2025-06-22,balaghat,Balaghat Mine,Sunday,6,1328,1124,204,15.36,Medium,labor_attendance,23.2,38.8,37.3,0.294,4.7,1.3,0.5,2.9,98.0,0.0,0.0,84.6,47
2025-06-23,balaghat,Balaghat Mine,Monday,6,1262,1066,196,15.53,Medium,equipment_downtime,3.6,28.5,37.4,0.232,4.9,0.4,1.3,3.2,98.0,0.0,0.0,99.0,46
2025-06-24,balaghat,Balaghat Mine,Tuesday,6,1266,1131,135,10.66,Medium,equipment_downtime,1.5,26.6,37.3,0.374,5.4,0.4,1.7,3.3,98.0,1.0,0.0,94.2,45
2025-06-25,balaghat,Balaghat Mine,Wednesday,6,1331,754,577,43.35,High,weather_stoppage,31.5,39.4,35.3,0.256,9.9,5.3,1.9,2.7,96.7,0.0,4.1,90.0,28
2025-06-26,balaghat,Balaghat Mine,Thursday,6,1283,1112,171,13.33,Medium,equipment_downtime,17.1,32.7,36.9,0.261,5.7,1.1,1.2,3.4,98.0,0.0,0.0,89.8,44
2025-06-27,balaghat,Balaghat Mine,Friday,6,1268,1178,90,7.1,Medium,equipment_downtime,2.3,31.2,34.9,0.328,6.2,1.4,1.0,3.8,97.9,0.0,0.0,95.4,45
2025-06-28,balaghat,Balaghat Mine,Saturday,6,1307,1254,53,4.06,Low,equipment_downtime,15.3,34.8,35.5,0.229,4.3,0.7,1.7,1.9,98.0,0.0,0.0,93.4,51
2025-06-29,balaghat,Balaghat Mine,Sunday,6,1339,831,508,37.94,High,equipment_downtime,28.0,39.2,37.4,0.326,13.6,5.4,0.3,7.9,95.5,0.0,2.2,92.4,38
2025-06-30,balaghat,Balaghat Mine,Monday,6,1290,1181,109,8.45,Medium,equipment_downtime,1.9,28.1,34.7,0.352,5.7,0.8,1.7,3.2,98.0,0.0,0.0,93.4,48
2025-07-01,balaghat,Balaghat Mine,Tuesday,7,1246,1083,163,13.08,Medium,equipment_downtime,0.6,35.9,39.9,0.297,8.8,3.8,0.5,4.5,97.1,0.0,0.0,93.6,44
2025-07-02,balaghat,Balaghat Mine,Wednesday,7,1244,445,799,64.23,High,equipment_downtime,30.5,41.7,34.6,0.328,19.8,12.7,0.9,6.2,93.5,0.0,3.2,89.2,20
2025-07-03,balaghat,Balaghat Mine,Thursday,7,1286,1155,131,10.19,Medium,equipment_downtime,4.7,32.1,39.0,0.251,5.5,1.0,1.5,3.0,98.0,0.0,0.0,95.1,49
2025-07-04,balaghat,Balaghat Mine,Friday,7,1223,998,225,18.4,High,equipment_downtime,4.4,30.6,36.9,0.251,7.3,1.2,4.8,1.3,97.6,0.0,0.0,92.3,42
2025-07-05,balaghat,Balaghat Mine,Saturday,7,1224,1036,188,15.36,Medium,equipment_downtime,16.9,35.5,35.6,0.378,3.7,0.5,2.0,1.2,98.0,0.0,0.0,87.2,39
2025-07-06,balaghat,Balaghat Mine,Sunday,7,1260,1095,165,13.1,Medium,equipment_downtime,1.8,31.8,40.1,0.34,4.6,0.5,1.5,2.6,98.0,0.0,0.0,91.1,41
2025-07-07,balaghat,Balaghat Mine,Monday,7,1200,702,498,41.5,High,equipment_downtime,1.3,31.4,40.5,0.381,22.4,15.8,0.4,6.2,92.6,0.0,0.0,99.0,30
2025-07-08,balaghat,Balaghat Mine,Tuesday,7,1221,187,1034,84.68,High,weather_stoppage,96.7,58.0,25.3,0.354,4.1,0.7,0.7,2.7,98.0,0.0,12.0,85.7,8
2025-07-09,balaghat,Balaghat Mine,Wednesday,7,1255,631,624,49.72,High,equipment_downtime,20.6,38.4,35.4,0.293,24.9,7.7,1.5,15.7,91.8,0.0,0.0,92.0,26
2025-07-10,balaghat,Balaghat Mine,Thursday,7,1277,537,740,57.95,High,equipment_downtime,0.8,31.1,37.7,0.37,28.0,20.5,0.4,7.1,90.7,0.0,0.0,91.9,20
2025-07-11,balaghat,Balaghat Mine,Friday,7,1213,1068,145,11.95,Medium,equipment_downtime,8.1,33.9,34.9,0.335,2.9,1.1,0.8,1.0,98.0,0.0,0.0,92.9,44
2025-07-12,balaghat,Balaghat Mine,Saturday,7,1247,822,425,34.08,High,equipment_downtime,16.7,43.3,35.5,0.417,10.3,0.9,6.7,2.7,96.6,0.0,0.0,84.7,35
2025-07-13,balaghat,Balaghat Mine,Sunday,7,1238,1090,148,11.95,Medium,equipment_downtime,4.0,34.5,37.7,0.298,6.1,1.5,0.8,3.8,98.0,0.0,0.0,96.5,43
2025-07-14,balaghat,Balaghat Mine,Monday,7,1217,1117,100,8.22,Medium,equipment_downtime,1.8,35.3,36.0,0.367,3.6,0.3,0.7,2.6,98.0,0.4,0.0,96.2,46
2025-07-15,balaghat,Balaghat Mine,Tuesday,7,1272,1119,153,12.03,Medium,equipment_downtime,4.4,39.3,36.5,0.328,4.1,1.1,1.4,1.6,98.0,0.0,0.0,95.0,43
2025-07-16,balaghat,Balaghat Mine,Wednesday,7,1262,1020,242,19.18,High,equipment_downtime,4.8,32.9,37.0,0.373,5.9,0.6,1.1,4.2,98.0,0.0,0.0,87.9,43
2025-07-17,balaghat,Balaghat Mine,Thursday,7,1252,930,322,25.72,High,weather_stoppage,26.9,38.7,34.9,0.354,6.3,1.1,1.3,3.9,97.9,0.0,2.4,93.9,36
2025-07-18,balaghat,Balaghat Mine,Friday,7,1248,1137,111,8.89,Medium,equipment_downtime,1.4,35.1,37.6,0.399,4.5,1.4,2.0,1.1,98.0,0.0,0.0,95.5,49
2025-07-19,balaghat,Balaghat Mine,Saturday,7,1308,1200,108,8.26,Medium,equipment_downtime,4.9,35.9,36.0,0.382,5.3,0.8,1.2,3.3,98.0,0.0,0.0,88.0,46
2025-07-20,balaghat,Balaghat Mine,Sunday,7,1270,1013,257,20.24,High,equipment_downtime,4.0,39.0,34.5,0.333,5.5,0.8,1.2,3.5,98.0,0.0,0.0,88.9,40
2025-07-21,balaghat,Balaghat Mine,Monday,7,1269,1118,151,11.9,Medium,equipment_downtime,1.4,36.1,35.2,0.41,6.4,1.1,0.9,4.4,97.9,0.0,0.0,93.6,39
2025-07-22,balaghat,Balaghat Mine,Tuesday,7,1250,887,363,29.04,High,equipment_downtime,3.2,34.3,35.4,0.411,13.6,4.8,6.7,2.1,95.5,0.0,0.0,95.2,36
2025-07-23,balaghat,Balaghat Mine,Wednesday,7,1241,711,530,42.71,High,weather_stoppage,35.1,46.4,34.4,0.361,3.7,0.8,0.8,2.1,98.0,0.0,4.1,89.3,30
2025-07-24,balaghat,Balaghat Mine,Thursday,7,1238,1001,237,19.14,High,equipment_downtime,7.8,38.3,37.5,0.447,4.8,1.5,0.9,2.4,98.0,1.3,0.0,93.1,44
2025-07-25,balaghat,Balaghat Mine,Friday,7,1230,918,312,25.37,High,blasting_delays,14.0,38.0,36.0,0.376,4.6,1.4,0.6,2.6,98.0,3.5,0.0,96.2,36
2025-07-26,balaghat,Balaghat Mine,Saturday,7,1186,917,269,22.68,High,equipment_downtime,3.9,41.9,37.2,0.322,7.0,1.4,1.5,4.1,97.7,0.0,0.0,90.7,38
2025-07-27,balaghat,Balaghat Mine,Sunday,7,1280,1186,94,7.34,Medium,equipment_downtime,1.0,34.0,34.3,0.401,2.8,0.4,0.5,1.9,98.0,0.0,0.0,91.7,48
2025-07-28,balaghat,Balaghat Mine,Monday,7,1256,1078,178,14.17,Medium,equipment_downtime,4.1,34.0,34.4,0.348,5.7,0.8,1.9,3.0,98.0,0.0,0.0,88.1,43
2025-07-29,balaghat,Balaghat Mine,Tuesday,7,1233,1146,87,7.06,Medium,equipment_downtime,0.4,37.6,35.2,0.421,4.7,1.1,1.7,1.9,98.0,0.0,0.0,98.7,49
2025-07-30,balaghat,Balaghat Mine,Wednesday,7,1243,1096,147,11.83,Medium,equipment_downtime,4.1,38.9,30.7,0.4,5.0,0.4,1.3,3.3,98.0,0.0,0.0,91.8,43
2025-07-31,balaghat,Balaghat Mine,Thursday,7,1319,187,1132,85.82,High,weather_stoppage,67.6,56.8,30.8,0.396,5.0,1.3,1.9,1.8,98.0,0.0,9.4,95.1,6
2025-08-01,balaghat,Balaghat Mine,Friday,8,1239,1022,217,17.51,Medium,equipment_downtime,12.8,37.2,34.2,0.44,11.3,6.8,0.5,4.0,96.3,0.0,0.0,92.4,40
2025-08-02,balaghat,Balaghat Mine,Saturday,8,1239,1037,202,16.3,Medium,equipment_downtime,17.5,41.6,32.3,0.492,5.1,0.7,0.8,3.6,98.0,0.0,0.0,99.0,41
2025-08-03,balaghat,Balaghat Mine,Sunday,8,1192,757,435,36.49,High,equipment_downtime,16.9,42.9,30.9,0.46,16.5,3.3,5.8,7.4,94.5,0.0,0.0,92.5,27
2025-08-04,balaghat,Balaghat Mine,Monday,8,1163,191,972,83.58,High,weather_stoppage,57.3,51.2,26.9,0.411,5.8,1.0,1.0,3.8,98.0,0.0,7.2,90.1,8
2025-08-05,balaghat,Balaghat Mine,Tuesday,8,1223,1040,183,14.96,Medium,equipment_downtime,9.7,39.1,34.6,0.416,7.8,1.8,1.8,4.2,97.4,0.0,0.0,97.9,38
2025-08-06,balaghat,Balaghat Mine,Wednesday,8,1174,622,552,47.02,High,equipment_downtime,26.8,44.7,31.0,0.398,12.6,3.2,1.6,7.8,95.8,0.0,2.5,92.8,24
2025-08-07,balaghat,Balaghat Mine,Thursday,8,1176,1052,124,10.54,Medium,equipment_downtime,3.4,40.3,32.8,0.411,2.8,0.5,0.4,1.9,98.0,0.0,0.0,99.0,43
2025-08-08,balaghat,Balaghat Mine,Friday,8,1183,984,199,16.82,Medium,equipment_downtime,0.2,40.0,33.6,0.48,5.8,0.9,0.7,4.2,98.0,0.0,0.0,98.6,37
2025-08-09,balaghat,Balaghat Mine,Saturday,8,1209,752,457,37.8,High,weather_stoppage,32.9,43.4,28.5,0.444,8.4,0.8,5.7,1.9,97.2,0.0,3.0,95.2,32
2025-08-10,balaghat,Balaghat Mine,Sunday,8,1214,1175,39,3.21,Low,equipment_downtime,3.1,35.4,32.2,0.455,4.5,0.5,1.3,2.7,98.0,0.0,0.0,96.0,45
2025-08-11,balaghat,Balaghat Mine,Monday,8,1224,751,473,38.64,High,weather_stoppage,33.8,48.8,29.1,0.454,2.7,0.4,1.2,1.1,98.0,0.0,3.4,91.6,31
2025-08-12,balaghat,Balaghat Mine,Tuesday,8,1256,1121,135,10.75,Medium,equipment_downtime,3.4,38.6,32.4,0.448,3.4,1.5,0.9,1.0,98.0,0.0,0.0,97.9,45
2025-08-13,balaghat,Balaghat Mine,Wednesday,8,1204,978,226,18.77,High,equipment_downtime,9.2,41.5,29.1,0.446,5.7,0.8,0.7,4.2,98.0,0.0,0.0,87.1,39
2025-08-14,balaghat,Balaghat Mine,Thursday,8,1214,1048,166,13.67,Medium,equipment_downtime,4.5,40.0,32.7,0.462,4.7,1.1,0.2,3.4,98.0,0.0,0.0,98.9,41
2025-08-15,balaghat,Balaghat Mine,Friday,8,1173,1033,140,11.94,Medium,equipment_downtime,2.2,40.2,35.1,0.469,2.9,0.9,0.9,1.1,98.0,0.0,0.0,88.7,41
2025-08-16,balaghat,Balaghat Mine,Saturday,8,1209,818,391,32.34,High,labor_attendance,0.9,35.0,34.6,0.472,6.3,0.6,1.2,4.5,97.9,0.0,0.0,81.3,35
2025-08-17,balaghat,Balaghat Mine,Sunday,8,1177,1135,42,3.57,Low,equipment_downtime,9.7,42.0,32.2,0.526,5.8,0.8,1.1,3.9,98.0,0.0,0.0,93.4,44
2025-08-18,balaghat,Balaghat Mine,Monday,8,1183,1045,138,11.67,Medium,equipment_downtime,4.5,37.1,30.3,0.512,6.4,0.6,2.8,3.0,97.9,0.0,0.0,90.9,45
2025-08-19,balaghat,Balaghat Mine,Tuesday,8,1248,1017,231,18.51,High,equipment_downtime,17.1,41.5,26.4,0.556,7.5,0.6,3.7,3.2,97.5,0.0,0.0,95.3,44
2025-08-20,balaghat,Balaghat Mine,Wednesday,8,1194,921,273,22.86,High,equipment_downtime,13.5,40.7,34.9,0.53,5.6,1.4,0.5,3.7,98.0,0.0,0.0,88.7,37
2025-08-21,balaghat,Balaghat Mine,Thursday,8,1256,1003,253,20.14,High,equipment_downtime,8.8,43.2,29.8,0.546,4.7,0.9,0.6,3.2,98.0,0.0,0.0,94.0,38
2025-08-22,balaghat,Balaghat Mine,Friday,8,1236,833,403,32.61,High,weather_stoppage,30.7,47.4,27.9,0.496,5.3,1.2,1.5,2.6,98.0,0.0,3.1,87.3,33
2025-08-23,balaghat,Balaghat Mine,Saturday,8,1194,1174,20,1.68,Low,nominal_operations,4.8,34.8,37.6,0.479,4.3,1.3,1.7,1.3,98.0,0.0,0.0,95.3,47
2025-08-24,balaghat,Balaghat Mine,Sunday,8,1195,599,596,49.87,High,weather_stoppage,30.7,53.8,28.0,0.552,5.2,1.0,0.9,3.3,98.0,0.0,3.3,93.6,21
2025-08-25,balaghat,Balaghat Mine,Monday,8,1239,1251,0,0.0,Low,nominal_operations,2.0,35.1,29.2,0.534,2.7,1.0,0.5,1.2,98.0,0.0,0.0,96.4,50
2025-08-26,balaghat,Balaghat Mine,Tuesday,8,1235,844,391,31.66,High,equipment_downtime,3.3,34.9,31.5,0.51,18.4,4.1,2.0,12.3,93.9,0.0,0.0,97.6,32
2025-08-27,balaghat,Balaghat Mine,Wednesday,8,1176,187,989,84.1,High,weather_stoppage,51.9,52.8,25.4,0.447,19.9,3.5,1.3,15.1,93.4,0.0,6.8,87.3,5
2025-08-28,balaghat,Balaghat Mine,Thursday,8,1220,1119,101,8.28,Medium,equipment_downtime,0.3,39.1,28.8,0.521,3.7,1.2,0.9,1.6,98.0,0.0,0.0,96.4,46
2025-08-29,balaghat,Balaghat Mine,Friday,8,1234,1090,144,11.67,Medium,equipment_downtime,3.8,39.6,30.5,0.566,2.4,0.4,0.8,1.2,98.0,0.0,0.0,94.6,45
2025-08-30,balaghat,Balaghat Mine,Saturday,8,1208,1023,185,15.31,Medium,equipment_downtime,16.0,41.4,26.0,0.504,5.7,1.4,0.9,3.4,98.0,0.0,0.0,95.1,43
2025-08-31,balaghat,Balaghat Mine,Sunday,8,1189,928,261,21.95,High,equipment_downtime,0.3,33.6,28.2,0.519,6.6,0.8,1.5,4.3,97.8,1.1,0.0,95.0,40
2025-09-01,balaghat,Balaghat Mine,Monday,9,1191,1058,133,11.17,Medium,equipment_downtime,1.5,39.2,32.4,0.564,3.1,0.3,0.4,2.4,98.0,0.0,0.0,98.6,39
2025-09-02,balaghat,Balaghat Mine,Tuesday,9,1186,934,252,21.25,High,weather_stoppage,20.8,45.7,27.4,0.57,3.9,0.5,1.0,2.4,98.0,1.4,0.0,91.2,41
2025-09-03,balaghat,Balaghat Mine,Wednesday,9,1164,1017,147,12.63,Medium,equipment_downtime,4.2,34.8,28.4,0.522,6.3,0.8,1.3,4.2,97.9,0.0,0.0,99.0,40
2025-09-04,balaghat,Balaghat Mine,Thursday,9,1165,187,978,83.95,High,weather_stoppage,90.1,58.0,21.1,0.616,17.7,1.1,13.3,3.3,94.1,0.0,12.0,96.4,8
2025-09-05,balaghat,Balaghat Mine,Friday,9,1150,1023,127,11.04,Medium,equipment_downtime,1.8,36.3,29.4,0.594,4.0,0.4,1.5,2.1,98.0,0.0,0.0,92.8,43
2025-09-06,balaghat,Balaghat Mine,Saturday,9,1176,1035,141,11.99,Medium,equipment_downtime,8.9,36.6,28.1,0.488,3.8,0.3,1.3,2.2,98.0,1.7,0.0,99.0,38
2025-09-07,balaghat,Balaghat Mine,Sunday,9,1180,778,402,34.07,High,equipment_downtime,2.9,38.6,30.2,0.545,17.9,10.3,1.7,5.9,94.1,0.0,0.0,90.0,37
2025-09-08,balaghat,Balaghat Mine,Monday,9,1176,1080,96,8.16,Medium,equipment_downtime,2.8,37.5,30.2,0.519,6.9,1.3,1.8,3.8,97.7,0.0,0.0,90.9,45
2025-09-09,balaghat,Balaghat Mine,Tuesday,9,1164,999,165,14.18,Medium,equipment_downtime,1.6,32.6,31.3,0.561,5.1,0.6,0.3,4.2,98.0,0.7,0.0,97.7,41
2025-09-10,balaghat,Balaghat Mine,Wednesday,9,1137,638,499,43.89,High,equipment_downtime,9.2,45.0,29.4,0.621,19.1,8.3,1.7,9.1,93.7,0.0,0.0,99.0,26
2025-09-11,balaghat,Balaghat Mine,Thursday,9,1164,1034,130,11.17,Medium,equipment_downtime,2.1,36.4,29.8,0.591,3.2,0.3,0.5,2.4,98.0,0.0,0.0,87.7,42
2025-09-12,balaghat,Balaghat Mine,Friday,9,1182,229,953,80.63,High,weather_stoppage,48.2,52.8,22.1,0.583,5.0,1.1,1.9,2.0,98.0,0.0,6.7,98.5,11
2025-09-13,balaghat,Balaghat Mine,Saturday,9,1163,916,247,21.24,High,equipment_downtime,23.3,42.5,24.3,0.619,6.1,1.5,1.2,3.4,98.0,0.2,0.0,98.8,39
2025-09-14,balaghat,Balaghat Mine,Sunday,9,1189,187,1002,84.27,High,weather_stoppage,99.3,58.0,17.9,0.577,5.8,0.8,0.7,4.3,98.0,0.0,12.0,89.9,10
2025-09-15,balaghat,Balaghat Mine,Monday,9,1149,991,158,13.75,Medium,equipment_downtime,6.0,37.7,26.9,0.623,5.2,1.1,0.4,3.7,98.0,0.0,0.0,87.4,40
2025-09-16,balaghat,Balaghat Mine,Tuesday,9,1166,1079,87,7.46,Medium,equipment_downtime,2.5,37.3,29.2,0.613,2.0,0.2,0.6,1.2,98.0,0.0,0.0,93.0,46
2025-09-17,balaghat,Balaghat Mine,Wednesday,9,1124,922,202,17.97,Medium,equipment_downtime,1.7,37.2,26.6,0.521,10.3,4.4,0.6,5.3,96.6,0.0,0.0,98.4,37
2025-09-18,balaghat,Balaghat Mine,Thursday,9,1190,1045,145,12.18,Medium,equipment_downtime,2.9,37.2,29.0,0.626,5.8,0.9,1.9,3.0,98.0,0.0,0.0,93.6,37
2025-09-19,balaghat,Balaghat Mine,Friday,9,1145,939,206,17.99,Medium,equipment_downtime,4.8,36.7,29.2,0.63,5.5,1.1,0.5,3.9,98.0,0.0,0.0,85.4,37
2025-09-20,balaghat,Balaghat Mine,Saturday,9,1189,1013,176,14.8,Medium,equipment_downtime,4.7,32.9,29.9,0.623,5.7,0.4,1.6,3.7,98.0,0.0,0.0,95.1,38
2025-09-21,balaghat,Balaghat Mine,Sunday,9,1154,1058,96,8.32,Medium,equipment_downtime,3.7,33.8,24.6,0.664,6.7,1.0,1.6,4.1,97.8,0.0,0.0,93.2,44
2025-09-22,balaghat,Balaghat Mine,Monday,9,1191,194,997,83.71,High,weather_stoppage,70.0,50.0,20.2,0.61,4.3,1.1,0.8,2.4,98.0,0.0,8.8,99.0,6
2025-09-23,balaghat,Balaghat Mine,Tuesday,9,1124,951,173,15.39,Medium,labor_attendance,4.2,35.0,23.1,0.574,4.1,0.4,1.1,2.6,98.0,0.0,0.0,83.9,40
2025-09-24,balaghat,Balaghat Mine,Wednesday,9,1135,640,495,43.61,High,weather_stoppage,33.4,42.5,26.0,0.612,4.9,0.3,1.4,3.2,98.0,0.0,4.1,92.3,26
2025-09-25,balaghat,Balaghat Mine,Thursday,9,1175,1111,64,5.45,Low,equipment_downtime,2.4,35.9,30.0,0.511,6.3,0.4,1.8,4.1,97.9,0.0,0.0,91.3,43
2025-09-26,balaghat,Balaghat Mine,Friday,9,1154,1067,87,7.54,Medium,equipment_downtime,5.2,30.8,27.7,0.596,5.2,0.6,0.4,4.2,98.0,0.0,0.0,90.7,42
2025-09-27,balaghat,Balaghat Mine,Saturday,9,1139,1000,139,12.2,Medium,equipment_downtime,1.3,33.8,28.1,0.563,5.0,1.2,1.8,2.0,98.0,0.0,0.0,98.1,39
2025-09-28,balaghat,Balaghat Mine,Sunday,9,1176,999,177,15.05,Medium,equipment_downtime,10.0,37.7,23.5,0.617,4.7,0.8,0.3,3.6,98.0,0.0,0.0,89.4,41
2025-09-29,balaghat,Balaghat Mine,Monday,9,1195,1074,121,10.13,Medium,equipment_downtime,8.3,32.0,25.8,0.571,4.8,1.4,1.7,1.7,98.0,0.0,0.0,91.1,43
2025-09-30,balaghat,Balaghat Mine,Tuesday,9,1127,815,312,27.68,High,equipment_downtime,4.1,27.3,23.8,0.613,6.7,2.6,1.4,2.7,97.8,0.0,0.0,82.8,30
2025-10-01,balaghat,Balaghat Mine,Wednesday,10,1152,999,153,13.28,Medium,equipment_downtime,0.0,31.0,28.2,0.602,5.0,0.2,0.5,4.3,98.0,0.0,0.0,93.3,40
2025-10-02,balaghat,Balaghat Mine,Thursday,10,1106,907,199,17.99,Medium,equipment_downtime,0.0,33.5,24.6,0.636,7.9,2.6,0.8,4.5,97.4,0.0,0.0,94.2,39
2025-10-03,balaghat,Balaghat Mine,Friday,10,1171,996,175,14.94,Medium,equipment_downtime,0.0,31.9,27.4,0.534,5.5,0.7,0.8,4.0,98.0,1.5,0.0,94.8,40
2025-10-04,balaghat,Balaghat Mine,Saturday,10,1142,1023,119,10.42,Medium,equipment_downtime,0.0,32.1,25.1,0.595,6.1,0.7,1.7,3.7,98.0,0.0,0.0,90.6,42
2025-10-05,balaghat,Balaghat Mine,Sunday,10,1200,1154,46,3.83,Low,equipment_downtime,0.0,31.1,26.0,0.631,3.8,0.4,1.9,1.5,98.0,0.0,0.0,90.7,45
2025-10-06,balaghat,Balaghat Mine,Monday,10,1167,656,511,43.79,High,equipment_downtime,0.0,29.6,26.3,0.675,21.3,16.5,1.1,3.7,93.0,0.0,0.0,92.9,27
2025-10-07,balaghat,Balaghat Mine,Tuesday,10,1161,879,282,24.29,High,equipment_downtime,0.0,30.0,24.3,0.592,7.0,1.2,2.9,2.9,97.7,0.0,0.0,89.4,34
2025-10-08,balaghat,Balaghat Mine,Wednesday,10,1115,819,296,26.55,High,equipment_downtime,2.5,31.5,25.0,0.693,6.9,0.4,1.3,5.2,97.7,0.0,0.0,98.2,35
2025-10-09,balaghat,Balaghat Mine,Thursday,10,1104,1046,58,5.25,Low,equipment_downtime,0.0,27.3,22.6,0.594,2.5,0.7,0.6,1.2,98.0,0.0,0.0,88.8,41
2025-10-10,balaghat,Balaghat Mine,Friday,10,1160,1089,71,6.12,Medium,equipment_downtime,0.0,32.2,22.6,0.657,4.2,0.6,0.3,3.3,98.0,0.0,0.0,93.3,42
2025-10-11,balaghat,Balaghat Mine,Saturday,10,1110,490,620,55.86,High,equipment_downtime,0.0,33.3,24.6,0.645,25.5,14.4,0.3,10.8,91.6,0.0,0.0,89.0,16
2025-10-12,balaghat,Balaghat Mine,Sunday,10,1146,1097,49,4.28,Low,equipment_downtime,0.0,22.3,24.0,0.656,4.5,0.6,1.2,2.7,98.0,0.0,0.0,98.0,46
2025-10-13,balaghat,Balaghat Mine,Monday,10,1154,1055,99,8.58,Medium,equipment_downtime,0.0,29.8,26.5,0.647,3.7,0.7,1.1,1.9,98.0,0.4,0.0,89.5,43
2025-10-14,balaghat,Balaghat Mine,Tuesday,10,1185,1115,70,5.91,Low,equipment_downtime,0.0,32.4,25.9,0.605,3.3,0.4,0.6,2.3,98.0,0.0,0.0,95.3,44
2025-10-15,balaghat,Balaghat Mine,Wednesday,10,1154,1009,145,12.56,Medium,equipment_downtime,0.0,25.4,23.3,0.661,4.0,1.5,0.2,2.3,98.0,0.0,0.0,92.7,38
2025-10-16,balaghat,Balaghat Mine,Thursday,10,1141,993,148,12.97,Medium,equipment_downtime,0.0,27.8,22.6,0.613,4.8,1.2,0.8,2.8,98.0,0.0,0.0,95.9,37
2025-10-17,balaghat,Balaghat Mine,Friday,10,1127,755,372,33.01,High,equipment_downtime,0.0,26.7,20.6,0.605,10.4,0.6,7.3,2.5,96.6,0.0,0.0,86.0,30
2025-10-18,balaghat,Balaghat Mine,Saturday,10,1109,986,123,11.09,Medium,equipment_downtime,0.0,23.8,22.4,0.614,3.3,1.4,0.6,1.3,98.0,0.0,0.0,93.6,39
2025-10-19,balaghat,Balaghat Mine,Sunday,10,1161,970,191,16.45,Medium,equipment_downtime,0.0,30.4,24.4,0.648,4.7,0.6,1.8,2.3,98.0,0.0,0.0,96.6,43
2025-10-20,balaghat,Balaghat Mine,Monday,10,1129,1009,120,10.63,Medium,equipment_downtime,0.0,28.3,22.8,0.665,4.6,0.2,1.5,2.9,98.0,0.0,0.0,90.2,39
2025-10-21,balaghat,Balaghat Mine,Tuesday,10,1154,924,230,19.93,High,equipment_downtime,0.0,22.8,21.4,0.657,6.8,1.5,0.5,4.8,97.8,0.0,0.0,88.8,40
2025-10-22,balaghat,Balaghat Mine,Wednesday,10,1155,874,281,24.33,High,equipment_downtime,0.0,27.4,22.7,0.618,5.9,0.4,1.4,4.1,98.0,0.0,0.0,92.7,32
2025-10-23,balaghat,Balaghat Mine,Thursday,10,1185,1055,130,10.97,Medium,equipment_downtime,0.0,22.8,26.4,0.672,5.0,1.0,2.0,2.0,98.0,0.2,0.0,92.5,44
2025-10-24,balaghat,Balaghat Mine,Friday,10,1117,559,558,49.96,High,equipment_downtime,0.0,24.6,26.6,0.632,22.8,2.9,0.6,19.3,92.5,0.0,0.0,93.6,22
2025-10-25,balaghat,Balaghat Mine,Saturday,10,1176,1183,0,0.0,Low,nominal_operations,0.0,30.7,22.7,0.663,3.4,0.7,1.1,1.6,98.0,0.0,0.0,94.6,47
2025-10-26,balaghat,Balaghat Mine,Sunday,10,1159,1031,128,11.04,Medium,labor_attendance,0.0,23.2,23.0,0.604,2.1,0.3,0.6,1.2,98.0,0.0,0.0,86.4,40
2025-10-27,balaghat,Balaghat Mine,Monday,10,1163,1120,43,3.7,Low,equipment_downtime,0.0,18.7,21.6,0.643,2.5,0.4,0.6,1.5,98.0,0.0,0.0,91.6,44
2025-10-28,balaghat,Balaghat Mine,Tuesday,10,1172,1041,131,11.18,Medium,equipment_downtime,0.0,24.5,23.1,0.661,3.4,0.5,0.4,2.5,98.0,0.0,0.0,93.1,40
2025-10-29,balaghat,Balaghat Mine,Wednesday,10,1144,1084,60,5.24,Low,equipment_downtime,0.0,22.0,23.6,0.58,6.3,0.3,1.6,4.4,97.9,0.0,0.0,93.1,45
2025-10-30,balaghat,Balaghat Mine,Thursday,10,1198,902,296,24.71,High,equipment_downtime,0.0,20.1,19.5,0.655,7.9,0.3,5.6,2.0,97.4,0.0,0.0,88.1,37
2025-10-31,balaghat,Balaghat Mine,Friday,10,1179,1014,165,13.99,Medium,equipment_downtime,0.0,23.1,21.6,0.68,4.3,0.7,0.2,3.4,98.0,0.0,0.0,92.3,40
2025-11-01,balaghat,Balaghat Mine,Saturday,11,1156,1040,116,10.03,Medium,equipment_downtime,0.0,21.5,23.2,0.616,3.6,0.3,1.8,1.5,98.0,0.0,0.0,93.1,39
2025-11-02,balaghat,Balaghat Mine,Sunday,11,1147,1004,143,12.47,Medium,equipment_downtime,0.0,23.0,24.1,0.665,3.0,1.0,0.7,1.3,98.0,0.0,0.0,92.1,41
2025-11-03,balaghat,Balaghat Mine,Monday,11,1173,1094,79,6.73,Medium,equipment_downtime,0.0,26.1,21.8,0.635,5.8,1.1,0.2,4.5,98.0,0.0,0.0,93.0,43
2025-11-04,balaghat,Balaghat Mine,Tuesday,11,1192,971,221,18.54,High,blasting_delays,0.0,24.0,19.3,0.529,2.9,1.1,0.6,1.2,98.0,2.6,0.0,95.4,40
2025-11-05,balaghat,Balaghat Mine,Wednesday,11,1162,630,532,45.78,High,equipment_downtime,0.0,17.2,20.8,0.588,25.5,18.8,1.4,5.3,91.6,0.0,0.0,92.0,25
2025-11-06,balaghat,Balaghat Mine,Thursday,11,1161,1057,104,8.96,Medium,equipment_downtime,0.0,16.6,23.7,0.612,4.6,0.6,1.0,3.0,98.0,0.0,0.0,90.4,43
2025-11-07,balaghat,Balaghat Mine,Friday,11,1171,1096,75,6.4,Medium,equipment_downtime,0.0,26.2,26.8,0.603,3.7,0.6,1.3,1.8,98.0,0.0,0.0,95.0,44
2025-11-08,balaghat,Balaghat Mine,Saturday,11,1210,1054,156,12.89,Medium,equipment_downtime,0.0,20.4,25.3,0.636,6.5,1.3,1.3,3.9,97.9,0.0,0.0,95.3,42
2025-11-09,balaghat,Balaghat Mine,Sunday,11,1159,984,175,15.1,Medium,equipment_downtime,0.0,21.7,24.1,0.606,5.8,0.9,1.5,3.4,98.0,0.0,0.0,87.7,35
2025-11-10,balaghat,Balaghat Mine,Monday,11,1166,1085,81,6.95,Medium,equipment_downtime,0.0,19.7,21.6,0.65,5.3,0.6,2.0,2.7,98.0,0.0,0.0,93.1,42
2025-11-11,balaghat,Balaghat Mine,Tuesday,11,1161,1048,113,9.73,Medium,equipment_downtime,0.0,24.0,24.2,0.648,4.2,1.1,1.2,1.9,98.0,0.0,0.0,89.7,41
2025-11-12,balaghat,Balaghat Mine,Wednesday,11,1162,1078,84,7.23,Medium,equipment_downtime,0.0,16.9,21.6,0.609,4.6,0.8,0.7,3.1,98.0,0.0,0.0,99.0,43
2025-11-13,balaghat,Balaghat Mine,Thursday,11,1160,994,166,14.31,Medium,equipment_downtime,0.0,18.8,22.2,0.636,4.5,0.7,1.8,2.0,98.0,1.3,0.0,95.4,40
2025-11-14,balaghat,Balaghat Mine,Friday,11,1105,1043,62,5.61,Low,equipment_downtime,0.0,18.6,21.0,0.622,4.7,1.3,1.7,1.7,98.0,0.0,0.0,91.3,40
2025-11-15,balaghat,Balaghat Mine,Saturday,11,1150,883,267,23.22,High,equipment_downtime,15.1,22.6,22.5,0.597,11.3,0.6,7.9,2.8,96.3,1.4,0.0,92.3,35
2025-11-16,balaghat,Balaghat Mine,Sunday,11,1205,1058,147,12.2,Medium,equipment_downtime,0.0,22.0,26.3,0.58,6.3,1.4,0.4,4.5,97.9,0.0,0.0,89.4,46
2025-11-17,balaghat,Balaghat Mine,Monday,11,1179,1011,168,14.25,Medium,equipment_downtime,0.0,15.3,22.8,0.622,4.3,0.8,1.2,2.3,98.0,0.0,0.0,88.3,44
2025-11-18,balaghat,Balaghat Mine,Tuesday,11,1132,898,234,20.67,High,equipment_downtime,0.0,17.2,24.1,0.623,11.2,0.9,1.8,8.5,96.3,0.0,0.0,91.5,35
2025-11-19,balaghat,Balaghat Mine,Wednesday,11,1094,975,119,10.88,Medium,equipment_downtime,0.0,16.2,18.5,0.596,4.4,0.7,2.0,1.7,98.0,0.0,0.0,93.1,43
2025-11-20,balaghat,Balaghat Mine,Thursday,11,1177,1057,120,10.2,Medium,labor_attendance,11.2,19.7,22.9,0.555,3.1,0.3,0.4,2.4,98.0,0.0,0.0,86.1,43
2025-11-21,balaghat,Balaghat Mine,Friday,11,1124,990,134,11.92,Medium,equipment_downtime,0.0,14.9,22.7,0.636,4.8,1.1,1.6,2.1,98.0,0.0,0.0,99.0,40
2025-11-22,balaghat,Balaghat Mine,Saturday,11,1158,1114,44,3.8,Low,equipment_downtime,0.0,18.2,21.7,0.602,3.0,0.5,1.2,1.3,98.0,0.0,0.0,90.0,44
2025-11-23,balaghat,Balaghat Mine,Sunday,11,1152,1067,85,7.38,Medium,equipment_downtime,0.0,14.5,21.6,0.596,5.5,1.0,2.8,1.7,98.0,0.0,0.0,97.0,46
2025-11-24,balaghat,Balaghat Mine,Monday,11,1134,1014,120,10.58,Medium,equipment_downtime,0.0,10.8,18.7,0.529,3.7,1.0,1.1,1.6,98.0,0.0,0.0,87.0,39
2025-11-25,balaghat,Balaghat Mine,Tuesday,11,1079,501,578,53.57,High,equipment_downtime,0.0,19.0,26.7,0.564,24.9,7.9,2.0,15.0,91.8,1.4,0.0,98.6,18
2025-11-26,balaghat,Balaghat Mine,Wednesday,11,1163,1101,62,5.33,Low,equipment_downtime,0.0,17.8,23.0,0.65,5.1,0.8,2.8,1.5,98.0,0.0,0.0,92.4,44
2025-11-27,balaghat,Balaghat Mine,Thursday,11,1189,1040,149,12.53,Medium,equipment_downtime,0.0,15.2,23.2,0.646,5.7,1.4,1.4,2.9,98.0,0.0,0.0,93.7,38
2025-11-28,balaghat,Balaghat Mine,Friday,11,1182,1082,100,8.46,Medium,equipment_downtime,0.0,14.2,23.2,0.56,7.2,0.7,0.6,5.9,97.6,0.0,0.0,97.8,42
2025-11-29,balaghat,Balaghat Mine,Saturday,11,1116,1010,106,9.5,Medium,equipment_downtime,0.0,16.8,20.6,0.606,5.6,1.3,1.4,2.9,98.0,0.0,0.0,99.0,44
2025-11-30,balaghat,Balaghat Mine,Sunday,11,1160,999,161,13.88,Medium,equipment_downtime,0.0,19.2,19.8,0.615,6.6,1.1,1.8,3.7,97.8,0.0,0.0,90.8,36
2025-12-01,balaghat,Balaghat Mine,Monday,12,1168,963,205,17.55,Medium,equipment_downtime,0.0,16.0,21.4,0.553,6.4,1.0,1.9,3.5,97.9,0.6,0.0,94.2,38
2025-12-02,balaghat,Balaghat Mine,Tuesday,12,1202,1188,14,1.16,Low,nominal_operations,0.0,14.1,22.1,0.658,2.7,0.6,0.6,1.5,98.0,0.0,0.0,95.7,48
2025-12-03,balaghat,Balaghat Mine,Wednesday,12,1160,904,256,22.07,High,equipment_downtime,0.0,15.2,21.1,0.531,11.3,2.5,1.1,7.7,96.3,0.6,0.0,93.8,39
2025-12-04,balaghat,Balaghat Mine,Thursday,12,1211,993,218,18.0,Medium,labor_attendance,0.0,21.4,19.3,0.643,5.1,0.4,1.6,3.1,98.0,0.1,0.0,83.2,38
2025-12-05,balaghat,Balaghat Mine,Friday,12,1184,1016,168,14.19,Medium,equipment_downtime,0.0,17.3,22.9,0.613,6.0,0.4,1.6,4.0,98.0,0.0,0.0,91.2,43
2025-12-06,balaghat,Balaghat Mine,Saturday,12,1239,1059,180,14.53,Medium,equipment_downtime,0.0,15.5,23.1,0.643,7.8,0.3,5.7,1.8,97.4,0.0,0.0,94.9,44
2025-12-07,balaghat,Balaghat Mine,Sunday,12,1206,926,280,23.22,High,equipment_downtime,0.0,12.8,24.4,0.56,11.5,1.2,7.1,3.2,96.2,0.0,0.0,91.5,37
2025-12-08,balaghat,Balaghat Mine,Monday,12,1235,958,277,22.43,High,equipment_downtime,0.0,17.1,22.0,0.625,8.4,1.2,1.3,5.9,97.2,0.0,0.0,88.6,36
2025-12-09,balaghat,Balaghat Mine,Tuesday,12,1225,780,445,36.33,High,equipment_downtime,0.0,16.6,22.9,0.613,15.9,1.3,10.4,4.2,94.7,0.0,0.0,86.9,32
2025-12-10,balaghat,Balaghat Mine,Wednesday,12,1139,941,198,17.38,Medium,equipment_downtime,0.0,20.0,23.6,0.553,5.9,0.3,3.0,2.6,98.0,0.0,0.0,99.0,37
2025-12-11,balaghat,Balaghat Mine,Thursday,12,1173,1063,110,9.38,Medium,equipment_downtime,0.0,11.1,23.2,0.564,3.0,0.7,0.8,1.5,98.0,0.0,0.0,94.3,40
2025-12-12,balaghat,Balaghat Mine,Friday,12,1157,1053,104,8.99,Medium,equipment_downtime,0.0,16.8,25.1,0.591,4.9,1.0,0.5,3.4,98.0,0.0,0.0,96.4,43
2025-12-13,balaghat,Balaghat Mine,Saturday,12,1175,678,497,42.3,High,equipment_downtime,0.0,16.0,22.7,0.534,16.5,4.8,1.8,9.9,94.5,0.0,0.0,91.2,25
2025-12-14,balaghat,Balaghat Mine,Sunday,12,1210,1049,161,13.31,Medium,equipment_downtime,0.0,19.1,22.7,0.602,7.1,1.3,1.6,4.2,97.7,0.0,0.0,90.8,45
2025-12-15,balaghat,Balaghat Mine,Monday,12,1200,1119,81,6.75,Medium,equipment_downtime,20.6,24.3,20.3,0.539,3.8,0.3,0.3,3.2,98.0,0.0,0.0,99.0,44
2025-12-16,balaghat,Balaghat Mine,Tuesday,12,1182,1080,102,8.63,Medium,equipment_downtime,0.0,15.2,20.2,0.544,4.9,0.5,1.0,3.4,98.0,0.0,0.0,89.7,45
2025-12-17,balaghat,Balaghat Mine,Wednesday,12,1210,998,212,17.52,Medium,equipment_downtime,0.0,17.5,23.7,0.517,6.8,1.4,0.9,4.5,97.8,0.0,0.0,95.2,39
2025-12-18,balaghat,Balaghat Mine,Thursday,12,1177,726,451,38.32,High,equipment_downtime,0.0,19.4,24.0,0.511,22.7,9.3,0.3,13.1,92.5,0.0,0.0,91.7,29
2025-12-19,balaghat,Balaghat Mine,Friday,12,1221,1036,185,15.15,Medium,labor_attendance,0.0,16.3,25.3,0.573,2.9,0.7,0.9,1.3,98.0,0.0,0.0,84.6,41
2025-12-20,balaghat,Balaghat Mine,Saturday,12,1165,993,172,14.76,Medium,labor_attendance,0.0,14.7,25.2,0.53,2.8,0.5,1.1,1.2,98.0,0.0,0.0,86.5,40
2025-12-21,balaghat,Balaghat Mine,Sunday,12,1216,1077,139,11.43,Medium,equipment_downtime,0.0,14.9,22.7,0.558,3.9,0.4,0.6,2.9,98.0,0.0,0.0,96.3,42
2025-12-22,balaghat,Balaghat Mine,Monday,12,1184,932,252,21.28,High,equipment_downtime,0.0,21.8,23.4,0.531,7.5,0.5,4.2,2.8,97.5,1.6,0.0,89.4,39
2025-12-23,balaghat,Balaghat Mine,Tuesday,12,1214,1172,42,3.46,Low,equipment_downtime,0.0,16.8,23.5,0.521,4.1,0.8,1.9,1.4,98.0,0.0,0.0,91.9,47
2025-12-24,balaghat,Balaghat Mine,Wednesday,12,1200,1060,140,11.67,Medium,equipment_downtime,0.0,15.1,22.9,0.535,3.6,1.5,0.6,1.5,98.0,0.0,0.0,86.9,44
2025-12-25,balaghat,Balaghat Mine,Thursday,12,1166,992,174,14.92,Medium,equipment_downtime,0.0,12.8,24.1,0.564,5.5,1.2,0.6,3.7,98.0,0.0,0.0,92.6,38
2025-12-26,balaghat,Balaghat Mine,Friday,12,1168,1113,55,4.71,Low,equipment_downtime,0.0,14.9,22.5,0.533,2.4,0.8,0.3,1.3,98.0,0.0,0.0,92.0,46
2025-12-27,balaghat,Balaghat Mine,Saturday,12,1207,1026,181,15.0,Medium,labor_attendance,0.0,17.3,25.0,0.51,4.2,1.5,0.3,2.4,98.0,0.0,0.0,84.3,38
2025-12-28,balaghat,Balaghat Mine,Sunday,12,1196,994,202,16.89,Medium,equipment_downtime,5.6,14.8,20.9,0.538,5.6,1.3,0.5,3.8,98.0,0.0,0.0,94.2,38
2025-12-29,balaghat,Balaghat Mine,Monday,12,1180,983,197,16.69,Medium,equipment_downtime,4.8,15.2,22.9,0.543,6.1,0.3,1.7,4.1,98.0,0.0,0.0,91.8,39
2025-12-30,balaghat,Balaghat Mine,Tuesday,12,1198,956,242,20.2,High,equipment_downtime,0.0,22.1,24.4,0.537,6.4,1.2,1.9,3.3,97.9,2.2,0.0,92.7,40
2023-01-01,dongri_buzurg,Dongri Buzurg Mine,Sunday,1,1064,965,99,9.3,Medium,equipment_downtime,0.0,16.3,25.1,0.543,3.7,1.0,0.7,2.0,98.0,0.0,0.0,88.2,39
2023-01-02,dongri_buzurg,Dongri Buzurg Mine,Monday,1,1051,973,78,7.42,Medium,equipment_downtime,0.0,15.6,27.5,0.514,4.1,0.5,1.9,1.7,98.0,0.0,0.0,97.0,41
2023-01-03,dongri_buzurg,Dongri Buzurg Mine,Tuesday,1,1041,962,79,7.59,Medium,equipment_downtime,0.0,15.5,27.8,0.521,4.9,0.3,1.8,2.8,98.0,0.0,0.0,90.4,39
2023-01-04,dongri_buzurg,Dongri Buzurg Mine,Wednesday,1,1064,933,131,12.31,Medium,equipment_downtime,0.0,14.4,25.4,0.481,3.8,0.8,1.1,1.9,98.0,0.0,0.0,89.7,37
2023-01-05,dongri_buzurg,Dongri Buzurg Mine,Thursday,1,1111,965,146,13.14,Medium,equipment_downtime,0.0,15.2,22.1,0.484,5.1,0.5,0.4,4.2,97.9,0.0,0.0,91.6,37
2023-01-06,dongri_buzurg,Dongri Buzurg Mine,Friday,1,1013,711,302,29.81,High,blasting_delays,0.0,12.6,21.8,0.499,6.1,0.3,1.5,4.3,97.5,4.8,0.0,91.2,28
2023-01-07,dongri_buzurg,Dongri Buzurg Mine,Saturday,1,1015,905,110,10.84,Medium,equipment_downtime,0.0,12.8,24.0,0.482,5.5,0.5,1.8,3.2,97.8,0.0,0.0,92.4,35
2023-01-08,dongri_buzurg,Dongri Buzurg Mine,Sunday,1,1025,836,189,18.44,High,equipment_downtime,0.0,14.2,26.9,0.46,5.8,0.8,1.7,3.3,97.7,1.5,0.0,92.0,32
2023-01-09,dongri_buzurg,Dongri Buzurg Mine,Monday,1,1066,934,132,12.38,Medium,equipment_downtime,0.0,14.8,26.7,0.51,3.8,1.3,0.6,1.9,98.0,0.0,0.0,89.0,37
2023-01-10,dongri_buzurg,Dongri Buzurg Mine,Tuesday,1,1029,826,203,19.73,High,equipment_downtime,0.0,18.5,22.8,0.481,7.7,5.2,1.1,1.4,96.9,0.0,0.0,92.6,33
2023-01-11,dongri_buzurg,Dongri Buzurg Mine,Wednesday,1,1066,898,168,15.76,Medium,equipment_downtime,0.0,11.5,24.1,0.518,5.3,1.1,1.4,2.8,97.9,0.8,0.0,92.6,39
2023-01-12,dongri_buzurg,Dongri Buzurg Mine,Thursday,1,1058,897,161,15.22,Medium,equipment_downtime,0.0,17.3,25.4,0.423,6.6,0.7,1.8,4.1,97.3,0.0,0.0,86.3,36
2023-01-13,dongri_buzurg,Dongri Buzurg Mine,Friday,1,1047,869,178,17.0,Medium,equipment_downtime,4.6,15.5,25.4,0.439,7.4,1.1,1.8,4.5,97.0,0.0,0.0,87.5,33
2023-01-14,dongri_buzurg,Dongri Buzurg Mine,Saturday,1,1080,982,98,9.07,Medium,equipment_downtime,0.0,17.7,21.9,0.421,4.2,1.0,1.3,1.9,98.0,0.6,0.0,97.2,41
2023-01-15,dongri_buzurg,Dongri Buzurg Mine,Sunday,1,1060,892,168,15.85,Medium,equipment_downtime,0.0,14.7,28.4,0.494,5.8,0.6,1.3,3.9,97.7,1.1,0.0,90.2,36
2023-01-16,dongri_buzurg,Dongri Buzurg Mine,Monday,1,1076,985,91,8.46,Medium,equipment_downtime,0.0,16.4,26.3,0.464,3.6,1.4,0.6,1.6,98.0,0.0,0.0,98.0,37
2023-01-17,dongri_buzurg,Dongri Buzurg Mine,Tuesday,1,1056,1025,31,2.94,Low,equipment_downtime,0.0,17.4,22.9,0.504,3.3,1.0,0.7,1.6,98.0,0.0,0.0,91.4,39
2023-01-18,dongri_buzurg,Dongri Buzurg Mine,Wednesday,1,1071,1007,64,5.98,Low,equipment_downtime,0.0,16.1,28.1,0.456,3.4,0.3,0.9,2.2,98.0,0.0,0.0,97.1,42
2023-01-19,dongri_buzurg,Dongri Buzurg Mine,Thursday,1,1061,952,109,10.27,Medium,equipment_downtime,0.0,13.5,22.8,0.474,3.5,1.3,0.9,1.3,98.0,0.0,0.0,95.6,37
2023-01-20,dongri_buzurg,Dongri Buzurg Mine,Friday,1,1047,981,66,6.3,Medium,equipment_downtime,0.0,18.7,24.3,0.427,3.3,0.3,1.8,1.2,98.0,0.1,0.0,99.0,43
2023-01-21,dongri_buzurg,Dongri Buzurg Mine,Saturday,1,1058,978,80,7.56,Medium,equipment_downtime,0.0,18.7,23.8,0.452,2.9,0.6,1.2,1.1,98.0,0.0,0.0,95.9,44
2023-01-22,dongri_buzurg,Dongri Buzurg Mine,Sunday,1,1058,798,260,24.57,High,equipment_downtime,0.0,21.0,29.0,0.412,9.2,0.4,5.8,3.0,96.3,0.0,0.0,83.2,33
2023-01-23,dongri_buzurg,Dongri Buzurg Mine,Monday,1,1024,775,249,24.32,High,equipment_downtime,0.0,15.3,26.5,0.489,14.0,3.2,3.7,7.1,94.4,0.0,0.0,94.0,28
2023-01-24,dongri_buzurg,Dongri Buzurg Mine,Tuesday,1,1094,1074,20,1.83,Low,nominal_operations,0.0,11.2,24.2,0.431,5.6,1.8,0.8,3.0,97.7,0.0,0.0,96.4,45
2023-01-25,dongri_buzurg,Dongri Buzurg Mine,Wednesday,1,1049,883,166,15.82,Medium,equipment_downtime,0.0,20.5,29.7,0.431,6.7,0.2,2.8,3.7,97.3,0.0,0.0,95.6,35
2023-01-26,dongri_buzurg,Dongri Buzurg Mine,Thursday,1,1049,937,112,10.68,Medium,equipment_downtime,0.0,20.9,24.0,0.368,5.2,1.5,1.4,2.3,97.9,0.0,0.0,98.5,38
2023-01-27,dongri_buzurg,Dongri Buzurg Mine,Friday,1,1015,893,122,12.02,Medium,equipment_downtime,0.0,17.8,24.4,0.462,6.3,1.4,0.7,4.2,97.5,0.0,0.0,96.2,34
2023-01-28,dongri_buzurg,Dongri Buzurg Mine,Saturday,1,1025,974,51,4.98,Low,labor_attendance,0.0,14.9,29.7,0.396,1.9,0.4,0.2,1.3,98.0,0.0,0.0,87.4,40
2023-01-29,dongri_buzurg,Dongri Buzurg Mine,Sunday,1,1050,662,388,36.95,High,equipment_downtime,0.0,15.9,25.3,0.384,13.7,7.4,1.2,5.1,94.5,0.0,0.0,85.6,25
2023-01-30,dongri_buzurg,Dongri Buzurg Mine,Monday,1,1056,856,200,18.94,High,labor_attendance,0.0,10.5,28.7,0.422,6.1,1.0,1.3,3.8,97.5,0.0,0.0,82.5,33
2023-01-31,dongri_buzurg,Dongri Buzurg Mine,Tuesday,1,1030,941,89,8.64,Medium,equipment_downtime,0.0,13.9,29.8,0.409,4.8,0.4,1.6,2.8,98.0,0.0,0.0,90.8,41
2023-02-01,dongri_buzurg,Dongri Buzurg Mine,Wednesday,2,1092,999,93,8.52,Medium,equipment_downtime,0.0,16.8,28.1,0.38,3.1,0.3,1.0,1.8,98.0,0.0,0.0,90.8,38
2023-02-02,dongri_buzurg,Dongri Buzurg Mine,Thursday,2,1083,737,346,31.95,High,equipment_downtime,0.0,14.1,25.1,0.417,17.4,2.6,1.1,13.7,93.0,0.0,0.0,95.1,32
2023-02-03,dongri_buzurg,Dongri Buzurg Mine,Friday,2,1092,1006,86,7.88,Medium,labor_attendance,0.0,20.0,26.4,0.436,2.8,0.4,0.7,1.7,98.0,0.0,0.0,87.1,39
2023-02-04,dongri_buzurg,Dongri Buzurg Mine,Saturday,2,1097,1042,55,5.01,Low,equipment_downtime,0.0,13.7,25.9,0.358,4.7,0.4,0.3,4.0,98.0,0.0,0.0,93.5,42
2023-02-05,dongri_buzurg,Dongri Buzurg Mine,Sunday,2,1112,997,115,10.34,Medium,equipment_downtime,0.0,16.3,25.8,0.371,6.5,0.5,4.0,2.0,97.4,0.0,0.0,95.7,36
2023-02-06,dongri_buzurg,Dongri Buzurg Mine,Monday,2,1083,909,174,16.07,Medium,equipment_downtime,0.0,10.8,26.7,0.353,5.9,1.4,0.9,3.6,97.6,0.0,0.0,88.0,35
2023-02-07,dongri_buzurg,Dongri Buzurg Mine,Tuesday,2,1072,1036,36,3.36,Low,equipment_downtime,0.0,17.3,28.3,0.351,6.8,1.3,2.0,3.5,97.3,0.0,0.0,96.7,43
2023-02-08,dongri_buzurg,Dongri Buzurg Mine,Wednesday,2,1105,915,190,17.19,Medium,equipment_downtime,0.0,16.6,27.4,0.332,6.1,1.0,1.2,3.9,97.5,0.7,0.0,97.6,37
2023-02-09,dongri_buzurg,Dongri Buzurg Mine,Thursday,2,1050,910,140,13.33,Medium,equipment_downtime,0.0,18.5,28.9,0.424,5.5,1.2,1.0,3.3,97.8,0.0,0.0,91.6,35
2023-02-10,dongri_buzurg,Dongri Buzurg Mine,Friday,2,1074,979,95,8.85,Medium,equipment_downtime,0.0,17.2,31.0,0.395,4.7,0.6,1.2,2.9,98.0,0.0,0.0,96.5,38
2023-02-11,dongri_buzurg,Dongri Buzurg Mine,Saturday,2,1091,870,221,20.26,High,equipment_downtime,0.0,16.7,29.3,0.374,11.0,0.6,2.7,7.7,95.6,0.0,0.0,96.4,36
2023-02-12,dongri_buzurg,Dongri Buzurg Mine,Sunday,2,1090,956,134,12.29,Medium,equipment_downtime,0.0,15.9,27.2,0.378,4.1,0.7,0.9,2.5,98.0,0.0,0.0,92.1,38
2023-02-13,dongri_buzurg,Dongri Buzurg Mine,Monday,2,1126,1002,124,11.01,Medium,equipment_downtime,0.0,19.7,27.3,0.473,5.6,0.9,1.5,3.2,97.7,0.0,0.0,91.7,38
2023-02-14,dongri_buzurg,Dongri Buzurg Mine,Tuesday,2,1075,959,116,10.79,Medium,equipment_downtime,0.0,11.6,30.2,0.33,5.5,1.4,1.4,2.7,97.8,0.0,0.0,92.9,37
2023-02-15,dongri_buzurg,Dongri Buzurg Mine,Wednesday,2,1120,812,308,27.5,High,equipment_downtime,0.0,14.0,29.2,0.379,14.4,0.6,0.3,13.5,94.2,0.0,0.0,89.1,32
2023-02-16,dongri_buzurg,Dongri Buzurg Mine,Thursday,2,1115,993,122,10.94,Medium,equipment_downtime,0.0,14.7,29.1,0.37,2.8,1.2,0.4,1.2,98.0,0.0,0.0,99.0,41
2023-02-17,dongri_buzurg,Dongri Buzurg Mine,Friday,2,1113,1037,76,6.83,Medium,equipment_downtime,0.0,14.9,30.8,0.285,5.1,0.5,2.2,2.4,97.9,0.0,0.0,97.2,40
2023-02-18,dongri_buzurg,Dongri Buzurg Mine,Saturday,2,1050,892,158,15.05,Medium,equipment_downtime,0.0,21.2,27.4,0.31,10.9,1.2,8.0,1.7,95.6,0.0,0.0,93.1,39
2023-02-19,dongri_buzurg,Dongri Buzurg Mine,Sunday,2,1082,970,112,10.35,Medium,equipment_downtime,0.0,16.1,27.3,0.315,3.8,0.7,0.3,2.8,98.0,0.0,0.0,89.4,40
2023-02-20,dongri_buzurg,Dongri Buzurg Mine,Monday,2,1099,961,138,12.56,Medium,equipment_downtime,0.0,17.8,28.0,0.3,6.2,1.3,1.5,3.4,97.5,0.0,0.0,98.0,41
2023-02-21,dongri_buzurg,Dongri Buzurg Mine,Tuesday,2,1136,1093,43,3.79,Low,equipment_downtime,7.4,15.6,29.6,0.335,3.5,0.8,1.4,1.3,98.0,0.0,0.0,91.0,41
2023-02-22,dongri_buzurg,Dongri Buzurg Mine,Wednesday,2,1086,944,142,13.08,Medium,equipment_downtime,0.0,10.9,30.9,0.372,6.3,0.9,1.3,4.1,97.5,0.0,0.0,88.8,43
2023-02-23,dongri_buzurg,Dongri Buzurg Mine,Thursday,2,1103,990,113,10.24,Medium,equipment_downtime,0.0,15.5,31.2,0.258,5.6,0.3,1.8,3.5,97.7,0.0,0.0,92.5,39
2023-02-24,dongri_buzurg,Dongri Buzurg Mine,Friday,2,1112,1059,53,4.77,Low,equipment_downtime,0.0,11.2,30.1,0.289,2.4,1.0,0.3,1.1,98.0,0.0,0.0,94.3,37
2023-02-25,dongri_buzurg,Dongri Buzurg Mine,Saturday,2,1084,749,335,30.9,High,equipment_downtime,1.8,18.9,27.7,0.326,17.1,13.1,1.1,2.9,93.1,0.0,0.0,96.8,29
2023-02-26,dongri_buzurg,Dongri Buzurg Mine,Sunday,2,1098,1026,72,6.56,Medium,labor_attendance,0.0,16.5,31.3,0.371,2.4,0.2,1.0,1.2,98.0,0.0,0.0,86.8,40
2023-02-27,dongri_buzurg,Dongri Buzurg Mine,Monday,2,1082,1034,48,4.44,Low,equipment_downtime,0.0,14.6,28.1,0.363,3.2,0.6,0.8,1.8,98.0,0.0,0.0,99.0,42
2023-02-28,dongri_buzurg,Dongri Buzurg Mine,Tuesday,2,1120,1008,112,10.0,Medium,equipment_downtime,0.0,16.2,31.6,0.293,3.6,1.2,0.7,1.7,98.0,0.0,0.0,95.7,42
2023-03-01,dongri_buzurg,Dongri Buzurg Mine,Wednesday,3,1162,1172,0,0.0,Low,nominal_operations,4.7,15.5,29.9,0.332,4.5,1.3,1.5,1.7,98.0,0.0,0.0,95.1,48
2023-03-02,dongri_buzurg,Dongri Buzurg Mine,Thursday,3,1125,1045,80,7.11,Medium,equipment_downtime,0.0,9.1,32.2,0.342,5.1,0.6,0.7,3.8,97.9,1.2,0.0,92.2,42
2023-03-03,dongri_buzurg,Dongri Buzurg Mine,Friday,3,1129,1040,89,7.88,Medium,equipment_downtime,0.0,20.6,30.4,0.303,3.3,0.3,1.7,1.3,98.0,0.0,0.0,95.8,41
2023-03-04,dongri_buzurg,Dongri Buzurg Mine,Saturday,3,1126,1024,102,9.06,Medium,equipment_downtime,0.0,14.5,31.1,0.253,5.8,1.4,1.9,2.5,97.7,0.7,0.0,94.4,43
2023-03-05,dongri_buzurg,Dongri Buzurg Mine,Sunday,3,1130,978,152,13.45,Medium,equipment_downtime,0.0,17.7,31.8,0.306,5.0,1.1,1.0,2.9,98.0,0.6,0.0,93.2,40
2023-03-06,dongri_buzurg,Dongri Buzurg Mine,Monday,3,1142,1124,18,1.58,Low,nominal_operations,0.0,17.4,28.9,0.312,4.7,0.9,1.8,2.0,98.0,0.0,0.0,91.9,47
2023-03-07,dongri_buzurg,Dongri Buzurg Mine,Tuesday,3,1128,989,139,12.32,Medium,equipment_downtime,1.3,15.9,31.7,0.352,6.2,0.9,1.2,4.1,97.5,0.3,0.0,92.1,40
2023-03-08,dongri_buzurg,Dongri Buzurg Mine,Wednesday,3,1132,1048,84,7.42,Medium,equipment_downtime,0.0,14.5,31.3,0.307,4.0,0.5,0.3,3.2,98.0,0.0,0.0,94.3,40
2023-03-09,dongri_buzurg,Dongri Buzurg Mine,Thursday,3,1120,862,258,23.04,High,equipment_downtime,0.0,14.9,34.0,0.334,7.3,1.2,2.0,4.1,97.1,0.0,0.0,86.5,34
2023-03-10,dongri_buzurg,Dongri Buzurg Mine,Friday,3,1109,914,195,17.58,Medium,equipment_downtime,0.0,20.2,33.2,0.302,9.6,4.8,1.0,3.8,96.1,0.0,0.0,92.9,35
2023-03-11,dongri_buzurg,Dongri Buzurg Mine,Saturday,3,1164,1036,128,11.0,Medium,equipment_downtime,0.0,18.5,32.5,0.239,3.3,0.7,0.4,2.2,98.0,0.0,0.0,87.8,44
2023-03-12,dongri_buzurg,Dongri Buzurg Mine,Sunday,3,1139,1018,121,10.62,Medium,equipment_downtime,2.0,17.5,30.9,0.334,8.0,1.1,3.6,3.3,96.8,0.0,0.0,96.9,44
2023-03-13,dongri_buzurg,Dongri Buzurg Mine,Monday,3,1065,999,66,6.2,Medium,equipment_downtime,0.0,13.5,35.0,0.299,6.0,0.7,1.0,4.3,97.6,0.0,0.0,91.4,37
2023-03-14,dongri_buzurg,Dongri Buzurg Mine,Tuesday,3,1118,1038,80,7.16,Medium,equipment_downtime,0.0,17.0,31.8,0.312,3.8,0.6,0.9,2.3,98.0,0.0,0.0,99.0,44
2023-03-15,dongri_buzurg,Dongri Buzurg Mine,Wednesday,3,1073,987,86,8.01,Medium,equipment_downtime,0.0,15.4,31.3,0.225,3.0,0.3,1.1,1.6,98.0,0.0,0.0,98.3,39
2023-03-16,dongri_buzurg,Dongri Buzurg Mine,Thursday,3,1108,678,430,38.81,High,equipment_downtime,0.0,13.8,30.5,0.355,22.6,5.5,0.3,16.8,90.9,0.0,0.0,94.6,27
2023-03-17,dongri_buzurg,Dongri Buzurg Mine,Friday,3,1127,564,563,49.96,High,equipment_downtime,0.0,17.4,32.9,0.219,29.1,11.6,0.8,16.7,88.3,0.0,0.0,89.6,23
2023-03-18,dongri_buzurg,Dongri Buzurg Mine,Saturday,3,1135,1057,78,6.87,Medium,equipment_downtime,0.0,14.0,33.5,0.283,4.2,0.4,1.4,2.4,98.0,0.0,0.0,88.5,44
2023-03-19,dongri_buzurg,Dongri Buzurg Mine,Sunday,3,1138,1014,124,10.9,Medium,equipment_downtime,0.0,16.5,31.1,0.245,4.3,1.3,1.6,1.4,98.0,0.0,0.0,89.0,40
2023-03-20,dongri_buzurg,Dongri Buzurg Mine,Monday,3,1092,965,127,11.63,Medium,equipment_downtime,0.0,16.2,32.3,0.304,4.0,0.9,0.9,2.2,98.0,0.0,0.0,88.7,42
2023-03-21,dongri_buzurg,Dongri Buzurg Mine,Tuesday,3,1132,1091,41,3.62,Low,equipment_downtime,0.0,17.3,32.5,0.252,3.4,0.5,0.6,2.3,98.0,0.0,0.0,99.0,44
2023-03-22,dongri_buzurg,Dongri Buzurg Mine,Wednesday,3,1143,883,260,22.75,High,equipment_downtime,0.0,12.1,33.7,0.238,11.8,8.8,1.5,1.5,95.2,0.0,0.0,92.3,37
2023-03-23,dongri_buzurg,Dongri Buzurg Mine,Thursday,3,1111,984,127,11.43,Medium,equipment_downtime,0.0,9.0,34.0,0.215,6.4,1.5,1.7,3.2,97.4,0.0,0.0,94.4,36
2023-03-24,dongri_buzurg,Dongri Buzurg Mine,Friday,3,1076,985,91,8.46,Medium,equipment_downtime,0.0,13.1,38.2,0.269,5.7,0.8,1.3,3.6,97.7,0.0,0.0,92.9,37
2023-03-25,dongri_buzurg,Dongri Buzurg Mine,Saturday,3,1093,818,275,25.16,High,equipment_downtime,0.0,14.2,33.5,0.271,12.8,5.7,1.9,5.2,94.8,0.0,0.0,90.1,33
2023-03-26,dongri_buzurg,Dongri Buzurg Mine,Sunday,3,1136,1085,51,4.49,Low,equipment_downtime,0.0,17.7,37.5,0.195,3.6,1.0,0.2,2.4,98.0,0.0,0.0,88.6,44
2023-03-27,dongri_buzurg,Dongri Buzurg Mine,Monday,3,1147,1099,48,4.18,Low,equipment_downtime,0.0,16.3,31.9,0.274,5.5,0.2,2.0,3.3,97.8,0.0,0.0,95.8,44
2023-03-28,dongri_buzurg,Dongri Buzurg Mine,Tuesday,3,1138,1035,103,9.05,Medium,equipment_downtime,0.0,18.7,34.6,0.231,4.5,1.1,0.6,2.8,98.0,0.0,0.0,93.8,44
2023-03-29,dongri_buzurg,Dongri Buzurg Mine,Wednesday,3,1098,961,137,12.48,Medium,equipment_downtime,0.0,19.3,33.9,0.333,6.1,1.0,1.3,3.8,97.5,0.0,0.0,91.7,40
2023-03-30,dongri_buzurg,Dongri Buzurg Mine,Thursday,3,1104,1014,90,8.15,Medium,equipment_downtime,0.0,15.2,34.5,0.234,3.3,0.3,0.6,2.4,98.0,0.0,0.0,93.7,39
2023-03-31,dongri_buzurg,Dongri Buzurg Mine,Friday,3,1148,1048,100,8.71,Medium,equipment_downtime,0.0,16.2,34.3,0.227,2.9,0.8,1.1,1.0,98.0,0.0,0.0,91.3,44
2023-04-01,dongri_buzurg,Dongri Buzurg Mine,Saturday,4,1135,852,283,24.93,High,equipment_downtime,0.0,18.5,36.6,0.197,15.6,4.1,0.2,11.3,93.7,0.0,0.0,92.9,34
2023-04-02,dongri_buzurg,Dongri Buzurg Mine,Sunday,4,1117,885,232,20.77,High,labor_attendance,0.0,11.2,34.1,0.189,4.0,0.9,1.6,1.5,98.0,0.0,0.0,83.3,34
2023-04-03,dongri_buzurg,Dongri Buzurg Mine,Monday,4,1145,1015,130,11.35,Medium,equipment_downtime,0.0,10.8,32.6,0.222,7.6,1.3,3.4,2.9,96.9,0.0,0.0,93.0,42
2023-04-04,dongri_buzurg,Dongri Buzurg Mine,Tuesday,4,1138,1032,106,9.31,Medium,equipment_downtime,0.0,19.3,36.6,0.242,3.2,0.5,0.4,2.3,98.0,0.0,0.0,95.1,39
2023-04-05,dongri_buzurg,Dongri Buzurg Mine,Wednesday,4,1148,984,164,14.29,Medium,equipment_downtime,0.0,15.8,34.0,0.18,5.4,1.3,0.2,3.9,97.8,0.0,0.0,89.5,39
2023-04-06,dongri_buzurg,Dongri Buzurg Mine,Thursday,4,1141,1055,86,7.54,Medium,equipment_downtime,0.0,13.7,37.1,0.222,5.9,1.1,1.7,3.1,97.6,0.0,0.0,95.1,42
2023-04-07,dongri_buzurg,Dongri Buzurg Mine,Friday,4,1128,731,397,35.2,High,equipment_downtime,0.0,14.6,32.9,0.181,17.7,1.6,0.6,15.5,92.9,0.0,0.0,90.6,28
2023-04-08,dongri_buzurg,Dongri Buzurg Mine,Saturday,4,1130,1011,119,10.53,Medium,equipment_downtime,0.0,21.7,36.8,0.221,5.7,1.3,1.5,2.9,97.7,0.0,0.0,93.8,39
2023-04-09,dongri_buzurg,Dongri Buzurg Mine,Sunday,4,1136,1054,82,7.22,Medium,equipment_downtime,0.0,15.0,36.0,0.222,4.9,0.7,0.2,4.0,98.0,0.0,0.0,87.8,43
2023-04-10,dongri_buzurg,Dongri Buzurg Mine,Monday,4,1145,1053,92,8.03,Medium,equipment_downtime,0.0,13.5,38.0,0.198,4.5,0.9,1.6,2.0,98.0,0.0,0.0,93.8,40
2023-04-11,dongri_buzurg,Dongri Buzurg Mine,Tuesday,4,1108,1022,86,7.76,Medium,equipment_downtime,0.0,18.9,39.2,0.184,5.6,0.9,0.8,3.9,97.7,0.0,0.0,96.2,40
2023-04-12,dongri_buzurg,Dongri Buzurg Mine,Wednesday,4,1116,990,126,11.29,Medium,equipment_downtime,0.0,18.6,33.9,0.212,3.5,1.0,0.9,1.6,98.0,0.0,0.0,94.9,40
2023-04-13,dongri_buzurg,Dongri Buzurg Mine,Thursday,4,1124,878,246,21.89,High,labor_attendance,0.0,16.3,36.2,0.183,4.0,0.9,0.5,2.6,98.0,0.0,0.0,84.4,35
2023-04-14,dongri_buzurg,Dongri Buzurg Mine,Friday,4,1100,986,114,10.36,Medium,equipment_downtime,23.2,22.1,36.7,0.203,5.5,0.3,1.5,3.7,97.8,0.0,0.0,91.3,45
2023-04-15,dongri_buzurg,Dongri Buzurg Mine,Saturday,4,1095,917,178,16.26,Medium,equipment_downtime,0.0,18.5,37.4,0.215,7.5,1.4,1.9,4.2,97.0,0.0,0.0,90.4,33
2023-04-16,dongri_buzurg,Dongri Buzurg Mine,Sunday,4,1121,942,179,15.97,Medium,equipment_downtime,0.0,13.4,38.3,0.207,4.7,1.1,0.5,3.1,98.0,0.0,0.0,85.4,37
2023-04-17,dongri_buzurg,Dongri Buzurg Mine,Monday,4,1108,962,146,13.18,Medium,equipment_downtime,0.0,13.7,37.8,0.237,5.9,1.2,0.5,4.2,97.6,0.0,0.0,99.0,39
2023-04-18,dongri_buzurg,Dongri Buzurg Mine,Tuesday,4,1123,1000,123,10.95,Medium,equipment_downtime,0.0,18.0,37.6,0.216,4.4,1.0,0.6,2.8,98.0,0.0,0.0,89.7,39
2023-04-19,dongri_buzurg,Dongri Buzurg Mine,Wednesday,4,1162,1057,105,9.04,Medium,labor_attendance,0.0,16.7,38.8,0.18,2.9,0.8,0.7,1.4,98.0,0.0,0.0,86.5,41
2023-04-20,dongri_buzurg,Dongri Buzurg Mine,Thursday,4,1132,1013,119,10.51,Medium,equipment_downtime,0.0,16.6,38.1,0.221,6.1,0.4,2.0,3.7,97.5,0.0,0.0,92.9,42
2023-04-21,dongri_buzurg,Dongri Buzurg Mine,Friday,4,1147,1091,56,4.88,Low,equipment_downtime,0.0,13.9,38.8,0.181,4.2,1.1,1.6,1.5,98.0,0.0,0.0,94.6,45
2023-04-22,dongri_buzurg,Dongri Buzurg Mine,Saturday,4,1134,928,206,18.17,High,equipment_downtime,0.0,19.4,37.4,0.216,13.9,2.3,0.9,10.7,94.4,0.0,0.0,98.3,32
2023-04-23,dongri_buzurg,Dongri Buzurg Mine,Sunday,4,1141,951,190,16.65,Medium,equipment_downtime,0.0,14.4,37.8,0.18,7.0,1.0,1.9,4.1,97.2,3.0,0.0,92.0,38
2023-04-24,dongri_buzurg,Dongri Buzurg Mine,Monday,4,1149,925,224,19.5,High,blasting_delays,0.0,16.5,37.9,0.205,1.9,0.5,0.3,1.1,98.0,2.8,0.0,85.5,37
2023-04-25,dongri_buzurg,Dongri Buzurg Mine,Tuesday,4,1116,1036,80,7.17,Medium,equipment_downtime,0.0,19.9,41.1,0.18,4.3,0.9,1.8,1.6,98.0,0.0,0.0,90.5,42
2023-04-26,dongri_buzurg,Dongri Buzurg Mine,Wednesday,4,1137,1040,97,8.53,Medium,equipment_downtime,0.0,19.5,38.0,0.18,5.9,0.6,0.9,4.4,97.6,0.0,0.0,94.6,43
2023-04-27,dongri_buzurg,Dongri Buzurg Mine,Thursday,4,1150,1005,145,12.61,Medium,equipment_downtime,0.0,11.0,38.1,0.211,7.3,0.8,2.7,3.8,97.1,0.1,0.0,92.5,40
2023-04-28,dongri_buzurg,Dongri Buzurg Mine,Friday,4,1124,721,403,35.85,High,equipment_downtime,0.0,12.7,35.3,0.218,18.8,12.9,0.2,5.7,92.4,0.0,0.0,87.3,31
2023-04-29,dongri_buzurg,Dongri Buzurg Mine,Saturday,4,1142,993,149,13.05,Medium,equipment_downtime,0.0,17.7,41.8,0.238,6.9,1.1,1.3,4.5,97.2,0.0,0.0,92.1,46
2023-04-30,dongri_buzurg,Dongri Buzurg Mine,Sunday,4,1118,1083,35,3.13,Low,equipment_downtime,0.0,16.4,37.1,0.18,4.5,0.8,1.7,2.0,98.0,0.0,0.0,93.1,42
2023-05-01,dongri_buzurg,Dongri Buzurg Mine,Monday,5,1124,988,136,12.1,Medium,equipment_downtime,0.0,18.4,38.4,0.18,6.9,1.1,1.8,4.0,97.2,0.0,0.0,92.5,44
2023-05-02,dongri_buzurg,Dongri Buzurg Mine,Tuesday,5,1111,960,151,13.59,Medium,equipment_downtime,0.0,16.4,38.3,0.271,3.6,0.3,1.5,1.8,98.0,0.0,0.0,89.9,38
2023-05-03,dongri_buzurg,Dongri Buzurg Mine,Wednesday,5,1147,1050,97,8.46,Medium,equipment_downtime,0.0,14.9,38.8,0.235,2.7,0.7,0.6,1.4,98.0,0.0,0.0,95.6,44
2023-05-04,dongri_buzurg,Dongri Buzurg Mine,Thursday,5,1104,974,130,11.78,Medium,equipment_downtime,0.0,15.9,38.0,0.243,8.1,1.2,3.4,3.5,96.7,0.0,0.0,94.3,38
2023-05-05,dongri_buzurg,Dongri Buzurg Mine,Friday,5,1093,903,190,17.38,Medium,equipment_downtime,0.0,13.3,38.2,0.208,6.3,0.3,2.0,4.0,97.5,0.0,0.0,90.0,38
2023-05-06,dongri_buzurg,Dongri Buzurg Mine,Saturday,5,1139,1036,103,9.04,Medium,equipment_downtime,2.0,20.3,40.0,0.21,3.1,0.8,0.6,1.7,98.0,0.0,0.0,88.1,43
2023-05-07,dongri_buzurg,Dongri Buzurg Mine,Sunday,5,1140,1044,96,8.42,Medium,equipment_downtime,0.0,17.3,40.4,0.18,4.7,1.2,1.3,2.2,98.0,0.0,0.0,91.6,39
2023-05-08,dongri_buzurg,Dongri Buzurg Mine,Monday,5,1117,1000,117,10.47,Medium,equipment_downtime,0.3,12.9,36.4,0.215,4.7,0.2,1.0,3.5,98.0,0.0,0.0,90.3,42
2023-05-09,dongri_buzurg,Dongri Buzurg Mine,Tuesday,5,1111,1012,99,8.91,Medium,equipment_downtime,0.0,14.8,37.3,0.18,4.5,1.5,1.1,1.9,98.0,0.0,0.0,95.0,42
2023-05-10,dongri_buzurg,Dongri Buzurg Mine,Wednesday,5,1150,974,176,15.3,Medium,equipment_downtime,0.0,16.8,37.4,0.225,5.7,1.2,0.9,3.6,97.7,0.0,0.0,86.3,37
2023-05-11,dongri_buzurg,Dongri Buzurg Mine,Thursday,5,1116,1028,88,7.89,Medium,equipment_downtime,0.0,16.6,39.8,0.208,3.2,0.4,1.4,1.4,98.0,0.0,0.0,92.4,40
2023-05-12,dongri_buzurg,Dongri Buzurg Mine,Friday,5,1100,998,102,9.27,Medium,equipment_downtime,0.0,14.2,42.0,0.208,6.6,1.4,1.9,3.3,97.3,0.0,0.0,94.6,43
2023-05-13,dongri_buzurg,Dongri Buzurg Mine,Saturday,5,1148,1046,102,8.89,Medium,equipment_downtime,3.3,16.7,37.3,0.186,4.7,0.9,1.9,1.9,98.0,0.0,0.0,90.5,35
2023-05-14,dongri_buzurg,Dongri Buzurg Mine,Sunday,5,1116,924,192,17.2,Medium,equipment_downtime,0.0,15.1,40.3,0.201,6.3,1.0,1.1,4.2,97.5,0.0,0.0,90.5,40
2023-05-15,dongri_buzurg,Dongri Buzurg Mine,Monday,5,1097,1020,77,7.02,Medium,equipment_downtime,0.0,13.1,42.7,0.264,4.3,0.5,1.9,1.9,98.0,0.0,0.0,97.0,46
2023-05-16,dongri_buzurg,Dongri Buzurg Mine,Tuesday,5,1150,1077,73,6.35,Medium,equipment_downtime,4.7,16.9,36.7,0.243,5.0,0.4,1.1,3.5,98.0,0.0,0.0,94.0,41
2023-05-17,dongri_buzurg,Dongri Buzurg Mine,Wednesday,5,1126,972,154,13.68,Medium,equipment_downtime,0.0,16.5,37.5,0.204,6.4,1.0,1.1,4.3,97.4,0.0,0.0,92.3,40
2023-05-18,dongri_buzurg,Dongri Buzurg Mine,Thursday,5,1113,1007,106,9.52,Medium,equipment_downtime,0.0,16.0,41.4,0.18,6.2,1.0,1.3,3.9,97.5,0.0,0.0,98.3,37
2023-05-19,dongri_buzurg,Dongri Buzurg Mine,Friday,5,1061,907,154,14.51,Medium,equipment_downtime,0.0,16.1,42.7,0.228,4.4,0.3,1.7,2.4,98.0,0.0,0.0,93.5,39
2023-05-20,dongri_buzurg,Dongri Buzurg Mine,Saturday,5,1108,1002,106,9.57,Medium,equipment_downtime,0.0,16.4,38.3,0.261,5.3,1.5,0.7,3.1,97.9,0.0,0.0,93.4,39
2023-05-21,dongri_buzurg,Dongri Buzurg Mine,Sunday,5,1128,935,193,17.11,Medium,equipment_downtime,0.0,17.4,38.0,0.248,5.0,0.8,1.0,3.2,98.0,2.1,0.0,87.1,39
2023-05-22,dongri_buzurg,Dongri Buzurg Mine,Monday,5,1143,1085,58,5.07,Low,equipment_downtime,0.0,13.4,41.1,0.219,4.0,1.1,1.8,1.1,98.0,0.0,0.0,95.3,41
2023-05-23,dongri_buzurg,Dongri Buzurg Mine,Tuesday,5,1120,1023,97,8.66,Medium,equipment_downtime,0.0,17.4,40.1,0.237,9.0,2.7,1.8,4.5,96.4,0.0,0.0,99.0,38
2023-05-24,dongri_buzurg,Dongri Buzurg Mine,Wednesday,5,1120,1052,68,6.07,Medium,equipment_downtime,0.0,18.8,40.4,0.264,2.7,0.6,0.7,1.4,98.0,0.0,0.0,94.1,42
2023-05-25,dongri_buzurg,Dongri Buzurg Mine,Thursday,5,1145,880,265,23.14,High,equipment_downtime,0.0,20.3,39.1,0.232,8.0,0.9,5.1,2.0,96.8,0.0,0.0,86.6,33
2023-05-26,dongri_buzurg,Dongri Buzurg Mine,Friday,5,1147,1070,77,6.71,Medium,equipment_downtime,1.1,17.5,36.9,0.219,4.6,0.7,1.4,2.5,98.0,0.0,0.0,92.8,43
2023-05-27,dongri_buzurg,Dongri Buzurg Mine,Saturday,5,1120,1088,32,2.86,Low,equipment_downtime,0.0,17.1,39.6,0.28,2.8,0.9,0.8,1.1,98.0,0.0,0.0,94.1,44
2023-05-28,dongri_buzurg,Dongri Buzurg Mine,Sunday,5,1116,1005,111,9.95,Medium,equipment_downtime,0.0,18.5,40.5,0.283,7.4,2.8,0.9,3.7,97.0,0.0,0.0,96.4,40
2023-05-29,dongri_buzurg,Dongri Buzurg Mine,Monday,5,1143,1071,72,6.3,Medium,equipment_downtime,0.0,19.4,39.2,0.253,7.0,0.7,1.8,4.5,97.2,0.0,0.0,93.0,41
2023-05-30,dongri_buzurg,Dongri Buzurg Mine,Tuesday,5,1126,658,468,41.56,High,equipment_downtime,0.0,18.4,40.1,0.297,19.9,16.4,0.6,2.9,92.0,0.0,0.0,91.9,26
2023-05-31,dongri_buzurg,Dongri Buzurg Mine,Wednesday,5,1099,967,132,12.01,Medium,equipment_downtime,0.0,18.1,38.7,0.228,7.1,1.3,1.5,4.3,97.1,0.0,0.0,91.9,37
2023-06-01,dongri_buzurg,Dongri Buzurg Mine,Thursday,6,1116,1094,22,1.97,Low,equipment_downtime,3.3,22.8,38.0,0.256,3.7,1.0,0.4,2.3,98.0,0.0,0.0,95.8,46
2023-06-02,dongri_buzurg,Dongri Buzurg Mine,Friday,6,1127,575,552,48.98,High,equipment_downtime,11.8,25.2,39.6,0.263,28.2,12.3,1.6,14.3,88.6,0.0,0.0,90.6,22
2023-06-03,dongri_buzurg,Dongri Buzurg Mine,Saturday,6,1058,674,384,36.29,High,equipment_downtime,2.3,28.5,39.1,0.189,17.5,1.1,1.1,15.3,93.0,0.0,0.0,88.1,27
2023-06-04,dongri_buzurg,Dongri Buzurg Mine,Sunday,6,1122,157,965,86.01,High,weather_stoppage,112.9,53.5,28.1,0.214,19.1,5.4,1.5,12.2,92.3,0.0,12.0,95.2,6
2023-06-05,dongri_buzurg,Dongri Buzurg Mine,Monday,6,1092,922,170,15.57,Medium,equipment_downtime,1.4,19.4,39.8,0.24,4.9,0.4,0.8,3.7,98.0,0.0,0.0,93.6,37
2023-06-06,dongri_buzurg,Dongri Buzurg Mine,Tuesday,6,1117,928,189,16.92,Medium,labor_attendance,4.1,26.2,39.7,0.18,3.8,0.3,1.7,1.8,98.0,0.0,0.0,84.6,39
2023-06-07,dongri_buzurg,Dongri Buzurg Mine,Wednesday,6,1111,274,837,75.34,High,weather_stoppage,58.4,34.8,32.3,0.315,8.6,4.4,2.2,2.0,96.5,0.0,8.4,88.7,13
2023-06-08,dongri_buzurg,Dongri Buzurg Mine,Thursday,6,1085,978,107,9.86,Medium,equipment_downtime,3.9,20.8,39.6,0.258,4.5,0.3,1.5,2.7,98.0,0.0,0.0,98.4,40
2023-06-09,dongri_buzurg,Dongri Buzurg Mine,Friday,6,1108,567,541,48.83,High,equipment_downtime,23.1,29.3,38.5,0.203,22.1,12.8,1.8,7.5,91.1,0.9,0.0,87.0,24
2023-06-10,dongri_buzurg,Dongri Buzurg Mine,Saturday,6,1077,940,137,12.72,Medium,equipment_downtime,1.9,19.7,38.2,0.278,3.4,0.3,1.0,2.1,98.0,0.0,0.0,87.9,38
2023-06-11,dongri_buzurg,Dongri Buzurg Mine,Sunday,6,1084,987,97,8.95,Medium,equipment_downtime,2.5,30.1,39.7,0.226,3.1,0.3,0.8,2.0,98.0,0.0,0.0,93.0,41
2023-06-12,dongri_buzurg,Dongri Buzurg Mine,Monday,6,1063,978,85,8.0,Medium,equipment_downtime,0.9,25.1,41.3,0.249,5.9,1.3,0.4,4.2,97.6,0.0,0.0,89.6,38
2023-06-13,dongri_buzurg,Dongri Buzurg Mine,Tuesday,6,1139,1050,89,7.81,Medium,equipment_downtime,1.0,27.9,42.6,0.303,4.3,0.4,1.6,2.3,98.0,0.0,0.0,94.8,43
2023-06-14,dongri_buzurg,Dongri Buzurg Mine,Wednesday,6,1114,1124,0,0.0,Low,nominal_operations,0.8,27.9,41.5,0.249,4.2,0.4,0.7,3.1,98.0,0.0,0.0,95.5,45
2023-06-15,dongri_buzurg,Dongri Buzurg Mine,Thursday,6,1080,157,923,85.46,High,weather_stoppage,47.1,41.2,35.4,0.306,7.4,5.1,0.6,1.7,97.0,6.0,6.5,81.1,7
2023-06-16,dongri_buzurg,Dongri Buzurg Mine,Friday,6,1082,780,302,27.91,High,weather_stoppage,28.7,32.4,36.0,0.305,2.9,1.0,0.8,1.1,98.0,0.0,3.1,99.0,34
2023-06-17,dongri_buzurg,Dongri Buzurg Mine,Saturday,6,1075,955,120,11.16,Medium,equipment_downtime,17.1,31.2,34.5,0.279,5.2,1.0,0.4,3.8,97.9,0.0,0.0,91.6,38
2023-06-18,dongri_buzurg,Dongri Buzurg Mine,Sunday,6,1083,803,280,25.85,High,equipment_downtime,0.2,27.0,41.1,0.273,14.6,8.7,1.9,4.0,94.1,0.0,0.0,97.0,32
2023-06-19,dongri_buzurg,Dongri Buzurg Mine,Monday,6,1141,842,299,26.21,High,equipment_downtime,3.5,29.0,37.7,0.239,10.2,3.3,0.7,6.2,95.9,1.6,0.0,93.0,31
2023-06-20,dongri_buzurg,Dongri Buzurg Mine,Tuesday,6,1103,157,946,85.77,High,weather_stoppage,139.7,58.0,24.0,0.246,6.7,3.0,0.9,2.8,97.3,0.0,12.0,93.3,6
2023-06-21,dongri_buzurg,Dongri Buzurg Mine,Wednesday,6,1100,594,506,46.0,High,weather_stoppage,35.2,37.4,36.7,0.316,8.5,3.6,1.9,3.0,96.6,0.0,4.7,93.6,25
2023-06-22,dongri_buzurg,Dongri Buzurg Mine,Thursday,6,1108,780,328,29.6,High,weather_stoppage,32.3,38.2,33.5,0.225,5.4,1.1,1.1,3.2,97.8,0.0,3.9,95.2,32
2023-06-23,dongri_buzurg,Dongri Buzurg Mine,Friday,6,1093,1020,73,6.68,Medium,labor_attendance,4.7,31.9,37.1,0.289,2.7,0.2,0.6,1.9,98.0,0.0,0.0,87.7,43
2023-06-24,dongri_buzurg,Dongri Buzurg Mine,Saturday,6,1091,945,146,13.38,Medium,equipment_downtime,14.0,31.8,37.8,0.26,5.7,0.8,0.5,4.4,97.7,0.0,0.0,92.6,40
2023-06-25,dongri_buzurg,Dongri Buzurg Mine,Sunday,6,1096,897,199,18.16,High,equipment_downtime,2.9,25.2,38.8,0.336,6.9,1.2,1.8,3.9,97.2,0.0,0.0,93.3,37
2023-06-26,dongri_buzurg,Dongri Buzurg Mine,Monday,6,1130,157,973,86.11,High,weather_stoppage,55.0,49.7,32.1,0.312,12.6,6.8,1.6,4.2,94.9,0.0,6.5,86.3,7
2023-06-27,dongri_buzurg,Dongri Buzurg Mine,Tuesday,6,1053,900,153,14.53,Medium,equipment_downtime,4.1,29.3,37.8,0.31,4.9,1.1,2.0,1.8,98.0,0.9,0.0,91.1,38
2023-06-28,dongri_buzurg,Dongri Buzurg Mine,Wednesday,6,1095,1039,56,5.11,Low,equipment_downtime,2.9,31.1,40.3,0.308,3.8,0.9,0.3,2.6,98.0,0.0,0.0,98.2,42
2023-06-29,dongri_buzurg,Dongri Buzurg Mine,Thursday,6,1096,997,99,9.03,Medium,equipment_downtime,2.7,31.1,38.7,0.345,6.4,0.9,1.7,3.8,97.4,0.0,0.0,94.6,40
2023-06-30,dongri_buzurg,Dongri Buzurg Mine,Friday,6,1122,1055,67,5.97,Low,equipment_downtime,19.9,37.3,37.8,0.376,3.4,0.4,0.7,2.3,98.0,0.6,0.0,91.6,41
2023-07-01,dongri_buzurg,Dongri Buzurg Mine,Saturday,7,1078,1014,64,5.94,Low,equipment_downtime,4.1,31.6,36.2,0.238,5.3,1.1,1.7,2.5,97.9,0.0,0.0,98.3,43
2023-07-02,dongri_buzurg,Dongri Buzurg Mine,Sunday,7,1024,894,130,12.7,Medium,labor_attendance,2.1,25.2,39.3,0.347,4.2,1.0,1.4,1.8,98.0,0.0,0.0,85.0,34
2023-07-03,dongri_buzurg,Dongri Buzurg Mine,Monday,7,1052,964,88,8.37,Medium,equipment_downtime,23.9,35.7,35.2,0.374,3.4,1.5,0.6,1.3,98.0,0.0,0.0,89.6,39
2023-07-04,dongri_buzurg,Dongri Buzurg Mine,Tuesday,7,1062,882,180,16.95,Medium,blasting_delays,7.8,31.1,39.3,0.299,4.0,1.1,1.5,1.4,98.0,2.8,0.0,88.8,38
2023-07-05,dongri_buzurg,Dongri Buzurg Mine,Wednesday,7,1056,157,899,85.13,High,weather_stoppage,68.0,54.2,28.1,0.397,8.6,2.9,1.3,4.4,96.5,0.0,9.9,92.1,7
2023-07-06,dongri_buzurg,Dongri Buzurg Mine,Thursday,7,1035,993,42,4.06,Low,equipment_downtime,7.1,32.5,37.3,0.359,4.3,0.7,0.9,2.7,98.0,0.0,0.0,96.1,39
2023-07-07,dongri_buzurg,Dongri Buzurg Mine,Friday,7,1069,976,93,8.7,Medium,equipment_downtime,8.5,35.6,39.3,0.348,4.1,0.6,1.2,2.3,98.0,0.0,0.0,99.0,40
2023-07-08,dongri_buzurg,Dongri Buzurg Mine,Saturday,7,1070,998,72,6.73,Medium,equipment_downtime,3.5,31.4,38.9,0.382,5.0,0.7,1.9,2.4,98.0,0.0,0.0,93.5,39
2023-07-09,dongri_buzurg,Dongri Buzurg Mine,Sunday,7,1035,913,122,11.79,Medium,equipment_downtime,4.8,30.1,37.8,0.353,3.3,0.4,0.4,2.5,98.0,0.0,0.0,99.0,39
2023-07-10,dongri_buzurg,Dongri Buzurg Mine,Monday,7,1071,1042,29,2.71,Low,equipment_downtime,10.0,38.3,37.9,0.339,2.9,0.8,0.6,1.5,98.0,0.0,0.0,93.7,43
2023-07-11,dongri_buzurg,Dongri Buzurg Mine,Tuesday,7,1044,888,156,14.94,Medium,equipment_downtime,18.2,35.2,35.5,0.358,3.0,0.7,1.0,1.3,98.0,0.0,0.0,89.0,34
2023-07-12,dongri_buzurg,Dongri Buzurg Mine,Wednesday,7,1042,953,89,8.54,Medium,equipment_downtime,0.2,37.6,36.2,0.281,3.0,1.0,0.5,1.5,98.0,0.0,0.0,90.1,37
2023-07-13,dongri_buzurg,Dongri Buzurg Mine,Thursday,7,1047,1002,45,4.3,Low,equipment_downtime,14.0,37.8,38.8,0.354,2.8,0.7,0.5,1.6,98.0,0.0,0.0,94.7,43
2023-07-14,dongri_buzurg,Dongri Buzurg Mine,Friday,7,1048,653,395,37.69,High,equipment_downtime,11.8,35.8,37.0,0.348,20.2,4.0,1.3,14.9,91.9,0.0,0.0,97.0,25
2023-07-15,dongri_buzurg,Dongri Buzurg Mine,Saturday,7,1029,985,44,4.28,Low,equipment_downtime,3.6,35.1,34.7,0.414,4.3,0.5,0.6,3.2,98.0,0.0,0.0,89.7,42
2023-07-16,dongri_buzurg,Dongri Buzurg Mine,Sunday,7,1045,808,237,22.68,High,blasting_delays,8.6,35.8,34.9,0.389,3.6,1.0,0.5,2.1,98.0,6.0,0.0,94.1,33
2023-07-17,dongri_buzurg,Dongri Buzurg Mine,Monday,7,1050,896,154,14.67,Medium,equipment_downtime,4.5,39.2,35.7,0.394,5.9,0.3,1.2,4.4,97.6,0.0,0.0,89.5,36
2023-07-18,dongri_buzurg,Dongri Buzurg Mine,Tuesday,7,1031,999,32,3.1,Low,equipment_downtime,8.7,37.0,36.4,0.385,3.3,0.4,0.5,2.4,98.0,0.0,0.0,89.5,41
2023-07-19,dongri_buzurg,Dongri Buzurg Mine,Wednesday,7,1066,960,106,9.94,Medium,equipment_downtime,14.1,37.9,34.9,0.341,5.3,1.3,1.9,2.1,97.9,0.0,0.0,94.5,38
2023-07-20,dongri_buzurg,Dongri Buzurg Mine,Thursday,7,1040,951,89,8.56,Medium,weather_stoppage,15.1,43.6,33.3,0.328,3.0,1.4,0.4,1.2,98.0,0.0,0.0,96.0,38
2023-07-21,dongri_buzurg,Dongri Buzurg Mine,Friday,7,1072,790,282,26.31,High,equipment_downtime,1.6,38.4,34.2,0.43,8.1,0.6,3.6,3.9,96.7,0.0,0.0,90.5,32
2023-07-22,dongri_buzurg,Dongri Buzurg Mine,Saturday,7,1042,157,885,84.93,High,weather_stoppage,73.9,58.0,24.6,0.408,9.2,4.5,0.8,3.9,96.3,6.0,10.0,89.4,5
2023-07-23,dongri_buzurg,Dongri Buzurg Mine,Sunday,7,1086,898,188,17.31,Medium,equipment_downtime,2.4,35.1,35.5,0.488,11.2,2.0,1.7,7.5,95.5,0.0,0.0,96.3,34
2023-07-24,dongri_buzurg,Dongri Buzurg Mine,Monday,7,1059,1021,38,3.59,Low,equipment_downtime,4.1,37.1,39.1,0.337,4.5,0.3,1.4,2.8,98.0,0.0,0.0,94.7,42
2023-07-25,dongri_buzurg,Dongri Buzurg Mine,Tuesday,7,1073,956,117,10.9,Medium,equipment_downtime,1.3,33.3,34.5,0.412,5.1,0.4,1.0,3.7,97.9,0.0,0.0,90.1,37
2023-07-26,dongri_buzurg,Dongri Buzurg Mine,Wednesday,7,1050,906,144,13.71,Medium,equipment_downtime,0.2,40.3,35.6,0.376,4.6,1.2,0.6,2.8,98.0,0.0,0.0,87.2,41
2023-07-27,dongri_buzurg,Dongri Buzurg Mine,Thursday,7,1061,903,158,14.89,Medium,equipment_downtime,0.0,37.9,36.2,0.375,6.4,1.4,0.8,4.2,97.4,0.5,0.0,89.0,36
2023-07-28,dongri_buzurg,Dongri Buzurg Mine,Friday,7,1046,998,48,4.59,Low,equipment_downtime,2.4,36.3,34.6,0.382,3.5,0.9,0.9,1.7,98.0,0.2,0.0,93.9,37
2023-07-29,dongri_buzurg,Dongri Buzurg Mine,Saturday,7,1013,903,110,10.86,Medium,equipment_downtime,1.9,41.2,35.6,0.442,4.8,1.1,0.7,3.0,98.0,0.0,0.0,93.0,32
2023-07-30,dongri_buzurg,Dongri Buzurg Mine,Sunday,7,1023,157,866,84.65,High,weather_stoppage,60.7,55.3,25.7,0.464,25.2,18.9,1.9,4.4,89.9,0.0,7.9,90.9,6
2023-07-31,dongri_buzurg,Dongri Buzurg Mine,Monday,7,1032,940,92,8.91,Medium,equipment_downtime,24.9,40.9,29.4,0.491,4.5,0.5,1.4,2.6,98.0,0.0,0.0,91.5,38
2023-08-01,dongri_buzurg,Dongri Buzurg Mine,Tuesday,8,1015,874,141,13.89,Medium,equipment_downtime,16.3,42.3,31.5,0.429,5.2,0.6,1.3,3.3,97.9,0.0,0.0,99.0,37
2023-08-02,dongri_buzurg,Dongri Buzurg Mine,Wednesday,8,1014,914,100,9.86,Medium,equipment_downtime,2.2,39.1,33.9,0.406,2.7,0.5,0.9,1.3,98.0,0.0,0.0,88.5,34
2023-08-03,dongri_buzurg,Dongri Buzurg Mine,Thursday,8,1000,782,218,21.8,High,equipment_downtime,0.3,36.6,34.5,0.443,11.2,3.4,1.6,6.2,95.5,0.0,0.0,97.8,33
2023-08-04,dongri_buzurg,Dongri Buzurg Mine,Friday,8,968,679,289,29.86,High,equipment_downtime,4.7,39.7,33.3,0.395,14.9,7.8,1.8,5.3,94.0,0.0,0.0,92.1,25
2023-08-05,dongri_buzurg,Dongri Buzurg Mine,Saturday,8,1028,581,447,43.48,High,weather_stoppage,31.4,45.5,31.3,0.47,7.7,1.0,3.5,3.2,96.9,0.1,3.0,94.6,26
2023-08-06,dongri_buzurg,Dongri Buzurg Mine,Sunday,8,1004,980,24,2.39,Low,equipment_downtime,1.7,37.2,33.9,0.466,3.9,1.3,0.6,2.0,98.0,0.0,0.0,95.8,38
2023-08-07,dongri_buzurg,Dongri Buzurg Mine,Monday,8,1006,709,297,29.52,High,weather_stoppage,29.5,43.1,30.9,0.399,5.1,1.4,1.3,2.4,97.9,0.0,2.4,94.8,30
2023-08-08,dongri_buzurg,Dongri Buzurg Mine,Tuesday,8,1022,891,131,12.82,Medium,labor_attendance,4.5,38.2,34.6,0.417,2.2,0.3,0.8,1.1,98.0,0.0,0.0,88.2,34
2023-08-09,dongri_buzurg,Dongri Buzurg Mine,Wednesday,8,1010,157,853,84.46,High,weather_stoppage,48.1,53.1,27.8,0.486,10.8,6.3,1.7,2.8,95.7,0.2,6.9,80.4,5
2023-08-10,dongri_buzurg,Dongri Buzurg Mine,Thursday,8,1018,157,861,84.58,High,weather_stoppage,65.4,58.0,27.0,0.583,10.5,6.4,1.7,2.4,95.8,0.0,8.0,91.3,6
2023-08-11,dongri_buzurg,Dongri Buzurg Mine,Friday,8,997,157,840,84.25,High,weather_stoppage,57.7,53.2,26.8,0.442,8.0,5.6,0.2,2.2,96.8,6.0,8.0,89.4,8
2023-08-12,dongri_buzurg,Dongri Buzurg Mine,Saturday,8,1028,861,167,16.25,Medium,equipment_downtime,4.3,44.1,30.9,0.456,4.7,0.5,1.7,2.5,98.0,0.0,0.0,93.1,32
2023-08-13,dongri_buzurg,Dongri Buzurg Mine,Sunday,8,1004,865,139,13.84,Medium,equipment_downtime,2.8,37.6,36.1,0.471,4.4,0.7,2.0,1.7,98.0,0.0,0.0,88.5,37
2023-08-14,dongri_buzurg,Dongri Buzurg Mine,Monday,8,1060,440,620,58.49,High,weather_stoppage,40.1,52.0,30.0,0.515,6.8,4.8,0.6,1.4,97.3,0.0,4.3,92.5,19
2023-08-15,dongri_buzurg,Dongri Buzurg Mine,Tuesday,8,1010,894,116,11.49,Medium,equipment_downtime,0.2,38.6,34.7,0.472,4.2,0.4,1.6,2.2,98.0,0.0,0.0,94.9,36
2023-08-16,dongri_buzurg,Dongri Buzurg Mine,Wednesday,8,1017,512,505,49.66,High,equipment_downtime,5.5,39.2,34.4,0.511,24.5,9.5,1.8,13.2,90.1,0.0,0.0,92.4,21
2023-08-17,dongri_buzurg,Dongri Buzurg Mine,Thursday,8,1018,759,259,25.44,High,equipment_downtime,20.9,41.9,29.6,0.496,11.6,4.3,0.9,6.4,95.3,0.0,0.0,93.5,32
2023-08-18,dongri_buzurg,Dongri Buzurg Mine,Friday,8,998,907,91,9.12,Medium,equipment_downtime,2.6,34.7,33.7,0.541,4.8,0.4,1.3,3.1,98.0,0.0,0.0,98.0,35
2023-08-19,dongri_buzurg,Dongri Buzurg Mine,Saturday,8,1014,790,224,22.09,High,equipment_downtime,18.3,42.5,30.6,0.41,4.9,1.4,1.1,2.4,98.0,0.4,0.0,89.6,34
2023-08-20,dongri_buzurg,Dongri Buzurg Mine,Sunday,8,1041,790,251,24.11,High,equipment_downtime,7.7,41.9,33.5,0.465,10.1,3.8,1.8,4.5,95.9,0.0,0.0,93.8,31
2023-08-21,dongri_buzurg,Dongri Buzurg Mine,Monday,8,994,895,99,9.96,Medium,equipment_downtime,1.0,37.0,30.4,0.504,3.2,0.5,1.1,1.6,98.0,0.0,0.0,91.7,38
2023-08-22,dongri_buzurg,Dongri Buzurg Mine,Tuesday,8,995,724,271,27.24,High,equipment_downtime,5.0,40.8,30.3,0.513,16.2,11.4,1.0,3.8,93.5,0.0,0.0,90.8,29
2023-08-23,dongri_buzurg,Dongri Buzurg Mine,Wednesday,8,1001,886,115,11.49,Medium,equipment_downtime,0.1,39.1,31.3,0.478,5.4,0.9,1.4,3.1,97.8,0.0,0.0,91.0,34
2023-08-24,dongri_buzurg,Dongri Buzurg Mine,Thursday,8,1000,944,56,5.6,Low,equipment_downtime,4.8,39.1,32.2,0.541,4.9,0.9,1.4,2.6,98.0,0.0,0.0,93.1,39
2023-08-25,dongri_buzurg,Dongri Buzurg Mine,Friday,8,1025,954,71,6.93,Medium,equipment_downtime,3.7,36.6,30.6,0.519,2.5,0.5,1.0,1.0,98.0,0.0,0.0,90.6,40
2023-08-26,dongri_buzurg,Dongri Buzurg Mine,Saturday,8,995,873,122,12.26,Medium,equipment_downtime,17.6,39.6,32.3,0.478,4.4,0.6,0.8,3.0,98.0,0.0,0.0,91.3,36
2023-08-27,dongri_buzurg,Dongri Buzurg Mine,Sunday,8,996,773,223,22.39,High,equipment_downtime,11.4,43.3,29.6,0.479,4.9,1.1,1.6,2.2,98.0,0.0,0.0,87.2,29
2023-08-28,dongri_buzurg,Dongri Buzurg Mine,Monday,8,1027,1018,9,0.88,Low,nominal_operations,3.6,35.2,29.6,0.483,3.4,0.4,0.4,2.6,98.0,0.0,0.0,94.9,37
2023-08-29,dongri_buzurg,Dongri Buzurg Mine,Tuesday,8,1009,779,230,22.79,High,equipment_downtime,0.4,42.1,33.5,0.527,6.3,1.1,1.2,4.0,97.5,0.0,0.0,92.5,33
2023-08-30,dongri_buzurg,Dongri Buzurg Mine,Wednesday,8,981,900,81,8.26,Medium,equipment_downtime,3.1,40.2,31.8,0.485,4.6,0.3,1.3,3.0,98.0,0.0,0.0,95.1,36
2023-08-31,dongri_buzurg,Dongri Buzurg Mine,Thursday,8,1009,881,128,12.69,Medium,equipment_downtime,1.3,33.2,32.0,0.516,5.6,1.0,1.3,3.3,97.7,0.0,0.0,96.1,36
2023-09-01,dongri_buzurg,Dongri Buzurg Mine,Friday,9,990,844,146,14.75,Medium,equipment_downtime,1.0,37.0,30.7,0.593,4.9,0.4,0.4,4.1,98.0,0.9,0.0,93.3,31
2023-09-02,dongri_buzurg,Dongri Buzurg Mine,Saturday,9,978,546,432,44.17,High,weather_stoppage,27.6,45.8,27.2,0.467,5.5,1.5,1.3,2.7,97.8,0.0,2.9,88.1,24
2023-09-03,dongri_buzurg,Dongri Buzurg Mine,Sunday,9,955,592,363,38.01,High,equipment_downtime,0.3,35.2,30.8,0.503,15.9,4.8,0.8,10.3,93.6,0.0,0.0,95.3,22
2023-09-04,dongri_buzurg,Dongri Buzurg Mine,Monday,9,960,157,803,83.65,High,weather_stoppage,130.3,58.0,16.0,0.591,8.3,5.7,0.7,1.9,96.7,0.0,12.0,90.0,5
2023-09-05,dongri_buzurg,Dongri Buzurg Mine,Tuesday,9,1023,773,250,24.44,High,weather_stoppage,21.5,50.3,29.0,0.443,4.0,0.9,1.7,1.4,98.0,0.0,0.0,95.0,34
2023-09-06,dongri_buzurg,Dongri Buzurg Mine,Wednesday,9,970,858,112,11.55,Medium,equipment_downtime,3.2,37.4,28.2,0.555,5.9,0.3,1.5,4.1,97.6,0.0,0.0,96.2,34
2023-09-07,dongri_buzurg,Dongri Buzurg Mine,Thursday,9,978,916,62,6.34,Medium,equipment_downtime,5.2,38.2,31.0,0.532,3.2,0.5,1.3,1.4,98.0,0.0,0.0,90.4,38
2023-09-08,dongri_buzurg,Dongri Buzurg Mine,Friday,9,941,848,93,9.88,Medium,equipment_downtime,1.1,36.5,27.8,0.543,6.1,0.5,1.2,4.4,97.5,0.0,0.0,99.0,32
2023-09-09,dongri_buzurg,Dongri Buzurg Mine,Saturday,9,941,742,199,21.15,High,equipment_downtime,3.6,36.5,29.0,0.577,7.1,0.9,1.8,4.4,97.1,0.0,0.0,88.0,25
2023-09-10,dongri_buzurg,Dongri Buzurg Mine,Sunday,9,949,788,161,16.97,Medium,equipment_downtime,2.7,31.2,32.2,0.605,4.2,0.9,0.9,2.4,98.0,0.0,0.0,98.9,33
2023-09-11,dongri_buzurg,Dongri Buzurg Mine,Monday,9,984,157,827,84.04,High,weather_stoppage,65.6,54.2,24.2,0.586,6.6,4.4,0.8,1.4,97.3,0.0,9.7,94.3,6
2023-09-12,dongri_buzurg,Dongri Buzurg Mine,Tuesday,9,1020,157,863,84.61,High,weather_stoppage,106.9,58.0,16.6,0.535,10.4,4.2,0.5,5.7,95.8,0.0,12.0,92.5,6
2023-09-13,dongri_buzurg,Dongri Buzurg Mine,Wednesday,9,988,634,354,35.83,High,blasting_delays,24.5,48.1,27.9,0.537,2.6,0.5,0.7,1.4,98.0,4.7,0.0,92.4,29
2023-09-14,dongri_buzurg,Dongri Buzurg Mine,Thursday,9,955,939,16,1.68,Low,nominal_operations,0.3,36.5,28.3,0.594,3.4,0.2,1.7,1.5,98.0,0.0,0.0,90.1,40
2023-09-15,dongri_buzurg,Dongri Buzurg Mine,Friday,9,1011,159,852,84.27,High,equipment_downtime,1.8,35.2,29.5,0.474,42.3,33.3,1.6,7.4,83.0,0.0,0.0,89.8,5
2023-09-16,dongri_buzurg,Dongri Buzurg Mine,Saturday,9,971,499,472,48.61,High,equipment_downtime,2.8,37.0,24.5,0.61,17.0,2.3,1.6,13.1,93.2,0.0,0.0,82.9,19
2023-09-17,dongri_buzurg,Dongri Buzurg Mine,Sunday,9,961,849,112,11.65,Medium,equipment_downtime,3.5,36.4,29.4,0.552,4.5,0.5,1.9,2.1,98.0,0.0,0.0,95.0,34
2023-09-18,dongri_buzurg,Dongri Buzurg Mine,Monday,9,972,411,561,57.72,High,equipment_downtime,0.9,33.5,28.0,0.641,23.3,10.0,1.0,12.3,90.6,0.0,0.0,86.2,15
2023-09-19,dongri_buzurg,Dongri Buzurg Mine,Tuesday,9,969,839,130,13.42,Medium,equipment_downtime,0.1,28.8,27.8,0.66,4.9,0.2,2.0,2.7,98.0,0.6,0.0,97.1,34
2023-09-20,dongri_buzurg,Dongri Buzurg Mine,Wednesday,9,982,646,336,34.22,High,weather_stoppage,33.0,42.1,26.5,0.528,2.5,0.5,0.8,1.2,98.0,0.0,4.1,88.1,24
2023-09-21,dongri_buzurg,Dongri Buzurg Mine,Thursday,9,971,889,82,8.44,Medium,equipment_downtime,14.4,37.4,26.1,0.609,3.0,1.0,0.9,1.1,98.0,0.0,0.0,99.0,36
2023-09-22,dongri_buzurg,Dongri Buzurg Mine,Friday,9,1001,912,89,8.89,Medium,equipment_downtime,3.6,31.6,29.3,0.633,4.1,0.8,0.9,2.4,98.0,0.0,0.0,90.6,34
2023-09-23,dongri_buzurg,Dongri Buzurg Mine,Saturday,9,999,846,153,15.32,Medium,equipment_downtime,18.9,40.0,25.0,0.564,6.1,0.5,1.5,4.1,97.5,0.0,0.0,97.1,33
2023-09-24,dongri_buzurg,Dongri Buzurg Mine,Sunday,9,986,552,434,44.02,High,equipment_downtime,15.4,38.4,23.0,0.632,19.9,12.7,1.2,6.0,92.0,0.0,0.0,96.5,20
2023-09-25,dongri_buzurg,Dongri Buzurg Mine,Monday,9,990,157,833,84.14,High,weather_stoppage,72.3,54.5,18.4,0.575,10.0,6.6,1.3,2.1,96.0,0.0,9.7,95.8,6
2023-09-26,dongri_buzurg,Dongri Buzurg Mine,Tuesday,9,942,556,386,40.98,High,labor_attendance,1.4,35.6,25.8,0.555,4.8,0.5,0.5,3.8,98.0,3.3,0.0,79.9,23
2023-09-27,dongri_buzurg,Dongri Buzurg Mine,Wednesday,9,974,896,78,8.01,Medium,equipment_downtime,3.0,34.0,25.7,0.624,4.3,0.4,1.3,2.6,98.0,0.0,0.0,94.9,35
2023-09-28,dongri_buzurg,Dongri Buzurg Mine,Thursday,9,969,664,305,31.48,High,equipment_downtime,2.5,33.9,27.8,0.621,14.4,5.2,1.2,8.0,94.2,0.0,0.0,88.5,24
2023-09-29,dongri_buzurg,Dongri Buzurg Mine,Friday,9,988,967,21,2.13,Low,equipment_downtime,3.3,34.6,28.8,0.689,3.6,0.3,1.0,2.3,98.0,0.0,0.0,93.3,40
2023-09-30,dongri_buzurg,Dongri Buzurg Mine,Saturday,9,962,734,228,23.7,High,equipment_downtime,16.8,40.2,27.2,0.557,10.2,2.2,5.5,2.5,95.9,0.0,0.0,98.7,33
2023-10-01,dongri_buzurg,Dongri Buzurg Mine,Sunday,10,1014,939,75,7.4,Medium,equipment_downtime,0.0,26.6,26.2,0.617,3.8,1.0,0.3,2.5,98.0,0.0,0.0,92.2,40
2023-10-02,dongri_buzurg,Dongri Buzurg Mine,Monday,10,944,778,166,17.58,Medium,equipment_downtime,0.0,29.5,24.3,0.66,6.4,1.3,1.9,3.2,97.4,0.0,0.0,94.6,30
2023-10-03,dongri_buzurg,Dongri Buzurg Mine,Tuesday,10,964,875,89,9.23,Medium,equipment_downtime,0.0,33.4,23.7,0.588,4.8,0.7,2.9,1.2,98.0,0.0,0.0,94.0,33
2023-10-04,dongri_buzurg,Dongri Buzurg Mine,Wednesday,10,950,798,152,16.0,Medium,equipment_downtime,0.0,30.1,26.9,0.608,5.1,0.8,2.9,1.4,97.9,0.0,0.0,89.6,30
2023-10-05,dongri_buzurg,Dongri Buzurg Mine,Thursday,10,953,877,76,7.97,Medium,equipment_downtime,0.0,34.0,23.7,0.68,5.8,1.3,1.2,3.3,97.7,0.0,0.0,92.4,34
2023-10-06,dongri_buzurg,Dongri Buzurg Mine,Friday,10,956,859,97,10.15,Medium,equipment_downtime,2.4,30.9,24.8,0.539,5.6,1.3,0.9,3.4,97.7,0.0,0.0,98.5,34
2023-10-07,dongri_buzurg,Dongri Buzurg Mine,Saturday,10,963,889,74,7.68,Medium,equipment_downtime,0.0,28.2,27.0,0.598,2.9,0.3,1.3,1.3,98.0,0.0,0.0,88.1,34
2023-10-08,dongri_buzurg,Dongri Buzurg Mine,Sunday,10,947,743,204,21.54,High,equipment_downtime,0.0,30.0,24.6,0.63,10.1,3.7,2.4,4.0,95.9,0.0,0.0,95.5,29
2023-10-09,dongri_buzurg,Dongri Buzurg Mine,Monday,10,989,948,41,4.15,Low,equipment_downtime,0.0,31.8,23.6,0.606,3.0,0.7,1.1,1.2,98.0,0.0,0.0,96.7,38
2023-10-10,dongri_buzurg,Dongri Buzurg Mine,Tuesday,10,930,834,96,10.32,Medium,equipment_downtime,3.8,27.8,22.3,0.638,5.7,0.2,4.5,1.0,97.7,0.0,0.0,94.3,32
2023-10-11,dongri_buzurg,Dongri Buzurg Mine,Wednesday,10,959,889,70,7.3,Medium,equipment_downtime,0.0,28.4,22.0,0.583,2.4,0.3,0.8,1.3,98.0,0.0,0.0,88.4,36
2023-10-12,dongri_buzurg,Dongri Buzurg Mine,Thursday,10,1001,915,86,8.59,Medium,equipment_downtime,7.1,33.1,23.7,0.646,9.3,0.4,6.2,2.7,96.3,0.0,0.0,94.3,40
2023-10-13,dongri_buzurg,Dongri Buzurg Mine,Friday,10,1006,743,263,26.14,High,equipment_downtime,0.0,30.9,25.3,0.599,15.3,1.2,2.0,12.1,93.8,0.0,0.0,94.7,27
2023-10-14,dongri_buzurg,Dongri Buzurg Mine,Saturday,10,971,885,86,8.86,Medium,equipment_downtime,0.0,30.3,23.9,0.641,3.8,1.1,1.2,1.5,98.0,0.0,0.0,95.7,38
2023-10-15,dongri_buzurg,Dongri Buzurg Mine,Sunday,10,936,836,100,10.68,Medium,equipment_downtime,0.0,26.3,24.1,0.654,6.9,1.3,1.8,3.8,97.2,0.0,0.0,98.3,32
2023-10-16,dongri_buzurg,Dongri Buzurg Mine,Monday,10,961,849,112,11.65,Medium,equipment_downtime,0.0,25.2,24.0,0.689,6.3,1.3,1.9,3.1,97.5,0.0,0.0,92.3,37
2023-10-17,dongri_buzurg,Dongri Buzurg Mine,Tuesday,10,970,875,95,9.79,Medium,equipment_downtime,0.0,32.0,26.5,0.596,2.9,0.9,0.5,1.5,98.0,0.0,0.0,87.9,32
2023-10-18,dongri_buzurg,Dongri Buzurg Mine,Wednesday,10,950,904,46,4.84,Low,equipment_downtime,0.0,29.4,26.1,0.613,2.4,0.4,0.8,1.2,98.0,0.0,0.0,96.1,38
2023-10-19,dongri_buzurg,Dongri Buzurg Mine,Thursday,10,945,786,159,16.83,Medium,equipment_downtime,0.0,30.9,25.3,0.592,4.7,1.4,1.6,1.7,98.0,0.0,0.0,90.7,34
2023-10-20,dongri_buzurg,Dongri Buzurg Mine,Friday,10,982,921,61,6.21,Medium,equipment_downtime,0.0,27.9,21.8,0.593,4.0,1.4,0.7,1.9,98.0,0.0,0.0,93.5,39
2023-10-21,dongri_buzurg,Dongri Buzurg Mine,Saturday,10,978,524,454,46.42,High,blasting_delays,8.8,28.3,21.2,0.635,7.1,2.9,0.8,3.4,97.1,5.9,0.0,84.9,22
2023-10-22,dongri_buzurg,Dongri Buzurg Mine,Sunday,10,992,857,135,13.61,Medium,equipment_downtime,0.0,24.0,21.8,0.629,6.3,1.3,1.0,4.0,97.5,0.0,0.0,92.2,34
2023-10-23,dongri_buzurg,Dongri Buzurg Mine,Monday,10,952,853,99,10.4,Medium,equipment_downtime,0.0,29.6,23.0,0.664,4.3,1.1,1.8,1.4,98.0,0.0,0.0,93.5,35
2023-10-24,dongri_buzurg,Dongri Buzurg Mine,Tuesday,10,933,535,398,42.66,High,equipment_downtime,3.7,24.9,26.5,0.604,18.9,7.8,1.9,9.2,92.4,0.0,0.0,89.0,19
2023-10-25,dongri_buzurg,Dongri Buzurg Mine,Wednesday,10,929,473,456,49.09,High,equipment_downtime,0.0,23.5,23.9,0.591,19.2,9.4,0.4,9.4,92.3,0.0,0.0,88.7,19
2023-10-26,dongri_buzurg,Dongri Buzurg Mine,Thursday,10,977,905,72,7.37,Medium,equipment_downtime,0.0,24.9,23.9,0.675,5.4,1.2,0.6,3.6,97.8,0.0,0.0,97.0,32
2023-10-27,dongri_buzurg,Dongri Buzurg Mine,Friday,10,959,620,339,35.35,High,equipment_downtime,0.0,26.9,22.1,0.641,14.5,2.0,1.4,11.1,94.2,0.0,0.0,84.4,26
2023-10-28,dongri_buzurg,Dongri Buzurg Mine,Saturday,10,939,816,123,13.1,Medium,equipment_downtime,0.0,21.2,21.9,0.62,7.4,1.5,1.6,4.3,97.0,0.0,0.0,88.8,35
2023-10-29,dongri_buzurg,Dongri Buzurg Mine,Sunday,10,983,445,538,54.73,High,equipment_downtime,0.0,21.0,23.4,0.6,28.3,3.6,1.9,22.8,88.6,0.0,0.0,89.5,20
2023-10-30,dongri_buzurg,Dongri Buzurg Mine,Monday,10,978,889,89,9.1,Medium,equipment_downtime,0.0,21.4,25.9,0.696,5.0,1.2,1.6,2.2,98.0,0.0,0.0,94.5,34
2023-10-31,dongri_buzurg,Dongri Buzurg Mine,Tuesday,10,1001,861,140,13.99,Medium,blasting_delays,0.0,21.1,23.1,0.595,3.5,0.8,0.5,2.2,98.0,2.4,0.0,95.3,35
2023-11-01,dongri_buzurg,Dongri Buzurg Mine,Wednesday,11,995,851,144,14.47,Medium,equipment_downtime,0.0,25.2,25.8,0.706,6.8,0.9,1.5,4.4,97.3,0.8,0.0,94.3,36
2023-11-02,dongri_buzurg,Dongri Buzurg Mine,Thursday,11,989,870,119,12.03,Medium,equipment_downtime,0.0,18.5,21.2,0.688,3.9,0.7,1.5,1.7,98.0,0.0,0.0,93.8,36
2023-11-03,dongri_buzurg,Dongri Buzurg Mine,Friday,11,961,869,92,9.57,Medium,equipment_downtime,0.0,22.2,23.3,0.577,5.1,0.6,0.5,4.0,97.9,1.1,0.0,97.0,37
2023-11-04,dongri_buzurg,Dongri Buzurg Mine,Saturday,11,983,962,21,2.14,Low,equipment_downtime,0.0,25.2,24.6,0.654,3.2,1.4,0.6,1.2,98.0,0.0,0.0,98.1,38
2023-11-05,dongri_buzurg,Dongri Buzurg Mine,Sunday,11,991,782,209,21.09,High,equipment_downtime,0.0,18.9,22.8,0.61,6.6,1.1,1.4,4.1,97.3,0.0,0.0,89.1,32
2023-11-06,dongri_buzurg,Dongri Buzurg Mine,Monday,11,1023,719,304,29.72,High,equipment_downtime,0.0,21.7,21.3,0.678,13.6,3.8,0.4,9.4,94.5,0.0,0.0,91.9,24
2023-11-07,dongri_buzurg,Dongri Buzurg Mine,Tuesday,11,985,850,135,13.71,Medium,equipment_downtime,0.0,19.7,23.6,0.624,5.0,1.0,1.5,2.5,98.0,0.5,0.0,96.3,35
2023-11-08,dongri_buzurg,Dongri Buzurg Mine,Wednesday,11,976,925,51,5.23,Low,equipment_downtime,0.0,20.7,19.7,0.663,4.0,1.0,1.8,1.2,98.0,0.0,0.0,92.1,39
2023-11-09,dongri_buzurg,Dongri Buzurg Mine,Thursday,11,1004,841,163,16.24,Medium,equipment_downtime,0.0,16.6,23.8,0.676,6.2,0.7,1.0,4.5,97.5,0.0,0.0,91.5,33
2023-11-10,dongri_buzurg,Dongri Buzurg Mine,Friday,11,973,869,104,10.69,Medium,equipment_downtime,4.7,19.9,21.5,0.605,3.6,0.3,1.5,1.8,98.0,0.0,0.0,88.9,33
2023-11-11,dongri_buzurg,Dongri Buzurg Mine,Saturday,11,951,635,316,33.23,High,equipment_downtime,0.0,21.1,20.4,0.649,14.7,8.9,0.8,5.0,94.1,0.7,0.0,92.5,27
2023-11-12,dongri_buzurg,Dongri Buzurg Mine,Sunday,11,939,837,102,10.86,Medium,equipment_downtime,0.0,13.2,22.5,0.568,5.6,0.7,1.9,3.0,97.7,0.0,0.0,96.9,35
2023-11-13,dongri_buzurg,Dongri Buzurg Mine,Monday,11,1014,932,82,8.09,Medium,equipment_downtime,0.0,15.0,19.9,0.595,3.9,0.3,1.2,2.4,98.0,0.0,0.0,95.4,38
2023-11-14,dongri_buzurg,Dongri Buzurg Mine,Tuesday,11,976,941,35,3.59,Low,equipment_downtime,0.0,18.6,22.7,0.587,4.1,0.5,0.8,2.8,98.0,0.0,0.0,98.3,40
2023-11-15,dongri_buzurg,Dongri Buzurg Mine,Wednesday,11,954,872,82,8.6,Medium,equipment_downtime,0.0,20.6,22.0,0.604,3.5,1.1,1.2,1.2,98.0,0.0,0.0,95.0,35
2023-11-16,dongri_buzurg,Dongri Buzurg Mine,Thursday,11,1005,950,55,5.47,Low,equipment_downtime,0.4,14.4,22.4,0.615,2.7,1.1,0.2,1.4,98.0,0.0,0.0,98.2,35
2023-11-17,dongri_buzurg,Dongri Buzurg Mine,Friday,11,990,912,78,7.88,Medium,equipment_downtime,0.0,21.1,21.7,0.662,3.3,0.8,0.6,1.9,98.0,0.0,0.0,99.0,36
2023-11-18,dongri_buzurg,Dongri Buzurg Mine,Saturday,11,980,781,199,20.31,High,equipment_downtime,0.0,16.8,23.6,0.621,2.3,0.9,0.4,1.0,98.0,0.0,0.0,89.6,32
2023-11-19,dongri_buzurg,Dongri Buzurg Mine,Sunday,11,935,768,167,17.86,Medium,equipment_downtime,0.0,13.6,24.5,0.677,5.7,0.5,1.2,4.0,97.7,0.0,0.0,85.9,32
2023-11-20,dongri_buzurg,Dongri Buzurg Mine,Monday,11,1000,913,87,8.7,Medium,equipment_downtime,0.0,14.6,22.3,0.588,5.3,0.7,1.2,3.4,97.9,0.0,0.0,93.7,33
2023-11-21,dongri_buzurg,Dongri Buzurg Mine,Tuesday,11,995,747,248,24.92,High,equipment_downtime,0.0,17.7,25.5,0.693,11.3,1.4,0.9,9.0,95.5,0.0,0.0,99.0,29
2023-11-22,dongri_buzurg,Dongri Buzurg Mine,Wednesday,11,983,706,277,28.18,High,equipment_downtime,0.0,16.2,21.1,0.661,7.4,1.4,1.9,4.1,97.0,0.0,0.0,85.8,26
2023-11-23,dongri_buzurg,Dongri Buzurg Mine,Thursday,11,975,852,123,12.62,Medium,equipment_downtime,0.0,16.8,23.3,0.585,4.3,1.5,1.8,1.0,98.0,0.0,0.0,88.3,36
2023-11-24,dongri_buzurg,Dongri Buzurg Mine,Friday,11,954,815,139,14.57,Medium,equipment_downtime,0.0,13.1,24.7,0.6,3.7,1.3,1.1,1.3,98.0,0.0,0.0,90.6,33
2023-11-25,dongri_buzurg,Dongri Buzurg Mine,Saturday,11,975,640,335,34.36,High,equipment_downtime,0.0,16.8,22.0,0.61,18.3,10.4,1.3,6.6,92.6,0.0,0.0,99.0,26
2023-11-26,dongri_buzurg,Dongri Buzurg Mine,Sunday,11,1021,943,78,7.64,Medium,equipment_downtime,0.0,14.6,22.6,0.693,5.9,1.2,1.0,3.7,97.6,0.0,0.0,93.6,37
2023-11-27,dongri_buzurg,Dongri Buzurg Mine,Monday,11,954,918,36,3.77,Low,equipment_downtime,0.0,15.3,20.5,0.543,5.4,1.2,0.4,3.8,97.8,0.0,0.0,96.2,35
2023-11-28,dongri_buzurg,Dongri Buzurg Mine,Tuesday,11,963,971,0,0.0,Low,nominal_operations,0.0,10.5,20.7,0.628,3.5,1.4,0.9,1.2,98.0,0.0,0.0,93.3,41
2023-11-29,dongri_buzurg,Dongri Buzurg Mine,Wednesday,11,980,833,147,15.0,Medium,equipment_downtime,0.0,17.0,22.1,0.658,6.0,0.6,1.3,4.1,97.6,0.0,0.0,98.3,33
2023-11-30,dongri_buzurg,Dongri Buzurg Mine,Thursday,11,942,870,72,7.64,Medium,equipment_downtime,0.0,20.4,20.5,0.635,2.7,0.5,0.4,1.8,98.0,0.0,0.0,88.7,35
2023-12-01,dongri_buzurg,Dongri Buzurg Mine,Friday,12,1023,951,72,7.04,Medium,equipment_downtime,0.0,13.9,25.4,0.499,4.0,0.3,1.2,2.5,98.0,0.0,0.0,95.7,39
2023-12-02,dongri_buzurg,Dongri Buzurg Mine,Saturday,12,1008,718,290,28.77,High,equipment_downtime,0.0,15.6,21.4,0.591,12.9,3.1,1.7,8.1,94.8,0.0,0.0,88.7,26
2023-12-03,dongri_buzurg,Dongri Buzurg Mine,Sunday,12,1011,734,277,27.4,High,equipment_downtime,0.0,14.5,22.7,0.534,14.0,0.6,9.0,4.4,94.4,0.0,0.0,90.3,28
2023-12-04,dongri_buzurg,Dongri Buzurg Mine,Monday,12,1000,666,334,33.4,High,equipment_downtime,0.0,12.3,20.8,0.581,17.9,9.8,1.9,6.2,92.8,0.0,0.0,93.9,28
2023-12-05,dongri_buzurg,Dongri Buzurg Mine,Tuesday,12,986,861,125,12.68,Medium,equipment_downtime,0.0,13.7,22.4,0.574,5.4,1.0,0.2,4.2,97.8,0.0,0.0,95.5,36
2023-12-06,dongri_buzurg,Dongri Buzurg Mine,Wednesday,12,1036,823,213,20.56,High,equipment_downtime,0.0,14.2,24.8,0.605,6.6,0.5,1.9,4.2,97.3,1.6,0.0,98.9,32
2023-12-07,dongri_buzurg,Dongri Buzurg Mine,Thursday,12,984,936,48,4.88,Low,equipment_downtime,0.0,18.2,21.5,0.543,3.3,1.1,1.0,1.2,98.0,0.0,0.0,92.5,40
2023-12-08,dongri_buzurg,Dongri Buzurg Mine,Friday,12,992,963,29,2.92,Low,equipment_downtime,4.3,19.9,21.6,0.582,4.0,0.5,0.8,2.7,98.0,0.0,0.0,94.2,38
2023-12-09,dongri_buzurg,Dongri Buzurg Mine,Saturday,12,979,914,65,6.64,Medium,equipment_downtime,0.0,19.2,25.4,0.545,4.9,0.7,1.8,2.4,98.0,0.0,0.0,96.7,36
2023-12-10,dongri_buzurg,Dongri Buzurg Mine,Sunday,12,996,854,142,14.26,Medium,equipment_downtime,0.0,12.9,23.1,0.59,6.7,0.7,1.9,4.1,97.3,0.0,0.0,91.5,34
2023-12-11,dongri_buzurg,Dongri Buzurg Mine,Monday,12,1023,914,109,10.65,Medium,equipment_downtime,0.0,16.7,22.0,0.578,4.7,0.7,0.5,3.5,98.0,0.0,0.0,98.9,36
2023-12-12,dongri_buzurg,Dongri Buzurg Mine,Tuesday,12,993,902,91,9.16,Medium,equipment_downtime,0.0,12.5,19.9,0.545,3.9,0.4,1.6,1.9,98.0,0.0,0.0,93.1,35
2023-12-13,dongri_buzurg,Dongri Buzurg Mine,Wednesday,12,983,803,180,18.31,High,equipment_downtime,0.0,18.2,25.3,0.572,9.6,0.2,7.4,2.0,96.1,0.0,0.0,87.2,32
2023-12-14,dongri_buzurg,Dongri Buzurg Mine,Thursday,12,1014,803,211,20.81,High,equipment_downtime,0.0,15.8,21.2,0.627,6.7,1.0,1.8,3.9,97.3,0.0,0.0,88.5,32
2023-12-15,dongri_buzurg,Dongri Buzurg Mine,Friday,12,998,956,42,4.21,Low,equipment_downtime,0.0,17.1,22.6,0.608,3.6,0.9,0.4,2.3,98.0,0.0,0.0,94.8,39
2023-12-16,dongri_buzurg,Dongri Buzurg Mine,Saturday,12,1007,956,51,5.06,Low,equipment_downtime,10.1,20.9,22.2,0.588,3.0,0.3,1.1,1.6,98.0,0.0,0.0,90.4,40
2023-12-17,dongri_buzurg,Dongri Buzurg Mine,Sunday,12,1007,506,501,49.75,High,equipment_downtime,0.0,14.5,19.3,0.577,20.7,17.1,0.4,3.2,91.7,0.0,0.0,87.2,20
2023-12-18,dongri_buzurg,Dongri Buzurg Mine,Monday,12,1051,839,212,20.17,High,equipment_downtime,0.0,13.5,24.6,0.558,6.5,1.2,1.1,4.2,97.4,0.0,0.0,86.5,32
2023-12-19,dongri_buzurg,Dongri Buzurg Mine,Tuesday,12,1038,892,146,14.07,Medium,equipment_downtime,0.0,16.9,20.6,0.564,5.3,0.8,0.5,4.0,97.9,0.0,0.0,89.1,36
2023-12-20,dongri_buzurg,Dongri Buzurg Mine,Wednesday,12,1033,962,71,6.87,Medium,equipment_downtime,0.0,11.8,22.2,0.574,2.1,0.2,0.7,1.2,98.0,0.0,0.0,95.0,39
2023-12-21,dongri_buzurg,Dongri Buzurg Mine,Thursday,12,1009,829,180,17.84,Medium,equipment_downtime,4.1,17.9,21.8,0.571,3.3,1.0,0.2,2.1,98.0,1.4,0.0,99.0,32
2023-12-22,dongri_buzurg,Dongri Buzurg Mine,Friday,12,1024,940,84,8.2,Medium,equipment_downtime,11.3,21.5,20.2,0.583,4.8,0.6,1.0,3.2,98.0,0.0,0.0,89.3,37
2023-12-23,dongri_buzurg,Dongri Buzurg Mine,Saturday,12,1040,689,351,33.75,High,equipment_downtime,0.0,16.4,28.3,0.566,11.8,3.7,3.6,4.5,95.2,0.0,0.0,89.1,28
2023-12-24,dongri_buzurg,Dongri Buzurg Mine,Sunday,12,1047,954,93,8.88,Medium,equipment_downtime,0.0,12.3,21.2,0.56,5.4,0.6,0.5,4.3,97.8,0.0,0.0,96.0,41
2023-12-25,dongri_buzurg,Dongri Buzurg Mine,Monday,12,995,873,122,12.26,Medium,equipment_downtime,0.0,17.8,21.9,0.547,6.6,0.4,1.9,4.3,97.3,0.0,0.0,92.1,37
2023-12-26,dongri_buzurg,Dongri Buzurg Mine,Tuesday,12,973,884,89,9.15,Medium,equipment_downtime,0.0,19.8,22.4,0.541,4.2,0.8,1.3,2.1,98.0,0.0,0.0,87.8,38
2023-12-27,dongri_buzurg,Dongri Buzurg Mine,Wednesday,12,1011,895,116,11.47,Medium,labor_attendance,0.0,10.5,23.8,0.538,2.9,0.6,0.3,2.0,98.0,0.0,0.0,86.7,38
2023-12-28,dongri_buzurg,Dongri Buzurg Mine,Thursday,12,986,667,319,32.35,High,equipment_downtime,0.0,10.1,20.6,0.54,14.3,4.6,1.0,8.7,94.2,0.0,0.0,93.8,26
2023-12-29,dongri_buzurg,Dongri Buzurg Mine,Friday,12,968,717,251,25.93,High,equipment_downtime,0.0,16.4,24.5,0.536,16.5,7.8,1.8,6.9,93.4,0.0,0.0,89.9,30
2023-12-30,dongri_buzurg,Dongri Buzurg Mine,Saturday,12,1022,594,428,41.88,High,equipment_downtime,0.0,14.6,29.0,0.54,21.8,6.1,0.5,15.2,91.2,0.0,0.0,89.9,26
2023-12-31,dongri_buzurg,Dongri Buzurg Mine,Sunday,12,1006,692,314,31.21,High,equipment_downtime,0.0,13.4,25.4,0.51,15.3,8.5,1.5,5.3,93.8,0.0,0.0,92.2,28
2024-01-01,dongri_buzurg,Dongri Buzurg Mine,Monday,1,1034,878,156,15.09,Medium,equipment_downtime,0.0,17.2,24.2,0.528,6.7,1.4,1.0,4.3,97.3,0.0,0.0,95.4,38
2024-01-02,dongri_buzurg,Dongri Buzurg Mine,Tuesday,1,1042,509,533,51.15,High,equipment_downtime,0.0,14.4,18.8,0.552,19.1,3.9,0.6,14.6,92.3,4.2,0.0,92.8,22
2024-01-03,dongri_buzurg,Dongri Buzurg Mine,Wednesday,1,1015,855,160,15.76,Medium,equipment_downtime,0.0,19.3,25.6,0.565,6.6,1.1,1.0,4.5,97.3,0.0,0.0,96.0,40
2024-01-04,dongri_buzurg,Dongri Buzurg Mine,Thursday,1,1070,968,102,9.53,Medium,equipment_downtime,0.0,18.1,24.1,0.49,3.6,1.4,0.2,2.0,98.0,0.0,0.0,88.6,36
2024-01-05,dongri_buzurg,Dongri Buzurg Mine,Friday,1,1026,968,58,5.65,Low,equipment_downtime,0.0,14.9,23.1,0.484,3.0,1.2,0.4,1.4,98.0,0.0,0.0,95.5,36
2024-01-06,dongri_buzurg,Dongri Buzurg Mine,Saturday,1,1064,973,91,8.55,Medium,equipment_downtime,0.0,11.7,24.9,0.477,3.7,0.4,0.7,2.6,98.0,0.0,0.0,89.5,38
2024-01-07,dongri_buzurg,Dongri Buzurg Mine,Sunday,1,992,892,100,10.08,Medium,equipment_downtime,0.0,15.6,26.7,0.49,5.6,1.4,0.4,3.8,97.7,0.0,0.0,96.4,37
2024-01-08,dongri_buzurg,Dongri Buzurg Mine,Monday,1,1049,890,159,15.16,Medium,equipment_downtime,0.0,17.4,26.3,0.546,7.1,0.4,3.2,3.5,97.1,1.9,0.0,92.0,38
2024-01-09,dongri_buzurg,Dongri Buzurg Mine,Tuesday,1,1032,846,186,18.02,High,equipment_downtime,0.0,17.8,24.8,0.451,5.5,0.3,2.0,3.2,97.8,0.0,0.0,86.8,35
2024-01-10,dongri_buzurg,Dongri Buzurg Mine,Wednesday,1,1013,943,70,6.91,Medium,equipment_downtime,0.0,17.7,23.2,0.437,4.6,0.9,0.6,3.1,98.0,0.0,0.0,90.0,35
2024-01-11,dongri_buzurg,Dongri Buzurg Mine,Thursday,1,1017,851,166,16.32,Medium,equipment_downtime,0.0,13.0,22.6,0.455,6.2,0.6,1.8,3.8,97.5,0.0,0.0,89.0,37
2024-01-12,dongri_buzurg,Dongri Buzurg Mine,Friday,1,1073,990,83,7.74,Medium,equipment_downtime,0.0,18.0,22.5,0.458,5.7,1.2,1.5,3.0,97.7,0.0,0.0,96.9,42
2024-01-13,dongri_buzurg,Dongri Buzurg Mine,Saturday,1,1017,818,199,19.57,High,equipment_downtime,0.0,19.9,23.2,0.441,7.0,0.9,0.4,5.7,97.2,0.0,0.0,87.4,32
2024-01-14,dongri_buzurg,Dongri Buzurg Mine,Sunday,1,1061,1031,30,2.83,Low,equipment_downtime,0.0,17.6,25.3,0.509,3.9,0.5,1.5,1.9,98.0,0.0,0.0,98.1,41
2024-01-15,dongri_buzurg,Dongri Buzurg Mine,Monday,1,1053,961,92,8.74,Medium,equipment_downtime,0.0,13.0,25.8,0.462,4.6,1.4,2.0,1.2,98.0,0.4,0.0,96.8,40
2024-01-16,dongri_buzurg,Dongri Buzurg Mine,Tuesday,1,1009,828,181,17.94,Medium,equipment_downtime,0.0,19.9,25.5,0.505,6.0,0.5,1.5,4.0,97.6,0.0,0.0,86.6,35
2024-01-17,dongri_buzurg,Dongri Buzurg Mine,Wednesday,1,1022,828,194,18.98,High,equipment_downtime,0.0,12.8,20.8,0.453,5.2,1.0,0.5,3.7,97.9,0.0,0.0,86.0,34
2024-01-18,dongri_buzurg,Dongri Buzurg Mine,Thursday,1,1021,877,144,14.1,Medium,equipment_downtime,8.6,20.6,24.4,0.407,2.0,0.6,0.3,1.1,98.0,0.0,0.0,90.7,35
2024-01-19,dongri_buzurg,Dongri Buzurg Mine,Friday,1,1043,766,277,26.56,High,equipment_downtime,0.0,14.0,19.9,0.524,9.0,5.6,0.4,3.0,96.4,0.0,0.0,86.0,32
2024-01-20,dongri_buzurg,Dongri Buzurg Mine,Saturday,1,1089,1071,18,1.65,Low,nominal_operations,0.0,16.8,25.8,0.399,5.5,0.3,1.3,3.9,97.8,0.0,0.0,96.1,43
2024-01-21,dongri_buzurg,Dongri Buzurg Mine,Sunday,1,1052,849,203,19.3,High,labor_attendance,0.0,16.4,22.5,0.462,3.8,1.2,0.8,1.8,98.0,0.0,0.0,84.1,35
2024-01-22,dongri_buzurg,Dongri Buzurg Mine,Monday,1,1052,1008,44,4.18,Low,equipment_downtime,0.0,18.4,25.6,0.423,3.2,0.5,0.6,2.1,98.0,0.0,0.0,96.6,39
2024-01-23,dongri_buzurg,Dongri Buzurg Mine,Tuesday,1,1054,1049,5,0.47,Low,nominal_operations,0.0,14.4,24.2,0.427,2.2,0.4,0.6,1.2,98.0,0.0,0.0,92.0,40
2024-01-24,dongri_buzurg,Dongri Buzurg Mine,Wednesday,1,1054,859,195,18.5,High,equipment_downtime,15.4,19.0,26.3,0.447,3.3,1.0,0.5,1.8,98.0,1.9,0.0,89.2,35
2024-01-25,dongri_buzurg,Dongri Buzurg Mine,Thursday,1,1030,920,110,10.68,Medium,equipment_downtime,0.0,16.9,25.1,0.443,4.6,0.6,1.0,3.0,98.0,0.0,0.0,94.7,35
2024-01-26,dongri_buzurg,Dongri Buzurg Mine,Friday,1,1033,902,131,12.68,Medium,equipment_downtime,9.4,16.4,26.7,0.411,4.5,1.0,1.6,1.9,98.0,0.0,0.0,97.0,35
2024-01-27,dongri_buzurg,Dongri Buzurg Mine,Saturday,1,1059,935,124,11.71,Medium,equipment_downtime,0.0,13.5,27.5,0.444,6.5,1.2,0.9,4.4,97.4,0.0,0.0,98.3,35
2024-01-28,dongri_buzurg,Dongri Buzurg Mine,Sunday,1,1046,874,172,16.44,Medium,labor_attendance,0.0,11.4,25.8,0.427,3.0,0.2,0.4,2.4,98.0,0.0,0.0,84.0,33
2024-01-29,dongri_buzurg,Dongri Buzurg Mine,Monday,1,1058,441,617,58.32,High,equipment_downtime,1.3,18.7,28.3,0.389,34.7,1.2,1.3,32.2,86.0,0.0,0.0,92.4,17
2024-01-30,dongri_buzurg,Dongri Buzurg Mine,Tuesday,1,1054,923,131,12.43,Medium,equipment_downtime,0.0,17.6,23.8,0.42,6.1,1.4,1.0,3.7,97.5,0.0,0.0,93.2,38
2024-01-31,dongri_buzurg,Dongri Buzurg Mine,Wednesday,1,1061,1010,51,4.81,Low,equipment_downtime,0.7,17.9,24.2,0.46,5.0,1.1,0.9,3.0,98.0,0.0,0.0,99.0,40
2024-02-01,dongri_buzurg,Dongri Buzurg Mine,Thursday,2,1105,859,246,22.26,High,equipment_downtime,0.0,17.5,23.5,0.351,6.3,0.5,1.9,3.9,97.5,0.0,0.0,85.0,36
2024-02-02,dongri_buzurg,Dongri Buzurg Mine,Friday,2,1100,1018,82,7.45,Medium,equipment_downtime,0.0,15.1,28.4,0.383,4.4,1.4,1.1,1.9,98.0,0.0,0.0,96.8,43
2024-02-03,dongri_buzurg,Dongri Buzurg Mine,Saturday,2,1138,1058,80,7.03,Medium,equipment_downtime,10.5,17.3,26.1,0.366,2.2,0.3,0.6,1.3,98.0,0.0,0.0,91.3,48
2024-02-04,dongri_buzurg,Dongri Buzurg Mine,Sunday,2,1070,892,178,16.64,Medium,labor_attendance,0.0,14.0,26.4,0.411,3.4,0.6,1.6,1.2,98.0,0.0,0.0,83.6,38
2024-02-05,dongri_buzurg,Dongri Buzurg Mine,Monday,2,1095,779,316,28.86,High,equipment_downtime,0.0,13.4,26.3,0.349,15.3,1.2,10.5,3.6,93.8,0.0,0.0,92.2,29
2024-02-06,dongri_buzurg,Dongri Buzurg Mine,Tuesday,2,1076,994,82,7.62,Medium,equipment_downtime,0.0,17.8,27.7,0.418,6.8,1.3,1.4,4.1,97.3,0.0,0.0,92.7,40
2024-02-07,dongri_buzurg,Dongri Buzurg Mine,Wednesday,2,1098,989,109,9.93,Medium,equipment_downtime,0.0,12.0,26.9,0.321,5.2,0.8,0.3,4.1,97.9,0.0,0.0,99.0,38
2024-02-08,dongri_buzurg,Dongri Buzurg Mine,Thursday,2,1074,878,196,18.25,High,equipment_downtime,0.0,16.0,27.2,0.386,6.1,0.8,1.7,3.6,97.5,0.0,0.0,88.1,33
2024-02-09,dongri_buzurg,Dongri Buzurg Mine,Friday,2,1095,1029,66,6.03,Medium,equipment_downtime,0.0,17.6,23.7,0.445,3.9,0.7,1.9,1.3,98.0,0.0,0.0,90.8,40
2024-02-10,dongri_buzurg,Dongri Buzurg Mine,Saturday,2,1083,858,225,20.78,High,equipment_downtime,0.0,11.3,26.9,0.419,11.0,0.9,8.3,1.8,95.6,0.0,0.0,93.1,34
2024-02-11,dongri_buzurg,Dongri Buzurg Mine,Sunday,2,1066,974,92,8.63,Medium,equipment_downtime,0.0,14.3,28.4,0.419,3.5,0.6,0.6,2.3,98.0,0.0,0.0,94.9,40
2024-02-12,dongri_buzurg,Dongri Buzurg Mine,Monday,2,1094,853,241,22.03,High,blasting_delays,0.0,15.8,27.8,0.357,4.3,1.1,0.4,2.8,98.0,4.0,0.0,94.2,36
2024-02-13,dongri_buzurg,Dongri Buzurg Mine,Tuesday,2,1085,731,354,32.63,High,equipment_downtime,0.0,16.6,27.7,0.337,16.8,4.2,1.7,10.9,93.2,0.0,0.0,90.3,30
2024-02-14,dongri_buzurg,Dongri Buzurg Mine,Wednesday,2,1088,463,625,57.44,High,equipment_downtime,0.0,16.4,28.8,0.459,31.4,21.9,1.9,7.6,87.4,0.0,0.0,97.1,17
2024-02-15,dongri_buzurg,Dongri Buzurg Mine,Thursday,2,1057,619,438,41.44,High,equipment_downtime,0.0,22.5,27.1,0.31,18.1,8.8,0.9,8.4,92.7,0.2,0.0,87.6,23
2024-02-16,dongri_buzurg,Dongri Buzurg Mine,Friday,2,1102,1027,75,6.81,Medium,equipment_downtime,0.0,13.1,27.8,0.251,4.6,0.2,1.9,2.5,98.0,0.0,0.0,90.5,40
2024-02-17,dongri_buzurg,Dongri Buzurg Mine,Saturday,2,1041,925,116,11.14,Medium,equipment_downtime,0.0,17.9,30.1,0.38,5.7,0.8,0.9,4.0,97.7,0.0,0.0,94.0,36
2024-02-18,dongri_buzurg,Dongri Buzurg Mine,Sunday,2,1122,952,170,15.15,Medium,equipment_downtime,0.0,16.8,28.3,0.317,6.1,0.9,1.2,4.0,97.5,0.0,0.0,96.3,41
2024-02-19,dongri_buzurg,Dongri Buzurg Mine,Monday,2,1096,796,300,27.37,High,equipment_downtime,0.0,15.5,31.9,0.358,16.2,6.7,2.6,6.9,93.5,0.0,0.0,93.0,32
2024-02-20,dongri_buzurg,Dongri Buzurg Mine,Tuesday,2,1071,1014,57,5.32,Low,equipment_downtime,0.0,16.1,31.8,0.333,3.0,0.4,1.1,1.5,98.0,0.0,0.0,92.6,42
2024-02-21,dongri_buzurg,Dongri Buzurg Mine,Wednesday,2,1092,1025,67,6.14,Medium,equipment_downtime,0.0,10.8,30.7,0.301,4.5,1.5,1.0,2.0,98.0,0.0,0.0,92.1,42
2024-02-22,dongri_buzurg,Dongri Buzurg Mine,Thursday,2,1100,982,118,10.73,Medium,equipment_downtime,0.0,15.0,28.6,0.319,7.1,4.0,1.1,2.0,97.1,0.0,0.0,90.9,41
2024-02-23,dongri_buzurg,Dongri Buzurg Mine,Friday,2,1102,1087,15,1.36,Low,nominal_operations,0.0,15.4,32.7,0.34,2.3,0.4,0.6,1.3,98.0,0.0,0.0,96.7,47
2024-02-24,dongri_buzurg,Dongri Buzurg Mine,Saturday,2,1093,979,114,10.43,Medium,equipment_downtime,0.0,15.9,31.7,0.373,4.5,1.1,0.8,2.6,98.0,0.0,0.0,94.7,39
2024-02-25,dongri_buzurg,Dongri Buzurg Mine,Sunday,2,1058,774,284,26.84,High,equipment_downtime,0.0,15.2,33.2,0.251,16.2,4.5,1.6,10.1,93.5,0.0,0.0,99.0,31
2024-02-26,dongri_buzurg,Dongri Buzurg Mine,Monday,2,1105,994,111,10.05,Medium,equipment_downtime,0.0,16.1,31.3,0.328,6.9,0.9,1.6,4.4,97.2,0.0,0.0,96.0,41
2024-02-27,dongri_buzurg,Dongri Buzurg Mine,Tuesday,2,1105,993,112,10.14,Medium,equipment_downtime,0.0,17.8,30.7,0.384,4.7,1.1,1.5,2.1,98.0,0.0,0.0,92.1,38
2024-02-28,dongri_buzurg,Dongri Buzurg Mine,Wednesday,2,1109,858,251,22.63,High,equipment_downtime,12.1,15.2,28.1,0.38,13.2,9.7,1.6,1.9,94.7,0.0,0.0,89.0,39
2024-02-29,dongri_buzurg,Dongri Buzurg Mine,Thursday,2,1060,842,218,20.57,High,equipment_downtime,0.0,13.9,33.3,0.281,6.4,1.5,1.3,3.6,97.4,0.0,0.0,89.0,33
2024-03-01,dongri_buzurg,Dongri Buzurg Mine,Friday,3,1121,935,186,16.59,Medium,equipment_downtime,0.0,15.6,28.7,0.344,9.7,0.8,7.7,1.2,96.1,0.0,0.0,97.3,38
2024-03-02,dongri_buzurg,Dongri Buzurg Mine,Saturday,3,1135,963,172,15.15,Medium,equipment_downtime,0.0,16.8,31.4,0.379,5.5,1.2,0.5,3.8,97.8,0.0,0.0,88.4,42
2024-03-03,dongri_buzurg,Dongri Buzurg Mine,Sunday,3,1147,906,241,21.01,High,equipment_downtime,0.0,17.6,31.5,0.323,5.2,1.2,0.7,3.3,97.9,1.7,0.0,87.1,37
2024-03-04,dongri_buzurg,Dongri Buzurg Mine,Monday,3,1086,1027,59,5.43,Low,equipment_downtime,0.0,17.4,27.5,0.331,3.9,1.2,1.3,1.4,98.0,0.0,0.0,88.8,45
2024-03-05,dongri_buzurg,Dongri Buzurg Mine,Tuesday,3,1135,1007,128,11.28,Medium,equipment_downtime,0.0,16.2,33.1,0.304,4.2,1.0,0.6,2.6,98.0,0.0,0.0,90.8,42
2024-03-06,dongri_buzurg,Dongri Buzurg Mine,Wednesday,3,1122,1030,92,8.2,Medium,equipment_downtime,0.0,12.6,33.5,0.284,7.0,1.2,1.8,4.0,97.2,0.0,0.0,92.2,41
2024-03-07,dongri_buzurg,Dongri Buzurg Mine,Thursday,3,1115,991,124,11.12,Medium,equipment_downtime,0.0,21.3,32.3,0.233,5.8,1.3,1.3,3.2,97.7,0.0,0.0,96.9,35
2024-03-08,dongri_buzurg,Dongri Buzurg Mine,Friday,3,1179,1059,120,10.18,Medium,equipment_downtime,0.0,18.9,31.1,0.282,2.6,0.3,1.2,1.1,98.0,1.5,0.0,90.3,39
2024-03-09,dongri_buzurg,Dongri Buzurg Mine,Saturday,3,1108,944,164,14.8,Medium,equipment_downtime,0.0,13.8,31.1,0.349,6.8,1.2,1.6,4.0,97.3,0.0,0.0,93.7,38
2024-03-10,dongri_buzurg,Dongri Buzurg Mine,Sunday,3,1085,852,233,21.47,High,blasting_delays,0.0,20.4,34.2,0.218,4.6,1.4,0.5,2.7,98.0,6.0,0.0,90.2,35
2024-03-11,dongri_buzurg,Dongri Buzurg Mine,Monday,3,1116,1043,73,6.54,Medium,equipment_downtime,0.0,18.4,32.2,0.226,4.0,0.6,0.5,2.9,98.0,0.0,0.0,90.2,41
2024-03-12,dongri_buzurg,Dongri Buzurg Mine,Tuesday,3,1131,1040,91,8.05,Medium,equipment_downtime,0.0,14.8,29.5,0.335,3.7,0.7,0.5,2.5,98.0,0.0,0.0,90.9,41
2024-03-13,dongri_buzurg,Dongri Buzurg Mine,Wednesday,3,1109,985,124,11.18,Medium,equipment_downtime,0.0,14.3,32.6,0.18,4.1,0.4,0.7,3.0,98.0,0.0,0.0,87.3,37
2024-03-14,dongri_buzurg,Dongri Buzurg Mine,Thursday,3,1140,995,145,12.72,Medium,equipment_downtime,1.8,15.6,30.1,0.206,5.9,1.3,0.2,4.4,97.6,0.9,0.0,92.0,39
2024-03-15,dongri_buzurg,Dongri Buzurg Mine,Friday,3,1137,1077,60,5.28,Low,equipment_downtime,4.2,15.6,35.2,0.289,5.5,1.5,0.3,3.7,97.8,0.0,0.0,89.7,45
2024-03-16,dongri_buzurg,Dongri Buzurg Mine,Saturday,3,1130,1052,78,6.9,Medium,equipment_downtime,0.0,15.7,30.6,0.341,3.0,0.3,1.1,1.6,98.0,0.0,0.0,98.4,42
2024-03-17,dongri_buzurg,Dongri Buzurg Mine,Sunday,3,1166,1030,136,11.66,Medium,equipment_downtime,0.0,15.0,32.0,0.252,6.7,0.5,1.9,4.3,97.3,0.0,0.0,91.3,44
2024-03-18,dongri_buzurg,Dongri Buzurg Mine,Monday,3,1126,1003,123,10.92,Medium,equipment_downtime,0.0,10.7,36.6,0.261,6.1,1.1,0.9,4.1,97.5,0.0,0.0,94.9,41
2024-03-19,dongri_buzurg,Dongri Buzurg Mine,Tuesday,3,1146,905,241,21.03,High,equipment_downtime,0.0,14.0,32.0,0.284,7.1,1.2,1.7,4.2,97.1,0.0,0.0,87.9,37
2024-03-20,dongri_buzurg,Dongri Buzurg Mine,Wednesday,3,1114,953,161,14.45,Medium,equipment_downtime,0.0,16.9,32.8,0.262,5.4,0.4,1.9,3.1,97.8,0.0,0.0,90.9,38
2024-03-21,dongri_buzurg,Dongri Buzurg Mine,Thursday,3,1110,989,121,10.9,Medium,equipment_downtime,0.0,16.7,32.1,0.265,6.3,0.9,1.1,4.3,97.5,0.0,0.0,97.2,41
2024-03-22,dongri_buzurg,Dongri Buzurg Mine,Friday,3,1147,1031,116,10.11,Medium,equipment_downtime,0.0,18.8,36.5,0.187,4.4,0.3,1.9,2.2,98.0,0.0,0.0,90.7,39
2024-03-23,dongri_buzurg,Dongri Buzurg Mine,Saturday,3,1146,1023,123,10.73,Medium,equipment_downtime,0.0,19.3,33.0,0.257,3.7,1.2,0.6,1.9,98.0,0.0,0.0,91.1,39
2024-03-24,dongri_buzurg,Dongri Buzurg Mine,Sunday,3,1152,1103,49,4.25,Low,equipment_downtime,0.0,16.2,35.6,0.195,3.2,0.8,0.2,2.2,98.0,0.0,0.0,98.3,43
2024-03-25,dongri_buzurg,Dongri Buzurg Mine,Monday,3,1113,1052,61,5.48,Low,equipment_downtime,0.0,17.1,34.2,0.244,4.6,0.5,1.6,2.5,98.0,0.0,0.0,90.6,41
2024-03-26,dongri_buzurg,Dongri Buzurg Mine,Tuesday,3,1123,1026,97,8.64,Medium,equipment_downtime,0.0,15.5,32.7,0.275,5.0,0.7,1.6,2.7,98.0,0.0,0.0,98.3,42
2024-03-27,dongri_buzurg,Dongri Buzurg Mine,Wednesday,3,1100,1002,98,8.91,Medium,equipment_downtime,0.0,16.1,39.8,0.219,5.2,0.8,0.9,3.5,97.9,0.0,0.0,91.1,43
2024-03-28,dongri_buzurg,Dongri Buzurg Mine,Thursday,3,1125,959,166,14.76,Medium,equipment_downtime,0.0,13.1,38.1,0.28,11.0,3.7,0.6,6.7,95.6,0.0,0.0,94.7,36
2024-03-29,dongri_buzurg,Dongri Buzurg Mine,Friday,3,1117,961,156,13.97,Medium,equipment_downtime,0.0,15.0,34.8,0.241,5.9,1.2,1.8,2.9,97.6,0.0,0.0,95.6,40
2024-03-30,dongri_buzurg,Dongri Buzurg Mine,Saturday,3,1108,1057,51,4.6,Low,equipment_downtime,0.0,14.9,32.1,0.256,3.4,0.2,1.2,2.0,98.0,0.0,0.0,93.2,42
2024-03-31,dongri_buzurg,Dongri Buzurg Mine,Sunday,3,1122,1049,73,6.51,Medium,equipment_downtime,0.0,18.5,35.5,0.267,3.9,0.3,0.9,2.7,98.0,0.0,0.0,93.9,40
2024-04-01,dongri_buzurg,Dongri Buzurg Mine,Monday,4,1153,1099,54,4.68,Low,equipment_downtime,0.0,17.8,34.8,0.218,3.9,0.5,1.6,1.8,98.0,0.0,0.0,89.9,46
2024-04-02,dongri_buzurg,Dongri Buzurg Mine,Tuesday,4,1128,1015,113,10.02,Medium,equipment_downtime,0.0,15.7,32.8,0.284,3.1,0.8,0.7,1.6,98.0,0.0,0.0,89.5,43
2024-04-03,dongri_buzurg,Dongri Buzurg Mine,Wednesday,4,1154,928,226,19.58,High,equipment_downtime,11.9,16.4,34.6,0.217,10.0,1.5,1.2,7.3,96.0,0.0,0.0,99.0,33
2024-04-04,dongri_buzurg,Dongri Buzurg Mine,Thursday,4,1150,1020,130,11.3,Medium,equipment_downtime,0.0,11.7,37.4,0.226,3.2,1.2,0.7,1.3,98.0,0.0,0.0,89.9,42
2024-04-05,dongri_buzurg,Dongri Buzurg Mine,Friday,4,1129,1058,71,6.29,Medium,equipment_downtime,0.0,11.6,33.5,0.236,5.3,0.9,1.9,2.5,97.9,0.0,0.0,96.4,48
2024-04-06,dongri_buzurg,Dongri Buzurg Mine,Saturday,4,1134,995,139,12.26,Medium,equipment_downtime,0.0,14.3,33.6,0.23,5.7,0.6,2.0,3.1,97.7,0.0,0.0,93.9,41
2024-04-07,dongri_buzurg,Dongri Buzurg Mine,Sunday,4,1176,965,211,17.94,Medium,equipment_downtime,5.3,17.1,37.4,0.251,9.6,2.2,0.6,6.8,96.1,0.0,0.0,94.0,44
2024-04-08,dongri_buzurg,Dongri Buzurg Mine,Monday,4,1138,1085,53,4.66,Low,equipment_downtime,0.0,18.1,34.8,0.208,2.9,0.8,0.8,1.3,98.0,0.0,0.0,95.0,42
2024-04-09,dongri_buzurg,Dongri Buzurg Mine,Tuesday,4,1162,1016,146,12.56,Medium,equipment_downtime,0.0,16.5,36.9,0.18,6.1,1.0,1.5,3.6,97.5,0.0,0.0,89.3,42
2024-04-10,dongri_buzurg,Dongri Buzurg Mine,Wednesday,4,1137,1003,134,11.79,Medium,equipment_downtime,0.0,16.7,39.0,0.252,3.4,0.3,0.7,2.4,98.0,0.0,0.0,88.6,39
2024-04-11,dongri_buzurg,Dongri Buzurg Mine,Thursday,4,1121,934,187,16.68,Medium,equipment_downtime,0.0,17.9,37.3,0.213,7.2,1.2,2.0,4.0,97.1,0.0,0.0,85.6,42
2024-04-12,dongri_buzurg,Dongri Buzurg Mine,Friday,4,1134,1048,86,7.58,Medium,equipment_downtime,0.0,15.5,37.8,0.221,5.7,1.0,0.9,3.8,97.7,0.0,0.0,96.2,43
2024-04-13,dongri_buzurg,Dongri Buzurg Mine,Saturday,4,1132,908,224,19.79,High,equipment_downtime,0.0,15.2,36.2,0.19,11.1,3.4,0.8,6.9,95.5,0.0,0.0,91.5,36
2024-04-14,dongri_buzurg,Dongri Buzurg Mine,Sunday,4,1128,1000,128,11.35,Medium,equipment_downtime,0.0,20.0,40.5,0.235,4.7,0.2,0.4,4.1,98.0,0.0,0.0,95.9,40
2024-04-15,dongri_buzurg,Dongri Buzurg Mine,Monday,4,1131,1075,56,4.95,Low,equipment_downtime,0.0,18.6,35.3,0.18,5.6,1.5,1.8,2.3,97.7,0.0,0.0,97.3,43
2024-04-16,dongri_buzurg,Dongri Buzurg Mine,Tuesday,4,1130,773,357,31.59,High,equipment_downtime,0.0,13.2,37.3,0.236,17.7,4.0,1.0,12.7,92.9,0.0,0.0,96.0,29
2024-04-17,dongri_buzurg,Dongri Buzurg Mine,Wednesday,4,1102,902,200,18.15,High,equipment_downtime,10.3,16.5,36.6,0.243,10.9,1.9,1.5,7.5,95.6,0.0,0.0,94.2,34
2024-04-18,dongri_buzurg,Dongri Buzurg Mine,Thursday,4,1121,985,136,12.13,Medium,equipment_downtime,0.0,16.5,34.5,0.2,6.5,0.8,1.5,4.2,97.4,0.0,0.0,94.8,36
2024-04-19,dongri_buzurg,Dongri Buzurg Mine,Friday,4,1151,1042,109,9.47,Medium,equipment_downtime,0.0,18.3,39.2,0.219,5.6,0.7,1.7,3.2,97.7,0.0,0.0,95.3,45
2024-04-20,dongri_buzurg,Dongri Buzurg Mine,Saturday,4,1124,979,145,12.9,Medium,equipment_downtime,0.0,18.4,40.5,0.18,6.6,1.4,1.8,3.4,97.3,0.0,0.0,90.8,40
2024-04-21,dongri_buzurg,Dongri Buzurg Mine,Sunday,4,1179,1056,123,10.43,Medium,equipment_downtime,0.0,21.1,38.2,0.245,5.7,0.9,0.6,4.2,97.7,0.0,0.0,95.9,44
2024-04-22,dongri_buzurg,Dongri Buzurg Mine,Monday,4,1120,1023,97,8.66,Medium,equipment_downtime,0.0,17.4,38.9,0.248,3.9,1.0,1.9,1.0,98.0,0.0,0.0,92.5,45
2024-04-23,dongri_buzurg,Dongri Buzurg Mine,Tuesday,4,1135,901,234,20.62,High,equipment_downtime,0.0,16.7,38.0,0.18,12.1,1.4,7.2,3.5,95.1,0.0,0.0,89.9,33
2024-04-24,dongri_buzurg,Dongri Buzurg Mine,Wednesday,4,1109,960,149,13.44,Medium,equipment_downtime,0.0,11.1,37.8,0.224,5.8,1.0,0.9,3.9,97.7,0.0,0.0,90.5,38
2024-04-25,dongri_buzurg,Dongri Buzurg Mine,Thursday,4,1098,914,184,16.76,Medium,equipment_downtime,0.0,16.8,39.1,0.18,6.2,1.2,0.7,4.3,97.5,0.0,0.0,89.2,36
2024-04-26,dongri_buzurg,Dongri Buzurg Mine,Friday,4,1150,1080,70,6.09,Medium,equipment_downtime,0.0,14.7,37.7,0.18,3.9,0.4,0.4,3.1,98.0,0.0,0.0,94.7,42
2024-04-27,dongri_buzurg,Dongri Buzurg Mine,Saturday,4,1154,1046,108,9.36,Medium,equipment_downtime,0.0,18.2,38.0,0.211,5.2,1.2,0.4,3.6,97.9,0.0,0.0,99.0,39
2024-04-28,dongri_buzurg,Dongri Buzurg Mine,Sunday,4,1145,1051,94,8.21,Medium,equipment_downtime,0.0,13.5,39.0,0.18,3.6,0.8,0.4,2.4,98.0,0.5,0.0,90.0,39
2024-04-29,dongri_buzurg,Dongri Buzurg Mine,Monday,4,1141,1024,117,10.25,Medium,equipment_downtime,0.0,14.9,38.8,0.191,4.6,1.1,0.6,2.9,98.0,0.0,0.0,95.7,36
2024-04-30,dongri_buzurg,Dongri Buzurg Mine,Tuesday,4,1133,1070,63,5.56,Low,equipment_downtime,0.0,14.6,40.4,0.181,4.9,0.6,1.7,2.6,98.0,0.0,0.0,96.7,44
2024-05-01,dongri_buzurg,Dongri Buzurg Mine,Wednesday,5,1128,908,220,19.5,High,equipment_downtime,0.0,16.2,36.6,0.18,6.1,1.3,1.5,3.3,97.5,0.0,0.0,88.9,36
2024-05-02,dongri_buzurg,Dongri Buzurg Mine,Thursday,5,1132,860,272,24.03,High,equipment_downtime,0.2,15.0,37.8,0.208,12.5,0.9,1.6,10.0,95.0,0.0,0.0,98.4,36
2024-05-03,dongri_buzurg,Dongri Buzurg Mine,Friday,5,1141,1073,68,5.96,Low,equipment_downtime,0.0,16.5,36.8,0.184,5.9,1.0,1.2,3.7,97.6,0.0,0.0,93.0,44
2024-05-04,dongri_buzurg,Dongri Buzurg Mine,Saturday,5,1099,995,104,9.46,Medium,equipment_downtime,0.0,18.1,39.1,0.18,4.5,1.3,1.7,1.5,98.0,0.0,0.0,95.6,44
2024-05-05,dongri_buzurg,Dongri Buzurg Mine,Sunday,5,1133,1030,103,9.09,Medium,equipment_downtime,0.0,14.8,41.1,0.224,7.6,0.3,3.1,4.2,96.9,0.0,0.0,91.4,43
2024-05-06,dongri_buzurg,Dongri Buzurg Mine,Monday,5,1137,970,167,14.69,Medium,equipment_downtime,0.0,15.8,35.9,0.18,3.2,0.7,1.0,1.5,98.0,0.3,0.0,89.5,36
2024-05-07,dongri_buzurg,Dongri Buzurg Mine,Tuesday,5,1146,892,254,22.16,High,equipment_downtime,0.0,17.8,36.7,0.235,10.5,0.7,6.3,3.5,95.8,0.0,0.0,93.4,36
2024-05-08,dongri_buzurg,Dongri Buzurg Mine,Wednesday,5,1136,1108,28,2.46,Low,equipment_downtime,0.0,18.6,39.5,0.2,4.5,0.9,0.8,2.8,98.0,0.0,0.0,92.5,45
2024-05-09,dongri_buzurg,Dongri Buzurg Mine,Thursday,5,1127,999,128,11.36,Medium,equipment_downtime,2.6,16.3,41.8,0.259,4.1,0.8,1.1,2.2,98.0,0.0,0.0,91.4,37
2024-05-10,dongri_buzurg,Dongri Buzurg Mine,Friday,5,1121,951,170,15.17,Medium,equipment_downtime,0.0,14.1,35.7,0.228,6.3,0.9,1.5,3.9,97.5,0.0,0.0,86.1,41
2024-05-11,dongri_buzurg,Dongri Buzurg Mine,Saturday,5,1092,973,119,10.9,Medium,equipment_downtime,0.0,13.0,35.4,0.202,4.1,0.4,2.3,1.4,98.0,0.0,0.0,93.2,37
2024-05-12,dongri_buzurg,Dongri Buzurg Mine,Sunday,5,1090,1031,59,5.41,Low,equipment_downtime,0.0,14.0,40.0,0.18,2.9,1.4,0.3,1.2,98.0,0.0,0.0,89.8,37
2024-05-13,dongri_buzurg,Dongri Buzurg Mine,Monday,5,1138,1050,88,7.73,Medium,equipment_downtime,0.5,18.4,37.7,0.18,5.9,1.4,0.9,3.6,97.6,0.0,0.0,90.9,43
2024-05-14,dongri_buzurg,Dongri Buzurg Mine,Tuesday,5,1104,948,156,14.13,Medium,labor_attendance,0.0,10.7,37.1,0.234,2.3,0.4,0.7,1.2,98.0,0.0,0.0,82.9,38
2024-05-15,dongri_buzurg,Dongri Buzurg Mine,Wednesday,5,1113,958,155,13.93,Medium,equipment_downtime,0.0,13.7,40.8,0.232,4.1,1.3,0.3,2.5,98.0,0.0,0.0,94.4,37
2024-05-16,dongri_buzurg,Dongri Buzurg Mine,Thursday,5,1097,967,130,11.85,Medium,equipment_downtime,0.0,15.2,40.6,0.197,5.9,1.3,0.5,4.1,97.6,0.0,0.0,93.5,37
2024-05-17,dongri_buzurg,Dongri Buzurg Mine,Friday,5,1119,646,473,42.27,High,equipment_downtime,0.0,14.9,39.9,0.224,25.3,2.4,0.4,22.5,89.8,0.0,0.0,91.8,29
2024-05-18,dongri_buzurg,Dongri Buzurg Mine,Saturday,5,1137,1020,117,10.29,Medium,equipment_downtime,0.0,17.7,39.9,0.18,6.1,0.8,1.5,3.8,97.5,0.0,0.0,96.1,42
2024-05-19,dongri_buzurg,Dongri Buzurg Mine,Sunday,5,1090,933,157,14.4,Medium,equipment_downtime,0.0,13.6,37.7,0.192,6.5,1.5,0.5,4.5,97.4,0.0,0.0,93.4,37
2024-05-20,dongri_buzurg,Dongri Buzurg Mine,Monday,5,1145,1025,120,10.48,Medium,equipment_downtime,0.0,15.8,40.2,0.18,6.7,1.4,1.2,4.1,97.3,0.0,0.0,98.2,39
2024-05-21,dongri_buzurg,Dongri Buzurg Mine,Tuesday,5,1111,1021,90,8.1,Medium,equipment_downtime,0.0,18.4,40.4,0.239,2.4,0.5,0.8,1.1,98.0,0.0,0.0,92.3,44
2024-05-22,dongri_buzurg,Dongri Buzurg Mine,Wednesday,5,1134,1077,57,5.03,Low,equipment_downtime,0.0,14.5,39.9,0.293,3.2,0.2,1.0,2.0,98.0,0.0,0.0,93.2,41
2024-05-23,dongri_buzurg,Dongri Buzurg Mine,Thursday,5,1137,977,160,14.07,Medium,equipment_downtime,0.0,20.8,41.9,0.199,6.1,0.3,1.7,4.1,97.5,0.0,0.0,87.2,35
2024-05-24,dongri_buzurg,Dongri Buzurg Mine,Friday,5,1108,1036,72,6.5,Medium,equipment_downtime,0.0,17.5,38.3,0.221,4.7,0.7,1.7,2.3,98.0,0.1,0.0,93.2,42
2024-05-25,dongri_buzurg,Dongri Buzurg Mine,Saturday,5,1117,976,141,12.62,Medium,equipment_downtime,0.0,14.5,37.1,0.207,6.7,1.5,0.7,4.5,97.3,0.0,0.0,89.4,38
2024-05-26,dongri_buzurg,Dongri Buzurg Mine,Sunday,5,1108,963,145,13.09,Medium,equipment_downtime,0.0,17.2,38.2,0.243,8.1,5.1,1.3,1.7,96.7,0.0,0.0,97.6,38
2024-05-27,dongri_buzurg,Dongri Buzurg Mine,Monday,5,1126,771,355,31.53,High,equipment_downtime,0.0,17.8,41.7,0.199,17.6,12.3,1.7,3.6,92.9,0.0,0.0,90.3,32
2024-05-28,dongri_buzurg,Dongri Buzurg Mine,Tuesday,5,1085,971,114,10.51,Medium,equipment_downtime,0.0,22.4,41.0,0.222,5.7,0.5,0.8,4.4,97.7,0.0,0.0,97.6,38
2024-05-29,dongri_buzurg,Dongri Buzurg Mine,Wednesday,5,1137,1005,132,11.61,Medium,equipment_downtime,0.0,23.5,40.0,0.284,5.5,0.8,1.6,3.1,97.8,0.0,0.0,92.9,44
2024-05-30,dongri_buzurg,Dongri Buzurg Mine,Thursday,5,1094,953,141,12.89,Medium,equipment_downtime,0.0,19.9,40.9,0.275,5.3,0.3,0.9,4.1,97.9,0.0,0.0,94.3,40
2024-05-31,dongri_buzurg,Dongri Buzurg Mine,Friday,5,1122,909,213,18.98,High,equipment_downtime,0.0,18.1,39.2,0.22,5.4,0.9,1.8,2.7,97.8,3.1,0.0,91.7,34
2024-06-01,dongri_buzurg,Dongri Buzurg Mine,Saturday,6,1097,348,749,68.28,High,weather_stoppage,53.3,34.4,32.9,0.193,11.9,6.6,1.4,3.9,95.2,0.0,7.4,92.6,16
2024-06-02,dongri_buzurg,Dongri Buzurg Mine,Sunday,6,1104,959,145,13.13,Medium,equipment_downtime,4.2,22.0,40.3,0.199,3.9,0.4,0.5,3.0,98.0,0.0,0.0,87.6,41
2024-06-03,dongri_buzurg,Dongri Buzurg Mine,Monday,6,1101,982,119,10.81,Medium,equipment_downtime,4.1,20.7,40.0,0.223,5.0,1.1,0.8,3.1,98.0,0.0,0.0,91.0,41
2024-06-04,dongri_buzurg,Dongri Buzurg Mine,Tuesday,6,1051,967,84,7.99,Medium,labor_attendance,4.7,27.1,38.1,0.181,2.9,0.4,0.5,2.0,98.0,0.0,0.0,85.5,40
2024-06-05,dongri_buzurg,Dongri Buzurg Mine,Wednesday,6,1095,937,158,14.43,Medium,equipment_downtime,6.5,25.9,40.7,0.18,6.2,1.3,0.7,4.2,97.5,0.8,0.0,91.8,34
2024-06-06,dongri_buzurg,Dongri Buzurg Mine,Thursday,6,1097,164,933,85.05,High,weather_stoppage,48.6,33.4,27.5,0.307,23.4,6.4,0.8,16.2,90.6,0.0,6.8,91.2,7
2024-06-07,dongri_buzurg,Dongri Buzurg Mine,Friday,6,1083,157,926,85.5,High,weather_stoppage,104.6,55.9,27.7,0.31,6.7,3.6,1.2,1.9,97.3,0.0,12.0,92.1,5
2024-06-08,dongri_buzurg,Dongri Buzurg Mine,Saturday,6,1090,830,260,23.85,High,weather_stoppage,30.3,28.7,36.2,0.293,3.0,0.2,1.7,1.1,98.0,0.0,3.2,94.3,35
2024-06-09,dongri_buzurg,Dongri Buzurg Mine,Sunday,6,1089,658,431,39.58,High,weather_stoppage,41.3,36.4,36.8,0.317,6.2,3.5,1.1,1.6,97.5,0.3,4.5,93.5,30
2024-06-10,dongri_buzurg,Dongri Buzurg Mine,Monday,6,1102,1014,88,7.99,Medium,equipment_downtime,4.1,24.9,39.9,0.245,6.4,0.8,1.9,3.7,97.4,0.0,0.0,93.6,37
2024-06-11,dongri_buzurg,Dongri Buzurg Mine,Tuesday,6,1066,768,298,27.95,High,equipment_downtime,4.5,26.7,41.1,0.363,14.9,8.2,0.8,5.9,94.0,0.0,0.0,86.0,32
2024-06-12,dongri_buzurg,Dongri Buzurg Mine,Wednesday,6,1115,157,958,85.92,High,weather_stoppage,81.9,51.3,29.9,0.277,10.0,4.1,2.4,3.5,96.0,0.6,11.2,92.5,6
2024-06-13,dongri_buzurg,Dongri Buzurg Mine,Thursday,6,1119,362,757,67.65,High,weather_stoppage,52.4,42.3,28.6,0.309,8.8,4.7,1.1,3.0,96.5,0.0,6.6,89.4,13
2024-06-14,dongri_buzurg,Dongri Buzurg Mine,Friday,6,1155,926,229,19.83,High,blasting_delays,7.9,28.2,36.4,0.321,5.8,0.3,1.3,4.2,97.7,4.0,0.0,90.7,36
2024-06-15,dongri_buzurg,Dongri Buzurg Mine,Saturday,6,1085,606,479,44.15,High,weather_stoppage,38.8,34.0,35.6,0.262,7.6,2.5,1.2,3.9,96.9,0.9,4.1,91.4,23
2024-06-16,dongri_buzurg,Dongri Buzurg Mine,Sunday,6,1108,932,176,15.88,Medium,equipment_downtime,3.7,25.3,39.1,0.24,4.3,0.9,0.8,2.6,98.0,0.0,0.0,87.5,41
2024-06-17,dongri_buzurg,Dongri Buzurg Mine,Monday,6,1091,1042,49,4.49,Low,equipment_downtime,1.1,27.8,36.5,0.258,2.6,1.1,0.3,1.2,98.0,0.0,0.0,90.6,42
2024-06-18,dongri_buzurg,Dongri Buzurg Mine,Tuesday,6,1075,422,653,60.74,High,weather_stoppage,48.3,39.3,33.3,0.336,7.7,6.2,0.4,1.1,96.9,0.0,6.6,93.6,15
2024-06-19,dongri_buzurg,Dongri Buzurg Mine,Wednesday,6,1066,976,90,8.44,Medium,equipment_downtime,2.3,28.6,39.5,0.298,5.9,1.4,0.8,3.7,97.6,0.0,0.0,91.8,40
2024-06-20,dongri_buzurg,Dongri Buzurg Mine,Thursday,6,1109,1022,87,7.84,Medium,equipment_downtime,3.7,32.0,36.4,0.317,3.8,1.4,1.2,1.2,98.0,0.0,0.0,96.8,43
2024-06-21,dongri_buzurg,Dongri Buzurg Mine,Friday,6,1107,887,220,19.87,High,equipment_downtime,8.6,30.8,38.9,0.363,7.5,1.4,1.9,4.2,97.0,0.0,0.0,97.9,34
2024-06-22,dongri_buzurg,Dongri Buzurg Mine,Saturday,6,1112,1022,90,8.09,Medium,equipment_downtime,0.6,30.4,36.9,0.283,4.2,1.0,1.1,2.1,98.0,0.0,0.0,95.7,36
2024-06-23,dongri_buzurg,Dongri Buzurg Mine,Sunday,6,1071,825,246,22.97,High,equipment_downtime,19.9,37.7,34.9,0.35,8.0,2.5,0.9,4.6,96.8,2.0,0.0,96.5,30
2024-06-24,dongri_buzurg,Dongri Buzurg Mine,Monday,6,1078,668,410,38.03,High,equipment_downtime,1.7,29.6,42.0,0.395,17.9,4.4,0.8,12.7,92.8,0.0,0.0,91.2,27
2024-06-25,dongri_buzurg,Dongri Buzurg Mine,Tuesday,6,1107,166,941,85.0,High,equipment_downtime,27.6,33.1,37.5,0.317,35.8,4.3,1.1,30.4,85.6,0.0,3.5,91.3,5
2024-06-26,dongri_buzurg,Dongri Buzurg Mine,Wednesday,6,1116,1031,85,7.62,Medium,equipment_downtime,2.7,29.8,42.2,0.284,3.9,0.5,0.8,2.6,98.0,0.0,0.0,92.1,43
2024-06-27,dongri_buzurg,Dongri Buzurg Mine,Thursday,6,1071,859,212,19.79,High,equipment_downtime,7.6,29.2,38.1,0.326,4.9,1.0,0.9,3.0,98.0,1.4,0.0,86.1,34
2024-06-28,dongri_buzurg,Dongri Buzurg Mine,Friday,6,1085,842,243,22.4,High,equipment_downtime,4.9,26.8,36.9,0.318,12.7,8.4,0.5,3.8,94.9,0.0,0.0,88.6,32
2024-06-29,dongri_buzurg,Dongri Buzurg Mine,Saturday,6,1115,961,154,13.81,Medium,equipment_downtime,4.0,29.2,41.9,0.292,4.7,1.4,1.7,1.6,98.0,0.0,0.0,89.3,36
2024-06-30,dongri_buzurg,Dongri Buzurg Mine,Sunday,6,1113,952,161,14.47,Medium,equipment_downtime,23.8,39.8,36.9,0.382,5.4,1.1,1.8,2.5,97.8,0.2,0.0,97.2,43
2024-07-01,dongri_buzurg,Dongri Buzurg Mine,Monday,7,1068,611,457,42.79,High,weather_stoppage,38.7,37.1,35.2,0.321,9.1,6.5,1.4,1.2,96.3,0.0,4.5,94.0,28
2024-07-02,dongri_buzurg,Dongri Buzurg Mine,Tuesday,7,1075,923,152,14.14,Medium,equipment_downtime,15.6,34.2,35.2,0.321,5.7,0.5,0.9,4.3,97.7,0.0,0.0,88.5,38
2024-07-03,dongri_buzurg,Dongri Buzurg Mine,Wednesday,7,1067,945,122,11.43,Medium,equipment_downtime,4.0,29.6,37.5,0.358,4.6,1.2,1.0,2.4,98.0,0.0,0.0,96.6,43
2024-07-04,dongri_buzurg,Dongri Buzurg Mine,Thursday,7,1037,887,150,14.46,Medium,labor_attendance,4.0,29.5,35.9,0.324,3.1,0.4,0.3,2.4,98.0,0.0,0.0,86.9,31
2024-07-05,dongri_buzurg,Dongri Buzurg Mine,Friday,7,1068,954,114,10.67,Medium,equipment_downtime,22.9,37.9,38.6,0.338,6.5,0.9,1.9,3.7,97.4,0.0,0.0,97.4,40
2024-07-06,dongri_buzurg,Dongri Buzurg Mine,Saturday,7,1055,894,161,15.26,Medium,equipment_downtime,0.2,32.7,36.4,0.406,9.7,0.8,2.0,6.9,96.1,0.0,0.0,91.8,34
2024-07-07,dongri_buzurg,Dongri Buzurg Mine,Sunday,7,1043,930,113,10.83,Medium,labor_attendance,1.9,32.9,36.5,0.271,3.1,0.8,0.8,1.5,98.0,0.0,0.0,86.6,36
2024-07-08,dongri_buzurg,Dongri Buzurg Mine,Monday,7,1016,769,247,24.31,High,equipment_downtime,7.1,33.0,34.5,0.297,11.4,4.9,0.4,6.1,95.4,0.0,0.0,93.4,32
2024-07-09,dongri_buzurg,Dongri Buzurg Mine,Tuesday,7,1058,252,806,76.18,High,weather_stoppage,57.6,45.3,29.6,0.403,7.3,4.6,0.9,1.8,97.1,0.0,8.4,97.5,8
2024-07-10,dongri_buzurg,Dongri Buzurg Mine,Wednesday,7,1081,1029,52,4.81,Low,equipment_downtime,1.0,35.9,37.1,0.256,4.0,0.6,1.6,1.8,98.0,0.0,0.0,91.9,41
2024-07-11,dongri_buzurg,Dongri Buzurg Mine,Thursday,7,1047,832,215,20.53,High,weather_stoppage,25.5,40.0,33.2,0.327,3.7,0.2,0.7,2.8,98.0,0.0,1.7,92.2,33
2024-07-12,dongri_buzurg,Dongri Buzurg Mine,Friday,7,1043,673,370,35.47,High,weather_stoppage,27.6,45.0,32.7,0.318,5.0,0.7,1.0,3.3,98.0,0.0,2.5,92.4,28
2024-07-13,dongri_buzurg,Dongri Buzurg Mine,Saturday,7,1032,157,875,84.79,High,weather_stoppage,77.0,55.1,28.2,0.356,27.8,22.7,0.6,4.5,88.8,0.0,10.8,99.0,5
2024-07-14,dongri_buzurg,Dongri Buzurg Mine,Sunday,7,1071,925,146,13.63,Medium,equipment_downtime,4.8,35.0,38.5,0.384,5.6,1.1,0.7,3.8,97.7,0.0,0.0,95.4,37
2024-07-15,dongri_buzurg,Dongri Buzurg Mine,Monday,7,1068,972,96,8.99,Medium,equipment_downtime,14.4,41.6,37.8,0.387,4.7,1.0,2.2,1.5,98.0,0.0,0.0,94.1,40
2024-07-16,dongri_buzurg,Dongri Buzurg Mine,Tuesday,7,1021,927,94,9.21,Medium,equipment_downtime,1.2,34.6,37.9,0.379,4.0,0.8,2.0,1.2,98.0,1.4,0.0,97.1,39
2024-07-17,dongri_buzurg,Dongri Buzurg Mine,Wednesday,7,1070,606,464,43.36,High,equipment_downtime,14.5,40.5,35.7,0.337,21.7,6.2,2.0,13.5,91.3,0.0,0.0,92.1,22
2024-07-18,dongri_buzurg,Dongri Buzurg Mine,Thursday,7,1050,907,143,13.62,Medium,equipment_downtime,4.3,35.5,35.0,0.318,4.6,0.3,1.5,2.8,98.0,0.0,0.0,94.5,36
2024-07-19,dongri_buzurg,Dongri Buzurg Mine,Friday,7,1052,986,66,6.27,Medium,equipment_downtime,0.8,38.5,34.5,0.373,3.0,0.4,1.1,1.5,98.0,0.0,0.0,94.8,38
2024-07-20,dongri_buzurg,Dongri Buzurg Mine,Saturday,7,1067,992,75,7.03,Medium,equipment_downtime,15.0,43.0,35.2,0.447,4.7,0.5,1.5,2.7,98.0,0.0,0.0,95.5,41
2024-07-21,dongri_buzurg,Dongri Buzurg Mine,Sunday,7,1045,915,130,12.44,Medium,blasting_delays,1.7,38.7,35.5,0.363,3.6,1.1,0.5,2.0,98.0,2.1,0.0,96.1,39
2024-07-22,dongri_buzurg,Dongri Buzurg Mine,Monday,7,1042,821,221,21.21,High,equipment_downtime,3.8,39.9,36.0,0.361,8.0,1.8,1.7,4.5,96.8,0.0,0.0,93.6,32
2024-07-23,dongri_buzurg,Dongri Buzurg Mine,Tuesday,7,1046,952,94,8.99,Medium,equipment_downtime,8.8,33.2,32.3,0.45,6.6,0.2,2.0,4.4,97.3,0.0,0.0,95.8,35
2024-07-24,dongri_buzurg,Dongri Buzurg Mine,Wednesday,7,1084,972,112,10.33,Medium,equipment_downtime,1.1,37.0,34.1,0.462,3.3,0.5,1.2,1.6,98.0,0.0,0.0,97.3,38
2024-07-25,dongri_buzurg,Dongri Buzurg Mine,Thursday,7,1086,976,110,10.13,Medium,equipment_downtime,0.6,35.1,35.7,0.426,3.0,0.7,0.6,1.7,98.0,0.0,0.0,90.3,44
2024-07-26,dongri_buzurg,Dongri Buzurg Mine,Friday,7,1059,964,95,8.97,Medium,equipment_downtime,0.4,38.8,32.8,0.362,4.5,0.8,0.7,3.0,98.0,0.0,0.0,95.7,40
2024-07-27,dongri_buzurg,Dongri Buzurg Mine,Saturday,7,1062,354,708,66.67,High,weather_stoppage,40.6,50.3,31.9,0.455,11.1,6.2,1.5,3.4,95.5,3.1,4.1,94.0,13
2024-07-28,dongri_buzurg,Dongri Buzurg Mine,Sunday,7,1065,863,202,18.97,High,blasting_delays,2.2,36.7,36.3,0.455,3.3,1.4,0.9,1.0,98.0,3.3,0.0,89.7,32
2024-07-29,dongri_buzurg,Dongri Buzurg Mine,Monday,7,1045,951,94,9.0,Medium,equipment_downtime,0.2,35.3,33.9,0.398,3.5,0.6,1.4,1.5,98.0,1.7,0.0,89.2,40
2024-07-30,dongri_buzurg,Dongri Buzurg Mine,Tuesday,7,1067,232,835,78.26,High,weather_stoppage,58.2,53.7,31.1,0.377,8.0,6.2,0.2,1.6,96.8,0.0,7.1,89.9,8
2024-07-31,dongri_buzurg,Dongri Buzurg Mine,Wednesday,7,1064,927,137,12.88,Medium,equipment_downtime,2.4,38.4,34.7,0.471,5.5,1.3,1.1,3.1,97.8,0.0,0.0,89.6,34
2024-08-01,dongri_buzurg,Dongri Buzurg Mine,Thursday,8,1009,660,349,34.59,High,equipment_downtime,1.6,41.7,34.4,0.45,16.8,3.8,0.8,12.2,93.2,0.0,0.0,91.7,27
2024-08-02,dongri_buzurg,Dongri Buzurg Mine,Friday,8,969,653,316,32.61,High,weather_stoppage,30.9,39.3,30.5,0.417,4.1,1.5,1.1,1.5,98.0,0.1,3.0,96.9,24
2024-08-03,dongri_buzurg,Dongri Buzurg Mine,Saturday,8,1013,872,141,13.92,Medium,equipment_downtime,10.5,40.3,35.9,0.446,5.9,4.0,0.3,1.6,97.6,0.0,0.0,93.1,39
2024-08-04,dongri_buzurg,Dongri Buzurg Mine,Sunday,8,962,889,73,7.59,Medium,equipment_downtime,1.6,37.6,36.5,0.441,6.0,0.8,1.7,3.5,97.6,0.0,0.0,92.0,37
2024-08-05,dongri_buzurg,Dongri Buzurg Mine,Monday,8,1016,458,558,54.92,High,weather_stoppage,39.7,48.3,28.0,0.427,6.5,3.8,1.3,1.4,97.4,0.0,4.1,92.1,17
2024-08-06,dongri_buzurg,Dongri Buzurg Mine,Tuesday,8,975,555,420,43.08,High,equipment_downtime,1.0,37.9,31.8,0.427,20.7,5.9,7.2,7.6,91.7,0.0,0.0,96.6,23
2024-08-07,dongri_buzurg,Dongri Buzurg Mine,Wednesday,8,1047,157,890,85.0,High,weather_stoppage,49.6,53.9,26.1,0.408,7.1,4.4,1.2,1.5,97.1,3.8,5.9,86.6,7
2024-08-08,dongri_buzurg,Dongri Buzurg Mine,Thursday,8,1016,801,215,21.16,High,equipment_downtime,2.9,37.4,35.2,0.377,8.8,2.5,4.2,2.1,96.5,0.0,0.0,89.7,35
2024-08-09,dongri_buzurg,Dongri Buzurg Mine,Friday,8,1020,863,157,15.39,Medium,equipment_downtime,2.3,42.5,36.3,0.443,4.6,1.3,1.0,2.3,98.0,0.0,0.0,92.8,37
2024-08-10,dongri_buzurg,Dongri Buzurg Mine,Saturday,8,969,794,175,18.06,High,equipment_downtime,20.1,44.2,29.4,0.465,5.7,1.0,1.0,3.7,97.7,0.0,0.0,98.7,31
2024-08-11,dongri_buzurg,Dongri Buzurg Mine,Sunday,8,1010,644,366,36.24,High,equipment_downtime,4.8,40.3,30.8,0.464,14.7,4.4,1.0,9.3,94.1,0.0,0.0,90.5,28
2024-08-12,dongri_buzurg,Dongri Buzurg Mine,Monday,8,1015,569,446,43.94,High,equipment_downtime,4.4,42.6,31.2,0.417,24.4,6.7,0.3,17.4,90.2,0.0,0.0,93.5,21
2024-08-13,dongri_buzurg,Dongri Buzurg Mine,Tuesday,8,1029,738,291,28.28,High,equipment_downtime,3.3,37.3,31.9,0.509,8.6,0.6,4.8,3.2,96.5,0.0,0.0,89.4,28
2024-08-14,dongri_buzurg,Dongri Buzurg Mine,Wednesday,8,986,850,136,13.79,Medium,equipment_downtime,3.5,40.5,32.7,0.516,4.0,1.3,0.8,1.9,98.0,0.0,0.0,90.2,32
2024-08-15,dongri_buzurg,Dongri Buzurg Mine,Thursday,8,1012,541,471,46.54,High,weather_stoppage,33.0,50.7,31.3,0.453,2.6,0.5,1.0,1.1,98.0,0.0,4.4,94.5,21
2024-08-16,dongri_buzurg,Dongri Buzurg Mine,Friday,8,993,835,158,15.91,Medium,equipment_downtime,1.7,39.6,32.2,0.552,3.1,0.2,0.4,2.5,98.0,0.0,0.0,88.1,38
2024-08-17,dongri_buzurg,Dongri Buzurg Mine,Saturday,8,1022,837,185,18.1,High,equipment_downtime,10.3,38.5,31.3,0.519,4.4,1.5,0.2,2.7,98.0,0.0,0.0,87.4,31
2024-08-18,dongri_buzurg,Dongri Buzurg Mine,Sunday,8,973,918,55,5.65,Low,equipment_downtime,1.1,39.3,32.5,0.572,3.8,0.8,1.7,1.3,98.0,0.0,0.0,90.9,36
2024-08-19,dongri_buzurg,Dongri Buzurg Mine,Monday,8,1028,656,372,36.19,High,equipment_downtime,19.2,41.5,31.5,0.493,12.1,4.0,1.8,6.3,95.1,0.0,0.0,91.3,27
2024-08-20,dongri_buzurg,Dongri Buzurg Mine,Tuesday,8,1021,840,181,17.73,Medium,weather_stoppage,18.0,48.6,31.0,0.504,2.6,0.5,1.0,1.1,98.0,0.0,0.0,97.3,30
2024-08-21,dongri_buzurg,Dongri Buzurg Mine,Wednesday,8,1011,601,410,40.55,High,equipment_downtime,0.7,34.2,32.0,0.537,17.7,9.2,1.7,6.8,92.9,0.0,0.0,95.0,23
2024-08-22,dongri_buzurg,Dongri Buzurg Mine,Thursday,8,999,826,173,17.32,Medium,equipment_downtime,0.2,37.9,30.0,0.52,8.7,2.6,3.0,3.1,96.5,0.0,0.0,91.4,35
2024-08-23,dongri_buzurg,Dongri Buzurg Mine,Friday,8,1002,875,127,12.67,Medium,weather_stoppage,2.9,45.2,31.2,0.432,2.7,0.3,0.8,1.6,98.0,0.0,0.0,96.3,35
2024-08-24,dongri_buzurg,Dongri Buzurg Mine,Saturday,8,1009,779,230,22.79,High,equipment_downtime,17.9,39.5,32.6,0.548,9.4,0.7,1.3,7.4,96.2,0.0,0.0,98.8,28
2024-08-25,dongri_buzurg,Dongri Buzurg Mine,Sunday,8,995,157,838,84.22,High,weather_stoppage,113.3,58.0,21.1,0.566,7.4,4.6,1.8,1.0,97.0,2.6,12.0,92.6,5
2024-08-26,dongri_buzurg,Dongri Buzurg Mine,Monday,8,997,793,204,20.46,High,equipment_downtime,19.2,44.1,29.1,0.486,6.7,3.5,1.6,1.6,97.3,0.0,0.0,97.2,31
2024-08-27,dongri_buzurg,Dongri Buzurg Mine,Tuesday,8,977,903,74,7.57,Medium,equipment_downtime,0.6,38.0,31.2,0.49,4.0,0.8,1.1,2.1,98.0,0.0,0.0,94.9,36
2024-08-28,dongri_buzurg,Dongri Buzurg Mine,Wednesday,8,1008,876,132,13.1,Medium,equipment_downtime,0.6,40.6,30.1,0.509,6.4,1.4,1.2,3.8,97.4,0.0,0.0,99.0,34
2024-08-29,dongri_buzurg,Dongri Buzurg Mine,Thursday,8,1011,157,854,84.47,High,weather_stoppage,62.2,52.2,22.8,0.511,10.7,6.7,0.4,3.6,95.7,0.0,8.2,95.7,10
2024-08-30,dongri_buzurg,Dongri Buzurg Mine,Friday,8,1020,524,496,48.63,High,equipment_downtime,1.8,36.3,31.6,0.573,26.0,17.7,1.7,6.6,89.5,0.0,0.0,91.1,19
2024-08-31,dongri_buzurg,Dongri Buzurg Mine,Saturday,8,1029,325,704,68.42,High,weather_stoppage,43.7,55.6,22.2,0.533,7.2,3.3,0.7,3.2,97.1,0.4,4.3,92.7,12
2024-09-01,dongri_buzurg,Dongri Buzurg Mine,Sunday,9,997,157,840,84.25,High,weather_stoppage,80.1,58.0,17.8,0.571,9.4,3.9,2.0,3.5,96.2,0.0,10.8,90.3,9
2024-09-02,dongri_buzurg,Dongri Buzurg Mine,Monday,9,972,809,163,16.77,Medium,equipment_downtime,22.6,40.4,26.5,0.599,3.0,0.7,1.0,1.3,98.0,0.0,0.0,90.6,32
2024-09-03,dongri_buzurg,Dongri Buzurg Mine,Tuesday,9,1004,865,139,13.84,Medium,equipment_downtime,3.6,40.8,31.5,0.575,4.3,0.5,0.7,3.1,98.0,1.6,0.0,92.4,35
2024-09-04,dongri_buzurg,Dongri Buzurg Mine,Wednesday,9,959,865,94,9.8,Medium,equipment_downtime,19.2,38.9,28.0,0.555,5.1,1.2,0.3,3.6,97.9,0.0,0.0,94.2,32
2024-09-05,dongri_buzurg,Dongri Buzurg Mine,Thursday,9,977,857,120,12.28,Medium,equipment_downtime,0.7,36.1,30.3,0.575,6.5,1.5,1.0,4.0,97.4,0.0,0.0,96.9,38
2024-09-06,dongri_buzurg,Dongri Buzurg Mine,Friday,9,978,819,159,16.26,Medium,equipment_downtime,5.4,40.2,29.8,0.491,6.1,1.3,1.5,3.3,97.5,0.0,0.0,95.5,37
2024-09-07,dongri_buzurg,Dongri Buzurg Mine,Saturday,9,976,226,750,76.84,High,weather_stoppage,43.9,50.5,24.4,0.515,5.3,3.3,0.3,1.7,97.9,2.1,5.9,85.7,8
2024-09-08,dongri_buzurg,Dongri Buzurg Mine,Sunday,9,974,947,27,2.77,Low,equipment_downtime,2.1,35.1,31.0,0.5,4.7,1.0,0.9,2.8,98.0,0.0,0.0,98.5,41
2024-09-09,dongri_buzurg,Dongri Buzurg Mine,Monday,9,977,276,701,71.75,High,weather_stoppage,48.5,51.7,22.6,0.57,6.6,3.2,1.4,2.0,97.3,0.0,6.0,94.4,12
2024-09-10,dongri_buzurg,Dongri Buzurg Mine,Tuesday,9,978,157,821,83.95,High,weather_stoppage,61.7,52.9,24.0,0.503,8.8,4.6,0.4,3.8,96.5,1.0,7.7,92.2,6
2024-09-11,dongri_buzurg,Dongri Buzurg Mine,Wednesday,9,993,804,189,19.03,High,equipment_downtime,18.5,40.2,28.1,0.559,6.1,1.4,0.6,4.1,97.5,0.0,0.0,89.7,34
2024-09-12,dongri_buzurg,Dongri Buzurg Mine,Thursday,9,968,780,188,19.42,High,equipment_downtime,15.0,39.9,25.9,0.599,4.4,0.3,1.1,3.0,98.0,0.0,0.0,90.3,30
2024-09-13,dongri_buzurg,Dongri Buzurg Mine,Friday,9,980,794,186,18.98,High,equipment_downtime,0.9,36.3,30.8,0.581,9.9,1.4,4.7,3.8,96.0,0.0,0.0,93.8,29
2024-09-14,dongri_buzurg,Dongri Buzurg Mine,Saturday,9,982,821,161,16.4,Medium,equipment_downtime,1.9,39.0,27.0,0.542,6.6,0.4,1.7,4.5,97.3,0.4,0.0,93.4,34
2024-09-15,dongri_buzurg,Dongri Buzurg Mine,Sunday,9,974,872,102,10.47,Medium,equipment_downtime,6.7,37.0,33.3,0.624,6.4,0.3,1.7,4.4,97.4,0.0,0.0,93.4,40
2024-09-16,dongri_buzurg,Dongri Buzurg Mine,Monday,9,981,771,210,21.41,High,equipment_downtime,12.1,33.1,27.8,0.582,6.3,1.2,1.6,3.5,97.5,0.0,0.0,86.4,31
2024-09-17,dongri_buzurg,Dongri Buzurg Mine,Tuesday,9,969,810,159,16.41,Medium,labor_attendance,6.1,37.5,28.3,0.586,4.0,0.3,1.6,2.1,98.0,0.0,0.0,85.4,35
2024-09-18,dongri_buzurg,Dongri Buzurg Mine,Wednesday,9,927,623,304,32.79,High,equipment_downtime,4.8,39.3,28.9,0.703,14.4,7.9,0.3,6.2,94.2,0.0,0.0,94.5,26
2024-09-19,dongri_buzurg,Dongri Buzurg Mine,Thursday,9,967,849,118,12.2,Medium,equipment_downtime,13.0,39.1,26.4,0.571,3.3,0.8,1.1,1.4,98.0,0.0,0.0,91.1,32
2024-09-20,dongri_buzurg,Dongri Buzurg Mine,Friday,9,955,204,751,78.64,High,weather_stoppage,56.4,48.5,19.8,0.573,8.6,6.8,0.6,1.2,96.5,0.0,6.6,94.7,10
2024-09-21,dongri_buzurg,Dongri Buzurg Mine,Saturday,9,961,901,60,6.24,Medium,equipment_downtime,4.9,34.2,28.1,0.578,5.2,0.8,1.7,2.7,97.9,0.0,0.0,97.1,32
2024-09-22,dongri_buzurg,Dongri Buzurg Mine,Sunday,9,967,888,79,8.17,Medium,equipment_downtime,11.5,36.8,26.0,0.618,4.4,1.4,0.7,2.3,98.0,0.4,0.0,93.7,37
2024-09-23,dongri_buzurg,Dongri Buzurg Mine,Monday,9,987,791,196,19.86,High,equipment_downtime,14.6,36.1,23.3,0.59,9.5,0.7,6.6,2.2,96.2,0.0,0.0,87.6,33
2024-09-24,dongri_buzurg,Dongri Buzurg Mine,Tuesday,9,969,737,232,23.94,High,equipment_downtime,2.1,37.0,25.3,0.559,14.2,9.5,0.4,4.3,94.3,1.1,0.0,99.0,29
2024-09-25,dongri_buzurg,Dongri Buzurg Mine,Wednesday,9,961,712,249,25.91,High,blasting_delays,2.2,34.8,24.8,0.702,3.7,1.2,0.5,2.0,98.0,5.4,0.0,96.1,33
2024-09-26,dongri_buzurg,Dongri Buzurg Mine,Thursday,9,964,831,133,13.8,Medium,equipment_downtime,15.2,39.4,25.3,0.678,6.4,1.5,1.4,3.5,97.4,0.0,0.0,97.8,37
2024-09-27,dongri_buzurg,Dongri Buzurg Mine,Friday,9,1003,757,246,24.53,High,equipment_downtime,6.1,33.1,26.6,0.65,12.7,5.8,0.5,6.4,94.9,0.0,0.0,99.0,32
2024-09-28,dongri_buzurg,Dongri Buzurg Mine,Saturday,9,980,157,823,83.98,High,equipment_downtime,41.8,43.3,18.1,0.608,25.5,14.5,1.7,9.3,89.7,0.0,5.9,89.3,5
2024-09-29,dongri_buzurg,Dongri Buzurg Mine,Sunday,9,986,907,79,8.01,Medium,equipment_downtime,1.5,35.4,25.5,0.621,3.2,0.5,1.4,1.3,98.0,0.0,0.0,88.7,34
2024-09-30,dongri_buzurg,Dongri Buzurg Mine,Monday,9,1002,435,567,56.59,High,weather_stoppage,43.7,41.8,21.0,0.577,6.7,3.7,1.0,2.0,97.3,0.0,6.2,93.6,15
2024-10-01,dongri_buzurg,Dongri Buzurg Mine,Tuesday,10,949,768,181,19.07,High,equipment_downtime,0.0,31.3,30.4,0.626,5.4,1.2,1.4,2.8,97.8,0.0,0.0,89.3,35
2024-10-02,dongri_buzurg,Dongri Buzurg Mine,Wednesday,10,963,915,48,4.98,Low,equipment_downtime,0.0,30.0,28.1,0.695,3.4,0.6,0.5,2.3,98.0,0.0,0.0,92.9,39
2024-10-03,dongri_buzurg,Dongri Buzurg Mine,Thursday,10,951,830,121,12.72,Medium,equipment_downtime,0.0,28.4,27.3,0.591,3.6,0.4,0.7,2.5,98.0,0.0,0.0,94.0,33
2024-10-04,dongri_buzurg,Dongri Buzurg Mine,Friday,10,961,841,120,12.49,Medium,equipment_downtime,0.0,33.7,24.9,0.587,4.9,0.8,0.7,3.4,98.0,0.0,0.0,95.1,32
2024-10-05,dongri_buzurg,Dongri Buzurg Mine,Saturday,10,962,302,660,68.61,High,equipment_downtime,12.4,35.9,23.2,0.654,35.4,2.4,8.7,24.3,85.7,0.0,0.0,90.6,14
2024-10-06,dongri_buzurg,Dongri Buzurg Mine,Sunday,10,931,883,48,5.16,Low,equipment_downtime,0.0,34.1,26.4,0.56,3.8,0.3,0.7,2.8,98.0,0.0,0.0,95.9,36
2024-10-07,dongri_buzurg,Dongri Buzurg Mine,Monday,10,980,890,90,9.18,Medium,equipment_downtime,0.0,29.2,27.0,0.667,5.2,1.4,1.8,2.0,97.9,0.0,0.0,94.8,40
2024-10-08,dongri_buzurg,Dongri Buzurg Mine,Tuesday,10,965,671,294,30.47,High,equipment_downtime,0.0,27.5,25.9,0.579,14.2,1.2,0.4,12.6,94.3,0.0,0.0,98.1,31
2024-10-09,dongri_buzurg,Dongri Buzurg Mine,Wednesday,10,1003,907,96,9.57,Medium,equipment_downtime,0.0,31.8,23.4,0.666,4.7,0.5,1.1,3.1,98.0,0.0,0.0,92.2,34
2024-10-10,dongri_buzurg,Dongri Buzurg Mine,Thursday,10,962,820,142,14.76,Medium,equipment_downtime,0.0,25.8,24.9,0.677,4.5,0.4,0.6,3.5,98.0,0.0,0.0,87.8,37
2024-10-11,dongri_buzurg,Dongri Buzurg Mine,Friday,10,981,858,123,12.54,Medium,labor_attendance,0.0,29.3,26.5,0.633,3.2,0.5,0.4,2.3,98.0,0.0,0.0,86.8,38
2024-10-12,dongri_buzurg,Dongri Buzurg Mine,Saturday,10,993,900,93,9.37,Medium,equipment_downtime,0.0,29.5,26.6,0.589,4.9,1.1,1.8,2.0,98.0,0.0,0.0,92.1,35
2024-10-13,dongri_buzurg,Dongri Buzurg Mine,Sunday,10,936,786,150,16.03,Medium,equipment_downtime,0.0,26.8,27.4,0.657,4.0,1.0,0.5,2.5,98.0,1.6,0.0,92.6,33
2024-10-14,dongri_buzurg,Dongri Buzurg Mine,Monday,10,975,582,393,40.31,High,equipment_downtime,0.0,26.4,23.0,0.622,17.7,5.5,1.8,10.4,92.9,0.0,0.0,90.1,25
2024-10-15,dongri_buzurg,Dongri Buzurg Mine,Tuesday,10,957,880,77,8.05,Medium,equipment_downtime,0.0,26.0,24.5,0.587,4.8,0.9,1.1,2.8,98.0,0.0,0.0,93.1,33
2024-10-16,dongri_buzurg,Dongri Buzurg Mine,Wednesday,10,990,765,225,22.73,High,equipment_downtime,0.0,27.2,23.4,0.58,5.6,1.5,1.8,2.3,97.7,0.0,0.0,93.5,30
2024-10-17,dongri_buzurg,Dongri Buzurg Mine,Thursday,10,952,817,135,14.18,Medium,equipment_downtime,0.0,26.8,24.5,0.578,3.3,0.4,0.4,2.5,98.0,0.0,0.0,89.1,31
2024-10-18,dongri_buzurg,Dongri Buzurg Mine,Friday,10,951,840,111,11.67,Medium,equipment_downtime,3.0,30.1,24.5,0.635,5.8,1.1,0.8,3.9,97.7,0.0,0.0,90.9,35
2024-10-19,dongri_buzurg,Dongri Buzurg Mine,Saturday,10,959,706,253,26.38,High,equipment_downtime,0.0,25.5,20.2,0.623,7.5,1.4,2.0,4.1,97.0,0.0,0.0,86.8,25
2024-10-20,dongri_buzurg,Dongri Buzurg Mine,Sunday,10,955,758,197,20.63,High,equipment_downtime,0.0,27.2,26.0,0.612,10.7,1.0,5.5,4.2,95.7,0.0,0.0,92.2,29
2024-10-21,dongri_buzurg,Dongri Buzurg Mine,Monday,10,945,888,57,6.03,Medium,equipment_downtime,0.0,27.7,22.9,0.607,5.0,1.1,0.6,3.3,98.0,0.0,0.0,91.9,35
2024-10-22,dongri_buzurg,Dongri Buzurg Mine,Tuesday,10,936,812,124,13.25,Medium,equipment_downtime,0.0,28.2,26.2,0.636,5.4,0.3,1.0,4.1,97.8,0.0,0.0,88.8,35
2024-10-23,dongri_buzurg,Dongri Buzurg Mine,Wednesday,10,958,904,54,5.64,Low,equipment_downtime,0.0,25.4,23.5,0.609,3.4,0.3,1.3,1.8,98.0,0.0,0.0,94.3,34
2024-10-24,dongri_buzurg,Dongri Buzurg Mine,Thursday,10,980,877,103,10.51,Medium,equipment_downtime,0.0,24.5,21.3,0.652,6.1,0.6,3.2,2.3,97.5,0.0,0.0,90.4,34
2024-10-25,dongri_buzurg,Dongri Buzurg Mine,Friday,10,985,879,106,10.76,Medium,equipment_downtime,0.0,24.5,23.6,0.622,4.4,0.8,1.5,2.1,98.0,0.0,0.0,90.7,38
2024-10-26,dongri_buzurg,Dongri Buzurg Mine,Saturday,10,958,790,168,17.54,Medium,equipment_downtime,0.0,29.0,26.1,0.581,6.9,1.1,1.7,4.1,97.2,0.0,0.0,93.5,30
2024-10-27,dongri_buzurg,Dongri Buzurg Mine,Sunday,10,972,834,138,14.2,Medium,equipment_downtime,17.7,29.0,21.6,0.659,5.7,0.9,1.8,3.0,97.7,0.0,0.0,94.9,32
2024-10-28,dongri_buzurg,Dongri Buzurg Mine,Monday,10,974,735,239,24.54,High,blasting_delays,0.0,26.3,23.2,0.659,4.7,1.3,1.7,1.7,98.0,3.4,0.0,89.1,25
2024-10-29,dongri_buzurg,Dongri Buzurg Mine,Tuesday,10,970,757,213,21.96,High,equipment_downtime,0.0,24.5,22.4,0.6,10.9,2.5,1.9,6.5,95.6,0.0,0.0,98.2,29
2024-10-30,dongri_buzurg,Dongri Buzurg Mine,Wednesday,10,956,892,64,6.69,Medium,equipment_downtime,0.0,26.2,22.7,0.626,2.1,0.5,0.2,1.4,98.0,0.0,0.0,92.6,32
2024-10-31,dongri_buzurg,Dongri Buzurg Mine,Thursday,10,971,719,252,25.95,High,blasting_delays,0.0,20.9,24.2,0.604,4.7,1.4,1.0,2.3,98.0,3.5,0.0,86.9,27
2024-11-01,dongri_buzurg,Dongri Buzurg Mine,Friday,11,977,903,74,7.57,Medium,equipment_downtime,6.4,24.8,23.3,0.565,3.0,0.6,0.6,1.8,98.0,0.0,0.0,89.6,37
2024-11-02,dongri_buzurg,Dongri Buzurg Mine,Saturday,11,998,790,208,20.84,High,equipment_downtime,0.0,16.0,22.9,0.615,5.7,0.8,1.6,3.3,97.7,0.0,0.0,92.7,31
2024-11-03,dongri_buzurg,Dongri Buzurg Mine,Sunday,11,955,950,5,0.52,Low,nominal_operations,0.0,27.4,22.6,0.623,5.9,1.0,1.2,3.7,97.6,0.0,0.0,92.9,34
2024-11-04,dongri_buzurg,Dongri Buzurg Mine,Monday,11,986,911,75,7.61,Medium,equipment_downtime,0.0,17.8,25.4,0.562,6.1,1.1,3.1,1.9,97.5,0.0,0.0,98.7,37
2024-11-05,dongri_buzurg,Dongri Buzurg Mine,Tuesday,11,982,865,117,11.91,Medium,equipment_downtime,0.0,22.4,22.4,0.621,5.0,0.6,0.8,3.6,98.0,0.0,0.0,89.7,33
2024-11-06,dongri_buzurg,Dongri Buzurg Mine,Wednesday,11,963,886,77,8.0,Medium,equipment_downtime,0.0,22.2,24.3,0.619,5.9,1.2,0.7,4.0,97.6,0.0,0.0,94.1,35
2024-11-07,dongri_buzurg,Dongri Buzurg Mine,Thursday,11,1006,782,224,22.27,High,equipment_downtime,0.0,20.4,19.3,0.631,5.3,1.3,0.5,3.5,97.9,0.0,0.0,84.9,32
2024-11-08,dongri_buzurg,Dongri Buzurg Mine,Friday,11,982,856,126,12.83,Medium,equipment_downtime,0.0,20.4,20.6,0.601,4.7,1.3,1.2,2.2,98.0,0.0,0.0,93.1,35
2024-11-09,dongri_buzurg,Dongri Buzurg Mine,Saturday,11,989,830,159,16.08,Medium,equipment_downtime,0.0,23.0,20.7,0.628,4.4,0.3,1.9,2.2,98.0,0.0,0.0,96.5,34
2024-11-10,dongri_buzurg,Dongri Buzurg Mine,Sunday,11,1006,878,128,12.72,Medium,equipment_downtime,0.0,19.4,20.7,0.596,5.4,1.0,1.1,3.3,97.8,0.0,0.0,93.6,35
2024-11-11,dongri_buzurg,Dongri Buzurg Mine,Monday,11,957,919,38,3.97,Low,equipment_downtime,0.0,15.1,22.3,0.643,4.0,0.6,0.5,2.9,98.0,0.0,0.0,95.2,38
2024-11-12,dongri_buzurg,Dongri Buzurg Mine,Tuesday,11,924,760,164,17.75,Medium,equipment_downtime,0.0,18.2,23.7,0.666,11.0,8.6,0.4,2.0,95.6,0.0,0.0,92.0,31
2024-11-13,dongri_buzurg,Dongri Buzurg Mine,Wednesday,11,964,847,117,12.14,Medium,equipment_downtime,0.0,16.2,23.4,0.585,6.7,1.5,1.9,3.3,97.3,0.0,0.0,89.6,33
2024-11-14,dongri_buzurg,Dongri Buzurg Mine,Thursday,11,1001,949,52,5.19,Low,equipment_downtime,0.0,14.9,23.3,0.658,4.4,0.9,0.7,2.8,98.0,0.0,0.0,89.9,37
2024-11-15,dongri_buzurg,Dongri Buzurg Mine,Friday,11,971,895,76,7.83,Medium,equipment_downtime,0.0,16.1,24.0,0.602,2.8,0.2,0.8,1.8,98.0,0.0,0.0,99.0,36
2024-11-16,dongri_buzurg,Dongri Buzurg Mine,Saturday,11,984,911,73,7.42,Medium,equipment_downtime,0.0,17.1,26.4,0.698,1.7,0.3,0.3,1.1,98.0,0.0,0.0,91.6,37
2024-11-17,dongri_buzurg,Dongri Buzurg Mine,Sunday,11,974,766,208,21.36,High,equipment_downtime,0.0,20.1,25.4,0.673,6.7,1.4,1.5,3.8,97.3,0.0,0.0,93.5,32
2024-11-18,dongri_buzurg,Dongri Buzurg Mine,Monday,11,971,902,69,7.11,Medium,equipment_downtime,0.0,15.2,24.4,0.574,4.7,0.5,0.2,4.0,98.0,0.0,0.0,97.6,37
2024-11-19,dongri_buzurg,Dongri Buzurg Mine,Tuesday,11,963,789,174,18.07,High,equipment_downtime,0.0,16.6,24.9,0.619,12.6,1.4,7.7,3.5,94.9,0.0,0.0,92.7,32
2024-11-20,dongri_buzurg,Dongri Buzurg Mine,Wednesday,11,1008,820,188,18.65,High,equipment_downtime,0.0,9.6,23.6,0.6,10.5,5.5,0.9,4.1,95.8,0.0,0.0,95.8,34
2024-11-21,dongri_buzurg,Dongri Buzurg Mine,Thursday,11,971,947,24,2.47,Low,equipment_downtime,0.0,11.4,22.3,0.633,3.3,0.9,0.4,2.0,98.0,0.0,0.0,99.0,40
2024-11-22,dongri_buzurg,Dongri Buzurg Mine,Friday,11,993,997,0,0.0,Low,nominal_operations,0.0,18.3,21.5,0.621,2.7,0.5,0.3,1.9,98.0,0.0,0.0,93.1,40
2024-11-23,dongri_buzurg,Dongri Buzurg Mine,Saturday,11,994,910,84,8.45,Medium,equipment_downtime,0.0,13.3,24.3,0.658,5.4,0.9,1.1,3.4,97.8,0.0,0.0,88.5,37
2024-11-24,dongri_buzurg,Dongri Buzurg Mine,Sunday,11,977,731,246,25.18,High,equipment_downtime,0.0,18.0,24.0,0.544,5.6,1.2,1.9,2.5,97.7,0.0,0.0,84.5,28
2024-11-25,dongri_buzurg,Dongri Buzurg Mine,Monday,11,977,878,99,10.13,Medium,equipment_downtime,0.0,17.0,21.9,0.646,3.1,0.4,0.8,1.9,98.0,0.0,0.0,91.2,37
2024-11-26,dongri_buzurg,Dongri Buzurg Mine,Tuesday,11,954,782,172,18.03,High,equipment_downtime,0.0,14.9,23.1,0.619,10.5,0.5,5.9,4.1,95.8,0.0,0.0,99.0,32
2024-11-27,dongri_buzurg,Dongri Buzurg Mine,Wednesday,11,964,662,302,31.33,High,blasting_delays,0.0,15.9,23.8,0.56,4.8,1.5,1.9,1.4,98.0,2.8,0.0,86.5,26
2024-11-28,dongri_buzurg,Dongri Buzurg Mine,Thursday,11,981,869,112,11.42,Medium,equipment_downtime,0.0,15.0,21.8,0.57,7.8,0.7,4.2,2.9,96.9,0.0,0.0,98.0,32
2024-11-29,dongri_buzurg,Dongri Buzurg Mine,Friday,11,969,911,58,5.99,Low,equipment_downtime,0.0,12.6,23.4,0.515,4.6,0.4,1.2,3.0,98.0,0.0,0.0,88.9,37
2024-11-30,dongri_buzurg,Dongri Buzurg Mine,Saturday,11,972,637,335,34.47,High,equipment_downtime,0.0,19.7,26.4,0.597,12.1,5.6,1.3,5.2,95.1,0.0,0.0,87.1,24
2024-12-01,dongri_buzurg,Dongri Buzurg Mine,Sunday,12,1025,853,172,16.78,Medium,equipment_downtime,0.0,12.2,23.7,0.565,4.0,0.9,1.1,2.0,98.0,0.0,0.0,87.7,34
2024-12-02,dongri_buzurg,Dongri Buzurg Mine,Monday,12,1006,820,186,18.49,High,equipment_downtime,0.0,12.3,21.6,0.557,5.0,1.5,0.8,2.7,98.0,0.0,0.0,97.1,30
2024-12-03,dongri_buzurg,Dongri Buzurg Mine,Tuesday,12,1004,162,842,83.86,High,equipment_downtime,0.0,19.8,24.7,0.604,41.2,9.7,0.8,30.7,83.4,0.0,0.0,90.7,5
2024-12-04,dongri_buzurg,Dongri Buzurg Mine,Wednesday,12,1012,631,381,37.65,High,blasting_delays,0.0,15.4,18.6,0.665,5.8,0.9,1.3,3.6,97.7,5.7,0.0,84.7,25
2024-12-05,dongri_buzurg,Dongri Buzurg Mine,Thursday,12,1012,916,96,9.49,Medium,equipment_downtime,0.0,19.1,20.7,0.656,7.1,1.5,1.3,4.3,97.1,0.0,0.0,99.0,38
2024-12-06,dongri_buzurg,Dongri Buzurg Mine,Friday,12,980,769,211,21.53,High,labor_attendance,0.0,17.0,21.4,0.621,4.1,0.9,1.0,2.2,98.0,0.0,0.0,84.9,34
2024-12-07,dongri_buzurg,Dongri Buzurg Mine,Saturday,12,993,919,74,7.45,Medium,equipment_downtime,0.0,16.2,20.6,0.614,3.4,0.4,1.2,1.8,98.0,0.0,0.0,95.7,39
2024-12-08,dongri_buzurg,Dongri Buzurg Mine,Sunday,12,1004,974,30,2.99,Low,equipment_downtime,0.0,15.8,24.5,0.637,4.4,1.3,1.4,1.7,98.0,0.0,0.0,91.3,36
2024-12-09,dongri_buzurg,Dongri Buzurg Mine,Monday,12,1026,939,87,8.48,Medium,equipment_downtime,0.0,15.6,24.8,0.596,4.4,0.2,0.2,4.0,98.0,0.0,0.0,92.5,37
2024-12-10,dongri_buzurg,Dongri Buzurg Mine,Tuesday,12,1033,840,193,18.68,High,equipment_downtime,0.0,16.5,20.9,0.594,9.2,0.9,4.5,3.8,96.3,0.0,0.0,91.1,34
2024-12-11,dongri_buzurg,Dongri Buzurg Mine,Wednesday,12,1003,895,108,10.77,Medium,equipment_downtime,0.0,15.9,20.8,0.563,5.8,0.5,1.6,3.7,97.7,0.0,0.0,91.1,37
2024-12-12,dongri_buzurg,Dongri Buzurg Mine,Thursday,12,1026,924,102,9.94,Medium,equipment_downtime,0.0,18.8,22.8,0.578,5.6,0.5,1.9,3.2,97.7,0.0,0.0,96.8,36
2024-12-13,dongri_buzurg,Dongri Buzurg Mine,Friday,12,985,870,115,11.68,Medium,equipment_downtime,0.0,11.5,24.4,0.623,6.7,1.1,1.8,3.8,97.3,0.0,0.0,92.5,36
2024-12-14,dongri_buzurg,Dongri Buzurg Mine,Saturday,12,1028,926,102,9.92,Medium,equipment_downtime,0.0,16.3,23.6,0.568,4.6,0.3,0.7,3.6,98.0,0.0,0.0,88.8,36
2024-12-15,dongri_buzurg,Dongri Buzurg Mine,Sunday,12,977,856,121,12.38,Medium,equipment_downtime,0.0,11.8,24.6,0.579,5.3,1.0,0.9,3.4,97.9,0.0,0.0,88.2,33
2024-12-16,dongri_buzurg,Dongri Buzurg Mine,Monday,12,1014,739,275,27.12,High,equipment_downtime,0.0,16.5,21.5,0.613,12.2,2.9,1.8,7.5,95.1,0.0,0.0,89.1,31
2024-12-17,dongri_buzurg,Dongri Buzurg Mine,Tuesday,12,1012,962,50,4.94,Low,equipment_downtime,0.0,12.0,23.9,0.545,3.6,0.6,1.2,1.8,98.0,0.0,0.0,91.0,38
2024-12-18,dongri_buzurg,Dongri Buzurg Mine,Wednesday,12,1023,878,145,14.17,Medium,equipment_downtime,0.0,19.1,23.0,0.602,4.3,0.9,2.2,1.2,98.0,0.0,0.0,98.5,32
2024-12-19,dongri_buzurg,Dongri Buzurg Mine,Thursday,12,1016,864,152,14.96,Medium,equipment_downtime,0.0,14.3,23.7,0.609,6.1,0.4,1.4,4.3,97.5,0.0,0.0,90.4,34
2024-12-20,dongri_buzurg,Dongri Buzurg Mine,Friday,12,1029,928,101,9.82,Medium,equipment_downtime,0.0,14.5,22.3,0.6,4.2,0.7,1.8,1.7,98.0,0.0,0.0,92.4,36
2024-12-21,dongri_buzurg,Dongri Buzurg Mine,Saturday,12,1004,855,149,14.84,Medium,equipment_downtime,0.0,16.5,22.0,0.613,6.4,1.2,1.4,3.8,97.4,0.0,0.0,90.8,33
2024-12-22,dongri_buzurg,Dongri Buzurg Mine,Sunday,12,1028,768,260,25.29,High,blasting_delays,4.4,16.7,22.7,0.574,6.6,1.1,1.2,4.3,97.3,5.1,0.0,96.7,30
2024-12-23,dongri_buzurg,Dongri Buzurg Mine,Monday,12,1006,979,27,2.68,Low,equipment_downtime,0.0,20.1,25.0,0.543,5.3,0.8,1.4,3.1,97.9,0.0,0.0,91.4,39
2024-12-24,dongri_buzurg,Dongri Buzurg Mine,Tuesday,12,978,880,98,10.02,Medium,labor_attendance,0.0,12.8,23.2,0.622,2.7,0.5,0.8,1.4,98.0,0.0,0.0,83.4,35
2024-12-25,dongri_buzurg,Dongri Buzurg Mine,Wednesday,12,959,862,97,10.11,Medium,equipment_downtime,0.0,15.7,23.4,0.653,6.4,1.3,1.3,3.8,97.4,0.0,0.0,93.1,36
2024-12-26,dongri_buzurg,Dongri Buzurg Mine,Thursday,12,1002,858,144,14.37,Medium,equipment_downtime,0.0,17.3,22.8,0.463,5.8,0.9,1.5,3.4,97.7,0.0,0.0,96.6,35
2024-12-27,dongri_buzurg,Dongri Buzurg Mine,Friday,12,1025,972,53,5.17,Low,equipment_downtime,0.0,15.3,22.5,0.529,3.1,1.1,0.5,1.5,98.0,0.0,0.0,92.0,41
2024-12-28,dongri_buzurg,Dongri Buzurg Mine,Saturday,12,985,852,133,13.5,Medium,equipment_downtime,0.0,13.9,26.0,0.528,5.9,1.4,1.4,3.1,97.6,0.0,0.0,95.2,35
2024-12-29,dongri_buzurg,Dongri Buzurg Mine,Sunday,12,998,820,178,17.84,Medium,equipment_downtime,0.0,15.5,23.3,0.553,6.2,1.1,2.1,3.0,97.5,0.0,0.0,92.9,34
2024-12-30,dongri_buzurg,Dongri Buzurg Mine,Monday,12,1017,968,49,4.82,Low,equipment_downtime,0.0,16.5,25.5,0.535,7.0,0.9,1.9,4.2,97.2,0.0,0.0,93.2,40
2024-12-31,dongri_buzurg,Dongri Buzurg Mine,Tuesday,12,995,922,73,7.34,Medium,equipment_downtime,0.0,18.4,24.0,0.536,4.7,0.7,1.3,2.7,98.0,0.0,0.0,92.0,40
2025-01-01,dongri_buzurg,Dongri Buzurg Mine,Wednesday,1,1050,983,67,6.38,Medium,equipment_downtime,0.0,15.9,24.1,0.475,4.5,0.5,1.0,3.0,98.0,0.0,0.0,99.0,36
2025-01-02,dongri_buzurg,Dongri Buzurg Mine,Thursday,1,1058,934,124,11.72,Medium,equipment_downtime,0.0,19.1,27.0,0.522,5.5,0.4,0.9,4.2,97.8,1.7,0.0,93.6,36
2025-01-03,dongri_buzurg,Dongri Buzurg Mine,Friday,1,1012,899,113,11.17,Medium,equipment_downtime,0.0,15.8,23.6,0.548,8.4,0.5,5.4,2.5,96.6,0.0,0.0,91.4,37
2025-01-04,dongri_buzurg,Dongri Buzurg Mine,Saturday,1,1056,926,130,12.31,Medium,equipment_downtime,0.0,14.9,21.3,0.51,2.7,0.6,0.3,1.8,98.0,0.0,0.0,88.8,36
2025-01-05,dongri_buzurg,Dongri Buzurg Mine,Sunday,1,1054,617,437,41.46,High,equipment_downtime,0.5,16.9,22.9,0.425,20.4,11.7,1.5,7.2,91.8,1.4,0.0,94.1,25
2025-01-06,dongri_buzurg,Dongri Buzurg Mine,Monday,1,1041,922,119,11.43,Medium,equipment_downtime,0.0,15.2,19.3,0.498,4.9,0.8,0.3,3.8,98.0,1.7,0.0,93.0,39
2025-01-07,dongri_buzurg,Dongri Buzurg Mine,Tuesday,1,1066,925,141,13.23,Medium,equipment_downtime,0.0,17.6,21.6,0.489,6.7,0.4,3.9,2.4,97.3,0.0,0.0,85.5,35
2025-01-08,dongri_buzurg,Dongri Buzurg Mine,Wednesday,1,1055,958,97,9.19,Medium,equipment_downtime,0.0,17.9,26.3,0.461,4.5,0.5,0.4,3.6,98.0,0.0,0.0,92.6,38
2025-01-09,dongri_buzurg,Dongri Buzurg Mine,Thursday,1,1037,773,264,25.46,High,equipment_downtime,0.0,16.0,25.2,0.502,14.0,4.8,1.9,7.3,94.4,0.0,0.0,93.9,30
2025-01-10,dongri_buzurg,Dongri Buzurg Mine,Friday,1,1059,939,120,11.33,Medium,equipment_downtime,0.0,12.8,24.1,0.443,5.0,0.6,1.9,2.5,98.0,0.0,0.0,90.6,37
2025-01-11,dongri_buzurg,Dongri Buzurg Mine,Saturday,1,1065,965,100,9.39,Medium,equipment_downtime,0.0,15.1,23.7,0.512,4.1,0.4,1.6,2.1,98.0,0.0,0.0,94.2,38
2025-01-12,dongri_buzurg,Dongri Buzurg Mine,Sunday,1,1042,880,162,15.55,Medium,equipment_downtime,0.0,18.5,22.2,0.424,7.6,1.3,2.0,4.3,96.9,0.0,0.0,99.0,33
2025-01-13,dongri_buzurg,Dongri Buzurg Mine,Monday,1,1065,1000,65,6.1,Medium,equipment_downtime,0.0,17.5,26.3,0.408,3.5,0.9,1.1,1.5,98.0,0.0,0.0,94.6,43
2025-01-14,dongri_buzurg,Dongri Buzurg Mine,Tuesday,1,1055,749,306,29.0,High,equipment_downtime,0.0,18.3,23.2,0.423,15.2,9.5,0.5,5.2,93.9,0.0,0.0,99.0,32
2025-01-15,dongri_buzurg,Dongri Buzurg Mine,Wednesday,1,1039,661,378,36.38,High,blasting_delays,0.0,13.7,27.4,0.452,4.7,0.6,2.0,2.1,98.0,6.0,0.0,87.9,27
2025-01-16,dongri_buzurg,Dongri Buzurg Mine,Thursday,1,1029,983,46,4.47,Low,equipment_downtime,0.0,17.2,24.4,0.552,4.5,1.1,1.2,2.2,98.0,0.0,0.0,93.7,38
2025-01-17,dongri_buzurg,Dongri Buzurg Mine,Friday,1,1018,528,490,48.13,High,equipment_downtime,0.0,17.7,24.7,0.388,23.1,14.7,2.0,6.4,90.7,0.0,0.0,90.0,23
2025-01-18,dongri_buzurg,Dongri Buzurg Mine,Saturday,1,1064,526,538,50.56,High,equipment_downtime,0.0,12.9,25.0,0.518,29.9,3.9,1.5,24.5,88.0,0.0,0.0,92.5,24
2025-01-19,dongri_buzurg,Dongri Buzurg Mine,Sunday,1,1080,1010,70,6.48,Medium,equipment_downtime,3.2,18.4,26.1,0.436,3.4,1.4,0.5,1.5,98.0,0.0,0.0,95.9,41
2025-01-20,dongri_buzurg,Dongri Buzurg Mine,Monday,1,1053,927,126,11.97,Medium,equipment_downtime,0.0,12.4,26.0,0.433,5.2,1.4,0.2,3.6,97.9,0.0,0.0,90.9,37
2025-01-21,dongri_buzurg,Dongri Buzurg Mine,Tuesday,1,1036,883,153,14.77,Medium,equipment_downtime,0.0,11.4,24.3,0.453,4.5,1.1,1.5,1.9,98.0,0.0,0.0,90.0,36
2025-01-22,dongri_buzurg,Dongri Buzurg Mine,Wednesday,1,1014,958,56,5.52,Low,equipment_downtime,0.0,16.1,27.0,0.42,5.8,1.4,0.7,3.7,97.7,0.0,0.0,96.1,40
2025-01-23,dongri_buzurg,Dongri Buzurg Mine,Thursday,1,1053,949,104,9.88,Medium,equipment_downtime,0.0,15.2,26.8,0.405,5.2,1.3,1.8,2.1,97.9,0.0,0.0,87.6,39
2025-01-24,dongri_buzurg,Dongri Buzurg Mine,Friday,1,1013,961,52,5.13,Low,equipment_downtime,0.0,14.9,29.5,0.465,3.0,0.3,1.2,1.5,98.0,0.0,0.0,94.7,38
2025-01-25,dongri_buzurg,Dongri Buzurg Mine,Saturday,1,1062,666,396,37.29,High,equipment_downtime,0.0,13.3,25.1,0.39,17.2,8.4,0.6,8.2,93.1,0.0,0.0,87.7,28
2025-01-26,dongri_buzurg,Dongri Buzurg Mine,Sunday,1,1030,891,139,13.5,Medium,equipment_downtime,0.0,15.9,25.2,0.422,5.6,0.6,1.2,3.8,97.7,0.0,0.0,91.9,35
2025-01-27,dongri_buzurg,Dongri Buzurg Mine,Monday,1,1069,910,159,14.87,Medium,equipment_downtime,0.0,14.5,27.5,0.392,5.5,0.3,1.2,4.0,97.8,0.0,0.0,90.9,35
2025-01-28,dongri_buzurg,Dongri Buzurg Mine,Tuesday,1,1069,963,106,9.92,Medium,equipment_downtime,0.0,16.6,23.5,0.35,5.1,0.8,1.1,3.2,97.9,0.0,0.0,90.2,40
2025-01-29,dongri_buzurg,Dongri Buzurg Mine,Wednesday,1,1035,880,155,14.98,Medium,equipment_downtime,0.0,15.4,25.9,0.411,6.5,1.3,1.2,4.0,97.4,0.0,0.0,88.4,33
2025-01-30,dongri_buzurg,Dongri Buzurg Mine,Thursday,1,1021,895,126,12.34,Medium,equipment_downtime,0.0,18.9,30.3,0.416,4.5,0.7,1.9,1.9,98.0,0.0,0.0,94.4,34
2025-01-31,dongri_buzurg,Dongri Buzurg Mine,Friday,1,1029,909,120,11.66,Medium,equipment_downtime,0.0,13.6,27.1,0.486,5.1,0.2,1.2,3.7,97.9,0.0,0.0,92.2,35
2025-02-01,dongri_buzurg,Dongri Buzurg Mine,Saturday,2,1102,1002,100,9.07,Medium,equipment_downtime,0.0,13.0,30.0,0.409,4.3,0.4,0.5,3.4,98.0,0.0,0.0,88.1,39
2025-02-02,dongri_buzurg,Dongri Buzurg Mine,Sunday,2,1083,939,144,13.3,Medium,equipment_downtime,0.0,15.7,26.0,0.311,6.6,0.6,1.8,4.2,97.3,0.0,0.0,95.8,39
2025-02-03,dongri_buzurg,Dongri Buzurg Mine,Monday,2,1117,669,448,40.11,High,equipment_downtime,10.9,20.2,28.8,0.385,20.9,9.2,1.3,10.4,91.6,0.0,0.0,91.3,28
2025-02-04,dongri_buzurg,Dongri Buzurg Mine,Tuesday,2,1120,929,191,17.05,Medium,equipment_downtime,0.0,19.7,27.2,0.418,6.2,1.4,0.5,4.3,97.5,1.2,0.0,87.3,35
2025-02-05,dongri_buzurg,Dongri Buzurg Mine,Wednesday,2,1107,1054,53,4.79,Low,equipment_downtime,0.0,17.7,26.6,0.458,3.3,0.8,0.5,2.0,98.0,0.0,0.0,97.9,44
2025-02-06,dongri_buzurg,Dongri Buzurg Mine,Thursday,2,1079,1006,73,6.77,Medium,equipment_downtime,11.2,19.0,23.8,0.352,3.9,1.4,0.7,1.8,98.0,0.0,0.0,92.6,41
2025-02-07,dongri_buzurg,Dongri Buzurg Mine,Friday,2,1117,584,533,47.72,High,equipment_downtime,0.0,16.4,27.5,0.383,24.5,7.4,1.6,15.5,90.1,0.0,0.0,99.0,24
2025-02-08,dongri_buzurg,Dongri Buzurg Mine,Saturday,2,1124,1022,102,9.07,Medium,equipment_downtime,0.0,16.9,28.1,0.356,5.9,1.3,0.9,3.7,97.6,0.0,0.0,92.2,40
2025-02-09,dongri_buzurg,Dongri Buzurg Mine,Sunday,2,1046,846,200,19.12,High,equipment_downtime,0.0,17.4,27.2,0.369,6.9,1.3,1.5,4.1,97.2,1.0,0.0,94.1,33
2025-02-10,dongri_buzurg,Dongri Buzurg Mine,Monday,2,1067,964,103,9.65,Medium,equipment_downtime,0.0,14.5,26.7,0.407,6.5,1.1,1.6,3.8,97.4,0.0,0.0,94.5,44
2025-02-11,dongri_buzurg,Dongri Buzurg Mine,Tuesday,2,1120,1016,104,9.29,Medium,equipment_downtime,0.0,12.4,29.6,0.409,5.4,1.4,0.6,3.4,97.8,0.0,0.0,94.0,37
2025-02-12,dongri_buzurg,Dongri Buzurg Mine,Wednesday,2,1086,979,107,9.85,Medium,equipment_downtime,0.0,15.2,29.5,0.445,5.5,0.8,0.4,4.3,97.8,0.0,0.0,96.3,41
2025-02-13,dongri_buzurg,Dongri Buzurg Mine,Thursday,2,1124,910,214,19.04,High,equipment_downtime,0.0,17.2,28.0,0.323,6.1,1.2,1.6,3.3,97.5,0.0,0.0,88.4,35
2025-02-14,dongri_buzurg,Dongri Buzurg Mine,Friday,2,1073,930,143,13.33,Medium,equipment_downtime,0.0,19.0,27.1,0.379,6.4,1.3,3.3,1.8,97.4,0.0,0.0,93.6,38
2025-02-15,dongri_buzurg,Dongri Buzurg Mine,Saturday,2,1099,832,267,24.29,High,equipment_downtime,0.0,14.9,28.3,0.314,15.7,3.5,1.8,10.4,93.7,0.0,0.0,99.0,35
2025-02-16,dongri_buzurg,Dongri Buzurg Mine,Sunday,2,1089,1024,65,5.97,Low,equipment_downtime,0.0,16.0,28.9,0.365,5.1,0.7,0.4,4.0,97.9,0.0,0.0,91.0,42
2025-02-17,dongri_buzurg,Dongri Buzurg Mine,Monday,2,1057,922,135,12.77,Medium,equipment_downtime,0.0,13.5,29.0,0.337,5.1,0.5,1.3,3.3,97.9,0.0,0.0,93.8,38
2025-02-18,dongri_buzurg,Dongri Buzurg Mine,Tuesday,2,1071,854,217,20.26,High,blasting_delays,1.3,13.1,28.0,0.331,3.9,1.2,1.6,1.1,98.0,4.2,0.0,98.4,33
2025-02-19,dongri_buzurg,Dongri Buzurg Mine,Wednesday,2,1068,932,136,12.73,Medium,equipment_downtime,0.0,16.0,28.8,0.28,3.6,0.6,0.5,2.5,98.0,0.0,0.0,89.1,38
2025-02-20,dongri_buzurg,Dongri Buzurg Mine,Thursday,2,1092,987,105,9.62,Medium,labor_attendance,0.0,15.8,30.8,0.339,3.0,0.2,1.3,1.5,98.0,0.0,0.0,84.6,39
2025-02-21,dongri_buzurg,Dongri Buzurg Mine,Friday,2,1086,1007,79,7.27,Medium,equipment_downtime,0.0,15.0,28.7,0.255,2.9,0.6,1.3,1.0,98.0,0.0,0.0,94.4,41
2025-02-22,dongri_buzurg,Dongri Buzurg Mine,Saturday,2,1100,1040,60,5.45,Low,equipment_downtime,0.0,15.4,29.3,0.355,3.4,0.4,0.6,2.4,98.0,0.0,0.0,92.4,46
2025-02-23,dongri_buzurg,Dongri Buzurg Mine,Sunday,2,1068,1029,39,3.65,Low,equipment_downtime,8.0,15.5,31.0,0.288,4.8,0.3,0.4,4.1,98.0,0.0,0.0,92.3,40
2025-02-24,dongri_buzurg,Dongri Buzurg Mine,Monday,2,1099,787,312,28.39,High,blasting_delays,5.7,17.1,31.7,0.291,5.8,0.2,1.2,4.4,97.7,3.9,0.0,88.4,32
2025-02-25,dongri_buzurg,Dongri Buzurg Mine,Tuesday,2,1095,1001,94,8.58,Medium,equipment_downtime,0.0,21.1,30.2,0.386,4.7,0.3,0.8,3.6,98.0,0.0,0.0,88.9,38
2025-02-26,dongri_buzurg,Dongri Buzurg Mine,Wednesday,2,1102,1063,39,3.54,Low,equipment_downtime,0.0,16.1,30.0,0.352,3.5,0.6,1.4,1.5,98.0,0.0,0.0,94.1,44
2025-02-27,dongri_buzurg,Dongri Buzurg Mine,Thursday,2,1093,878,215,19.67,High,labor_attendance,0.0,13.0,29.9,0.342,4.4,1.1,0.9,2.4,98.0,0.0,0.0,84.8,35
2025-02-28,dongri_buzurg,Dongri Buzurg Mine,Friday,2,1096,1056,40,3.65,Low,equipment_downtime,0.0,19.0,30.2,0.3,3.3,0.8,1.2,1.3,98.0,0.0,0.0,93.1,44
2025-03-01,dongri_buzurg,Dongri Buzurg Mine,Saturday,3,1090,996,94,8.62,Medium,equipment_downtime,0.0,17.5,31.4,0.283,4.4,1.4,1.6,1.4,98.0,0.0,0.0,95.6,40
2025-03-02,dongri_buzurg,Dongri Buzurg Mine,Sunday,3,1149,978,171,14.88,Medium,equipment_downtime,0.0,15.0,36.1,0.327,8.9,1.4,4.0,3.5,96.4,0.0,0.0,93.1,35
2025-03-03,dongri_buzurg,Dongri Buzurg Mine,Monday,3,1111,1061,50,4.5,Low,equipment_downtime,0.0,15.9,32.6,0.333,4.9,0.3,1.7,2.9,98.0,0.0,0.0,93.0,47
2025-03-04,dongri_buzurg,Dongri Buzurg Mine,Tuesday,3,1127,942,185,16.42,Medium,equipment_downtime,0.0,17.6,32.6,0.277,5.3,1.1,1.1,3.1,97.9,0.0,0.0,89.2,39
2025-03-05,dongri_buzurg,Dongri Buzurg Mine,Wednesday,3,1148,836,312,27.18,High,equipment_downtime,0.0,17.2,31.4,0.348,13.8,6.1,0.7,7.0,94.4,0.0,0.0,92.8,32
2025-03-06,dongri_buzurg,Dongri Buzurg Mine,Thursday,3,1107,844,263,23.76,High,equipment_downtime,0.0,14.5,29.4,0.315,12.3,9.9,1.0,1.4,95.0,0.0,0.0,93.1,34
2025-03-07,dongri_buzurg,Dongri Buzurg Mine,Friday,3,1142,1022,120,10.51,Medium,equipment_downtime,0.0,14.8,31.6,0.261,4.1,0.6,1.4,2.1,98.0,0.0,0.0,90.4,41
2025-03-08,dongri_buzurg,Dongri Buzurg Mine,Saturday,3,1143,1011,132,11.55,Medium,equipment_downtime,0.0,17.9,33.5,0.268,6.3,0.9,0.9,4.5,97.5,0.0,0.0,90.6,43
2025-03-09,dongri_buzurg,Dongri Buzurg Mine,Sunday,3,1115,838,277,24.84,High,equipment_downtime,0.0,15.5,30.2,0.287,12.6,6.0,0.3,6.3,94.9,0.0,0.0,90.5,38
2025-03-10,dongri_buzurg,Dongri Buzurg Mine,Monday,3,1165,610,555,47.64,High,equipment_downtime,0.0,15.9,31.1,0.247,20.4,4.7,0.6,15.1,91.8,2.9,0.0,90.3,23
2025-03-11,dongri_buzurg,Dongri Buzurg Mine,Tuesday,3,1136,1113,23,2.02,Low,equipment_downtime,0.0,17.0,30.0,0.199,2.4,0.9,0.4,1.1,98.0,0.0,0.0,90.9,44
2025-03-12,dongri_buzurg,Dongri Buzurg Mine,Wednesday,3,1108,1057,51,4.6,Low,equipment_downtime,0.0,14.9,34.1,0.303,3.8,0.3,0.9,2.6,98.0,0.0,0.0,87.1,42
2025-03-13,dongri_buzurg,Dongri Buzurg Mine,Thursday,3,1122,1030,92,8.2,Medium,equipment_downtime,0.0,18.9,32.7,0.278,3.6,1.5,1.0,1.1,98.0,0.0,0.0,90.1,41
2025-03-14,dongri_buzurg,Dongri Buzurg Mine,Friday,3,1105,901,204,18.46,High,equipment_downtime,0.0,16.6,31.9,0.252,4.6,1.3,1.7,1.6,98.0,0.9,0.0,94.7,35
2025-03-15,dongri_buzurg,Dongri Buzurg Mine,Saturday,3,1104,966,138,12.5,Medium,equipment_downtime,0.0,12.2,31.3,0.27,3.7,0.9,1.0,1.8,98.0,1.7,0.0,91.3,39
2025-03-16,dongri_buzurg,Dongri Buzurg Mine,Sunday,3,1110,1048,62,5.59,Low,equipment_downtime,0.0,17.1,30.9,0.351,4.6,0.3,0.9,3.4,98.0,0.0,0.0,91.8,44
2025-03-17,dongri_buzurg,Dongri Buzurg Mine,Monday,3,1079,956,123,11.4,Medium,equipment_downtime,0.0,19.6,31.5,0.27,6.3,0.3,1.6,4.4,97.5,0.0,0.0,89.2,36
2025-03-18,dongri_buzurg,Dongri Buzurg Mine,Tuesday,3,1127,1011,116,10.29,Medium,equipment_downtime,0.0,22.1,32.0,0.297,6.8,1.1,1.6,4.1,97.3,0.0,0.0,92.1,40
2025-03-19,dongri_buzurg,Dongri Buzurg Mine,Wednesday,3,1126,929,197,17.5,Medium,equipment_downtime,0.0,17.9,38.7,0.245,4.6,0.7,1.1,2.8,98.0,0.0,0.0,89.3,37
2025-03-20,dongri_buzurg,Dongri Buzurg Mine,Thursday,3,1109,891,218,19.66,High,equipment_downtime,0.0,13.3,37.7,0.242,9.1,1.0,1.8,6.3,96.3,0.0,0.0,91.2,35
2025-03-21,dongri_buzurg,Dongri Buzurg Mine,Friday,3,1152,1049,103,8.94,Medium,equipment_downtime,0.0,19.7,33.9,0.261,6.1,1.2,1.3,3.6,97.5,0.0,0.0,90.7,43
2025-03-22,dongri_buzurg,Dongri Buzurg Mine,Saturday,3,1120,1041,79,7.05,Medium,equipment_downtime,0.0,14.4,34.1,0.226,5.1,1.0,1.2,2.9,97.9,0.0,0.0,92.3,39
2025-03-23,dongri_buzurg,Dongri Buzurg Mine,Sunday,3,1110,1050,60,5.41,Low,equipment_downtime,0.0,18.2,35.5,0.242,4.2,1.3,1.6,1.3,98.0,0.0,0.0,93.2,42
2025-03-24,dongri_buzurg,Dongri Buzurg Mine,Monday,3,1121,520,601,53.61,High,equipment_downtime,0.0,21.2,32.8,0.235,29.3,20.8,1.1,7.4,88.2,0.0,0.0,98.6,22
2025-03-25,dongri_buzurg,Dongri Buzurg Mine,Tuesday,3,1151,910,241,20.94,High,equipment_downtime,0.0,16.8,37.2,0.216,7.2,0.9,2.7,3.6,97.1,0.0,0.0,88.2,35
2025-03-26,dongri_buzurg,Dongri Buzurg Mine,Wednesday,3,1126,444,682,60.57,High,equipment_downtime,0.0,15.6,36.7,0.215,29.5,7.0,3.3,19.2,88.1,1.8,0.0,92.1,18
2025-03-27,dongri_buzurg,Dongri Buzurg Mine,Thursday,3,1069,950,119,11.13,Medium,equipment_downtime,4.5,15.6,32.8,0.298,3.8,1.0,1.8,1.0,98.0,0.0,0.0,87.6,39
2025-03-28,dongri_buzurg,Dongri Buzurg Mine,Friday,3,1141,1031,110,9.64,Medium,equipment_downtime,0.0,16.1,34.3,0.28,4.9,0.9,1.1,2.9,98.0,0.0,0.0,93.8,40
2025-03-29,dongri_buzurg,Dongri Buzurg Mine,Saturday,3,1107,911,196,17.71,Medium,labor_attendance,0.0,14.2,31.6,0.214,5.2,1.2,0.9,3.1,97.9,0.0,0.0,82.8,37
2025-03-30,dongri_buzurg,Dongri Buzurg Mine,Sunday,3,1117,1058,59,5.28,Low,equipment_downtime,0.0,20.1,34.4,0.24,4.4,0.9,1.3,2.2,98.0,0.8,0.0,92.9,41
2025-03-31,dongri_buzurg,Dongri Buzurg Mine,Monday,3,1095,928,167,15.25,Medium,equipment_downtime,0.0,13.1,34.6,0.244,5.4,0.9,0.3,4.2,97.8,0.0,0.0,88.8,37
2025-04-01,dongri_buzurg,Dongri Buzurg Mine,Tuesday,4,1137,1108,29,2.55,Low,equipment_downtime,0.0,20.4,35.5,0.18,5.0,0.4,1.8,2.8,98.0,0.0,0.0,94.4,44
2025-04-02,dongri_buzurg,Dongri Buzurg Mine,Wednesday,4,1117,935,182,16.29,Medium,equipment_downtime,0.0,14.9,37.1,0.18,8.5,0.7,3.5,4.3,96.6,0.0,0.0,93.0,40
2025-04-03,dongri_buzurg,Dongri Buzurg Mine,Thursday,4,1112,1053,59,5.31,Low,equipment_downtime,0.0,11.8,36.6,0.18,5.6,1.4,0.5,3.7,97.7,0.0,0.0,93.8,44
2025-04-04,dongri_buzurg,Dongri Buzurg Mine,Friday,4,1083,950,133,12.28,Medium,equipment_downtime,0.0,13.0,34.3,0.18,5.6,1.1,1.9,2.6,97.7,0.0,0.0,90.3,39
2025-04-05,dongri_buzurg,Dongri Buzurg Mine,Saturday,4,1150,1011,139,12.09,Medium,equipment_downtime,0.0,18.0,35.1,0.184,7.2,4.0,0.3,2.9,97.1,0.0,0.0,85.7,39
2025-04-06,dongri_buzurg,Dongri Buzurg Mine,Sunday,4,1141,1025,116,10.17,Medium,equipment_downtime,0.0,16.3,34.2,0.212,6.1,1.3,0.8,4.0,97.5,0.0,0.0,91.8,43
2025-04-07,dongri_buzurg,Dongri Buzurg Mine,Monday,4,1157,979,178,15.38,Medium,equipment_downtime,0.0,16.9,35.8,0.27,6.6,1.0,3.7,1.9,97.3,0.0,0.0,93.2,38
2025-04-08,dongri_buzurg,Dongri Buzurg Mine,Tuesday,4,1167,987,180,15.42,Medium,equipment_downtime,5.3,18.0,36.8,0.186,6.2,1.4,0.9,3.9,97.5,0.0,0.0,93.2,35
2025-04-09,dongri_buzurg,Dongri Buzurg Mine,Wednesday,4,1160,815,345,29.74,High,equipment_downtime,0.0,14.3,42.0,0.204,17.0,3.5,0.7,12.8,93.2,0.0,0.0,88.6,29
2025-04-10,dongri_buzurg,Dongri Buzurg Mine,Thursday,4,1129,1043,86,7.62,Medium,equipment_downtime,0.0,14.6,38.8,0.18,2.7,0.2,0.4,2.1,98.0,0.0,0.0,94.6,40
2025-04-11,dongri_buzurg,Dongri Buzurg Mine,Friday,4,1124,1062,62,5.52,Low,equipment_downtime,0.0,17.6,34.4,0.227,3.0,0.6,1.3,1.1,98.0,0.0,0.0,92.1,43
2025-04-12,dongri_buzurg,Dongri Buzurg Mine,Saturday,4,1111,997,114,10.26,Medium,equipment_downtime,0.0,14.6,36.7,0.238,6.3,1.2,1.3,3.8,97.5,0.0,0.0,87.4,41
2025-04-13,dongri_buzurg,Dongri Buzurg Mine,Sunday,4,1145,988,157,13.71,Medium,equipment_downtime,0.0,17.9,36.9,0.18,4.3,0.6,1.7,2.0,98.0,0.0,0.0,98.1,40
2025-04-14,dongri_buzurg,Dongri Buzurg Mine,Monday,4,1144,776,368,32.17,High,equipment_downtime,22.4,21.1,35.8,0.198,15.3,5.4,6.3,3.6,93.8,0.0,0.0,85.9,35
2025-04-15,dongri_buzurg,Dongri Buzurg Mine,Tuesday,4,1162,904,258,22.2,High,equipment_downtime,0.0,15.0,36.6,0.227,9.0,1.1,5.7,2.2,96.4,1.5,0.0,88.7,35
2025-04-16,dongri_buzurg,Dongri Buzurg Mine,Wednesday,4,1087,993,94,8.65,Medium,equipment_downtime,0.0,14.9,39.8,0.247,5.8,0.6,1.2,4.0,97.7,0.0,0.0,90.4,42
2025-04-17,dongri_buzurg,Dongri Buzurg Mine,Thursday,4,1155,883,272,23.55,High,equipment_downtime,0.0,16.5,40.2,0.18,8.9,1.9,1.5,5.5,96.4,2.7,0.0,99.0,35
2025-04-18,dongri_buzurg,Dongri Buzurg Mine,Friday,4,1133,1046,87,7.68,Medium,equipment_downtime,0.0,10.3,36.5,0.18,5.7,2.3,0.6,2.8,97.7,0.0,0.0,90.7,40
2025-04-19,dongri_buzurg,Dongri Buzurg Mine,Saturday,4,1125,936,189,16.8,Medium,equipment_downtime,0.0,19.4,36.7,0.196,5.8,1.3,2.0,2.5,97.7,1.9,0.0,90.0,36
2025-04-20,dongri_buzurg,Dongri Buzurg Mine,Sunday,4,1120,1028,92,8.21,Medium,equipment_downtime,0.0,12.9,37.1,0.183,3.7,0.3,0.2,3.2,98.0,0.0,0.0,90.5,43
2025-04-21,dongri_buzurg,Dongri Buzurg Mine,Monday,4,1172,1037,135,11.52,Medium,equipment_downtime,0.0,18.4,39.1,0.246,5.0,0.4,1.6,3.0,98.0,0.0,0.0,93.5,43
2025-04-22,dongri_buzurg,Dongri Buzurg Mine,Tuesday,4,1171,1060,111,9.48,Medium,equipment_downtime,0.0,15.0,35.7,0.183,4.9,0.8,1.5,2.6,98.0,0.5,0.0,91.3,43
2025-04-23,dongri_buzurg,Dongri Buzurg Mine,Wednesday,4,1105,1006,99,8.96,Medium,equipment_downtime,0.0,19.2,39.3,0.19,5.4,0.3,1.1,4.0,97.8,0.0,0.0,89.1,40
2025-04-24,dongri_buzurg,Dongri Buzurg Mine,Thursday,4,1124,902,222,19.75,High,equipment_downtime,0.0,15.6,38.7,0.18,7.8,1.8,1.0,5.0,96.9,0.0,0.0,94.6,38
2025-04-25,dongri_buzurg,Dongri Buzurg Mine,Friday,4,1164,1045,119,10.22,Medium,equipment_downtime,0.0,13.6,38.8,0.245,5.7,0.6,1.5,3.6,97.7,0.0,0.0,98.3,39
2025-04-26,dongri_buzurg,Dongri Buzurg Mine,Saturday,4,1123,948,175,15.58,Medium,equipment_downtime,0.0,18.5,35.1,0.183,4.4,0.2,1.6,2.6,98.0,0.0,0.0,93.7,40
2025-04-27,dongri_buzurg,Dongri Buzurg Mine,Sunday,4,1169,750,419,35.84,High,equipment_downtime,0.0,16.7,36.3,0.187,19.4,11.0,0.8,7.6,92.2,0.0,0.0,96.0,32
2025-04-28,dongri_buzurg,Dongri Buzurg Mine,Monday,4,1137,869,268,23.57,High,labor_attendance,0.0,16.6,37.9,0.18,5.3,0.5,1.2,3.6,97.9,1.6,0.0,83.2,37
2025-04-29,dongri_buzurg,Dongri Buzurg Mine,Tuesday,4,1144,1013,131,11.45,Medium,equipment_downtime,0.0,18.1,35.7,0.188,3.7,0.9,1.7,1.1,98.0,0.0,0.0,92.7,42
2025-04-30,dongri_buzurg,Dongri Buzurg Mine,Wednesday,4,1124,1031,93,8.27,Medium,equipment_downtime,0.0,11.1,36.3,0.257,4.8,0.4,1.7,2.7,98.0,0.0,0.0,92.7,46
2025-05-01,dongri_buzurg,Dongri Buzurg Mine,Thursday,5,1129,992,137,12.13,Medium,equipment_downtime,0.0,14.5,38.3,0.18,6.0,1.4,1.9,2.7,97.6,0.0,0.0,91.8,40
2025-05-02,dongri_buzurg,Dongri Buzurg Mine,Friday,5,1117,778,339,30.35,High,equipment_downtime,0.0,13.7,37.2,0.18,15.7,8.9,1.1,5.7,93.7,0.0,0.0,96.2,28
2025-05-03,dongri_buzurg,Dongri Buzurg Mine,Saturday,5,1116,974,142,12.72,Medium,equipment_downtime,0.0,20.4,41.2,0.196,6.4,1.0,1.4,4.0,97.4,0.0,0.0,93.2,38
2025-05-04,dongri_buzurg,Dongri Buzurg Mine,Sunday,5,1124,973,151,13.43,Medium,equipment_downtime,0.0,18.4,41.5,0.212,3.1,0.3,1.1,1.7,98.0,1.5,0.0,91.2,39
2025-05-05,dongri_buzurg,Dongri Buzurg Mine,Monday,5,1100,969,131,11.91,Medium,equipment_downtime,0.0,15.6,38.6,0.222,3.8,0.5,1.1,2.2,98.0,0.0,0.0,89.9,34
2025-05-06,dongri_buzurg,Dongri Buzurg Mine,Tuesday,5,1096,965,131,11.95,Medium,equipment_downtime,0.0,15.1,40.6,0.232,5.2,1.0,1.7,2.5,97.9,0.0,0.0,99.0,37
2025-05-07,dongri_buzurg,Dongri Buzurg Mine,Wednesday,5,1114,988,126,11.31,Medium,equipment_downtime,0.0,16.2,36.9,0.18,5.3,0.5,1.9,2.9,97.9,0.0,0.0,91.6,38
2025-05-08,dongri_buzurg,Dongri Buzurg Mine,Thursday,5,1123,1075,48,4.27,Low,equipment_downtime,0.0,13.7,39.6,0.218,3.8,0.2,1.3,2.3,98.0,0.0,0.0,94.2,46
2025-05-09,dongri_buzurg,Dongri Buzurg Mine,Friday,5,1117,1006,111,9.94,Medium,equipment_downtime,0.0,21.0,38.9,0.2,4.8,1.5,0.8,2.5,98.0,0.0,0.0,91.6,40
2025-05-10,dongri_buzurg,Dongri Buzurg Mine,Saturday,5,1159,1103,56,4.83,Low,equipment_downtime,0.0,21.1,39.3,0.18,3.5,0.2,2.0,1.3,98.0,0.0,0.0,91.2,48
2025-05-11,dongri_buzurg,Dongri Buzurg Mine,Sunday,5,1140,1028,112,9.82,Medium,equipment_downtime,0.0,13.3,43.7,0.237,5.2,0.7,0.7,3.8,97.9,0.0,0.0,92.9,39
2025-05-12,dongri_buzurg,Dongri Buzurg Mine,Monday,5,1084,926,158,14.58,Medium,equipment_downtime,0.0,16.9,40.7,0.197,3.1,0.4,0.9,1.8,98.0,0.0,0.0,89.0,39
2025-05-13,dongri_buzurg,Dongri Buzurg Mine,Tuesday,5,1145,963,182,15.9,Medium,equipment_downtime,6.4,18.5,40.2,0.239,4.4,0.8,0.3,3.3,98.0,0.0,0.0,87.3,44
2025-05-14,dongri_buzurg,Dongri Buzurg Mine,Wednesday,5,1135,982,153,13.48,Medium,equipment_downtime,0.0,14.4,40.7,0.18,6.8,1.0,1.7,4.1,97.3,0.0,0.0,95.2,37
2025-05-15,dongri_buzurg,Dongri Buzurg Mine,Thursday,5,1121,974,147,13.11,Medium,equipment_downtime,0.0,15.1,39.1,0.251,5.9,1.0,0.7,4.2,97.6,0.0,0.0,94.3,38
2025-05-16,dongri_buzurg,Dongri Buzurg Mine,Friday,5,1150,1159,0,0.0,Low,nominal_operations,0.0,15.5,39.8,0.243,3.1,0.5,1.0,1.6,98.0,0.0,0.0,89.9,46
2025-05-17,dongri_buzurg,Dongri Buzurg Mine,Saturday,5,1116,950,166,14.87,Medium,equipment_downtime,0.0,17.6,38.4,0.196,6.1,1.3,2.1,2.7,97.5,0.0,0.0,91.5,37
2025-05-18,dongri_buzurg,Dongri Buzurg Mine,Sunday,5,1092,936,156,14.29,Medium,equipment_downtime,0.0,20.3,39.3,0.18,5.5,0.3,1.9,3.3,97.8,0.0,0.0,95.7,38
2025-05-19,dongri_buzurg,Dongri Buzurg Mine,Monday,5,1127,1068,59,5.24,Low,equipment_downtime,0.0,15.7,42.1,0.259,4.1,1.1,0.4,2.6,98.0,0.0,0.0,93.8,45
2025-05-20,dongri_buzurg,Dongri Buzurg Mine,Tuesday,5,1129,928,201,17.8,Medium,equipment_downtime,0.0,16.8,38.3,0.225,6.8,0.3,5.2,1.3,97.3,0.4,0.0,88.9,35
2025-05-21,dongri_buzurg,Dongri Buzurg Mine,Wednesday,5,1095,939,156,14.25,Medium,equipment_downtime,0.0,18.6,39.9,0.193,6.4,0.6,1.9,3.9,97.4,0.0,0.0,88.8,41
2025-05-22,dongri_buzurg,Dongri Buzurg Mine,Thursday,5,1109,603,506,45.63,High,equipment_downtime,0.0,18.5,40.8,0.282,25.5,1.2,22.8,1.5,89.7,0.0,0.0,89.3,23
2025-05-23,dongri_buzurg,Dongri Buzurg Mine,Friday,5,1138,1123,15,1.32,Low,nominal_operations,0.0,18.1,40.8,0.193,4.3,1.2,0.6,2.5,98.0,0.0,0.0,90.7,46
2025-05-24,dongri_buzurg,Dongri Buzurg Mine,Saturday,5,1111,946,165,14.85,Medium,equipment_downtime,0.3,15.8,40.6,0.259,5.9,1.0,2.0,2.9,97.6,0.0,0.0,90.0,39
2025-05-25,dongri_buzurg,Dongri Buzurg Mine,Sunday,5,1134,1111,23,2.03,Low,equipment_downtime,0.0,15.5,42.4,0.181,5.2,0.3,1.0,3.9,97.9,0.0,0.0,93.7,46
2025-05-26,dongri_buzurg,Dongri Buzurg Mine,Monday,5,1139,948,191,16.77,Medium,equipment_downtime,0.0,20.0,39.5,0.216,8.5,1.3,0.7,6.5,96.6,0.0,0.0,99.0,42
2025-05-27,dongri_buzurg,Dongri Buzurg Mine,Tuesday,5,1078,1029,49,4.55,Low,equipment_downtime,0.0,17.3,38.2,0.249,4.2,0.4,0.6,3.2,98.0,0.0,0.0,88.3,43
2025-05-28,dongri_buzurg,Dongri Buzurg Mine,Wednesday,5,1088,1009,79,7.26,Medium,equipment_downtime,0.0,19.0,40.5,0.199,2.2,0.5,0.5,1.2,98.0,0.0,0.0,91.5,40
2025-05-29,dongri_buzurg,Dongri Buzurg Mine,Thursday,5,1127,939,188,16.68,Medium,equipment_downtime,0.0,23.3,39.6,0.24,3.3,0.2,0.6,2.5,98.0,1.6,0.0,88.3,33
2025-05-30,dongri_buzurg,Dongri Buzurg Mine,Friday,5,1108,935,173,15.61,Medium,equipment_downtime,0.0,20.0,44.8,0.265,6.4,0.3,2.0,4.1,97.4,0.0,0.0,94.7,37
2025-05-31,dongri_buzurg,Dongri Buzurg Mine,Saturday,5,1138,1055,83,7.29,Medium,equipment_downtime,0.0,20.1,40.0,0.24,6.9,1.2,2.0,3.7,97.2,0.0,0.0,93.5,41
2025-06-01,dongri_buzurg,Dongri Buzurg Mine,Sunday,6,1055,943,112,10.62,Medium,equipment_downtime,6.3,23.0,39.0,0.231,3.0,0.5,1.3,1.2,98.0,0.0,0.0,99.0,36
2025-06-02,dongri_buzurg,Dongri Buzurg Mine,Monday,6,1109,960,149,13.44,Medium,equipment_downtime,0.7,23.4,35.0,0.195,4.6,0.6,0.8,3.2,98.0,0.0,0.0,89.2,37
2025-06-03,dongri_buzurg,Dongri Buzurg Mine,Tuesday,6,1105,956,149,13.48,Medium,equipment_downtime,21.4,26.1,34.8,0.274,2.9,1.2,0.6,1.1,98.0,0.0,0.0,88.2,39
2025-06-04,dongri_buzurg,Dongri Buzurg Mine,Wednesday,6,1093,827,266,24.34,High,labor_attendance,4.9,23.8,40.1,0.235,5.9,1.4,1.6,2.9,97.6,0.0,0.0,81.6,34
2025-06-05,dongri_buzurg,Dongri Buzurg Mine,Thursday,6,1101,858,243,22.07,High,weather_stoppage,25.4,29.7,35.9,0.205,4.1,0.4,1.2,2.5,98.0,0.0,2.8,92.2,35
2025-06-06,dongri_buzurg,Dongri Buzurg Mine,Friday,6,1108,1038,70,6.32,Medium,equipment_downtime,4.1,23.3,40.4,0.243,4.9,1.0,1.0,2.9,98.0,0.0,0.0,94.4,46
2025-06-07,dongri_buzurg,Dongri Buzurg Mine,Saturday,6,1108,994,114,10.29,Medium,equipment_downtime,1.5,25.0,37.2,0.313,7.3,2.9,0.8,3.6,97.1,0.0,0.0,99.0,42
2025-06-08,dongri_buzurg,Dongri Buzurg Mine,Sunday,6,1145,1010,135,11.79,Medium,equipment_downtime,4.3,20.4,41.6,0.256,4.7,0.3,0.6,3.8,98.0,0.0,0.0,95.0,44
2025-06-09,dongri_buzurg,Dongri Buzurg Mine,Monday,6,1057,157,900,85.15,High,weather_stoppage,77.5,41.4,27.5,0.257,9.1,6.7,1.2,1.2,96.3,0.0,10.3,91.3,6
2025-06-10,dongri_buzurg,Dongri Buzurg Mine,Tuesday,6,1105,1057,48,4.34,Low,equipment_downtime,1.6,22.4,37.2,0.277,2.4,0.2,1.0,1.2,98.0,0.0,0.0,97.0,43
2025-06-11,dongri_buzurg,Dongri Buzurg Mine,Wednesday,6,1069,1041,28,2.62,Low,equipment_downtime,2.9,25.6,38.8,0.26,2.7,0.2,1.0,1.5,98.0,0.0,0.0,92.7,42
2025-06-12,dongri_buzurg,Dongri Buzurg Mine,Thursday,6,1060,678,382,36.04,High,weather_stoppage,29.6,32.0,38.4,0.302,6.5,0.3,1.9,4.3,97.4,0.0,3.9,94.3,26
2025-06-13,dongri_buzurg,Dongri Buzurg Mine,Friday,6,1100,907,193,17.55,Medium,equipment_downtime,3.0,25.0,39.8,0.278,10.8,4.4,1.5,4.9,95.7,0.0,0.0,88.5,36
2025-06-14,dongri_buzurg,Dongri Buzurg Mine,Saturday,6,1075,969,106,9.86,Medium,equipment_downtime,2.9,27.1,39.5,0.212,4.4,0.7,2.0,1.7,98.0,0.0,0.0,91.1,34
2025-06-15,dongri_buzurg,Dongri Buzurg Mine,Sunday,6,1104,823,281,25.45,High,equipment_downtime,0.5,28.1,36.7,0.256,16.2,1.3,5.1,9.8,93.5,0.0,0.0,94.0,36
2025-06-16,dongri_buzurg,Dongri Buzurg Mine,Monday,6,1122,810,312,27.81,High,weather_stoppage,25.6,36.6,34.7,0.251,4.4,0.5,0.4,3.5,98.0,0.0,2.9,91.9,31
2025-06-17,dongri_buzurg,Dongri Buzurg Mine,Tuesday,6,1065,995,70,6.57,Medium,equipment_downtime,0.9,26.5,40.7,0.358,4.8,0.6,1.9,2.3,98.0,0.0,0.0,94.4,43
2025-06-18,dongri_buzurg,Dongri Buzurg Mine,Wednesday,6,1084,994,90,8.3,Medium,equipment_downtime,3.9,24.6,37.6,0.318,4.0,1.0,0.7,2.3,98.0,0.0,0.0,93.7,38
2025-06-19,dongri_buzurg,Dongri Buzurg Mine,Thursday,6,1096,157,939,85.68,High,weather_stoppage,100.9,54.5,28.8,0.291,9.2,5.4,0.4,3.4,96.3,0.0,12.0,92.7,5
2025-06-20,dongri_buzurg,Dongri Buzurg Mine,Friday,6,1090,598,492,45.14,High,equipment_downtime,14.6,30.2,36.4,0.282,26.2,8.2,0.5,17.5,89.5,0.0,0.0,91.1,23
2025-06-21,dongri_buzurg,Dongri Buzurg Mine,Saturday,6,1073,750,323,30.1,High,equipment_downtime,1.6,29.9,37.6,0.249,15.8,0.6,13.0,2.2,93.6,0.0,0.0,92.8,31
2025-06-22,dongri_buzurg,Dongri Buzurg Mine,Sunday,6,1125,1003,122,10.84,Medium,equipment_downtime,23.1,36.3,32.9,0.307,8.4,4.8,0.6,3.0,96.6,0.6,0.0,98.0,41
2025-06-23,dongri_buzurg,Dongri Buzurg Mine,Monday,6,1055,857,198,18.77,High,equipment_downtime,1.1,29.2,38.6,0.277,6.0,1.2,1.8,3.0,97.6,0.0,0.0,90.7,35
2025-06-24,dongri_buzurg,Dongri Buzurg Mine,Tuesday,6,1104,869,235,21.29,High,equipment_downtime,13.9,28.7,38.8,0.311,13.4,5.7,0.5,7.2,94.6,0.0,0.0,96.7,38
2025-06-25,dongri_buzurg,Dongri Buzurg Mine,Wednesday,6,1074,974,100,9.31,Medium,equipment_downtime,1.8,29.3,39.1,0.352,4.5,1.1,1.9,1.5,98.0,0.0,0.0,93.6,39
2025-06-26,dongri_buzurg,Dongri Buzurg Mine,Thursday,6,1057,157,900,85.15,High,weather_stoppage,115.2,57.9,24.8,0.318,10.3,5.0,2.0,3.3,95.9,0.0,12.0,95.0,10
2025-06-27,dongri_buzurg,Dongri Buzurg Mine,Friday,6,1092,1048,44,4.03,Low,equipment_downtime,1.6,31.1,37.5,0.266,3.5,1.0,1.1,1.4,98.0,0.0,0.0,91.6,41
2025-06-28,dongri_buzurg,Dongri Buzurg Mine,Saturday,6,1105,1003,102,9.23,Medium,equipment_downtime,9.5,34.2,41.8,0.361,3.5,0.7,0.6,2.2,98.0,0.0,0.0,93.8,36
2025-06-29,dongri_buzurg,Dongri Buzurg Mine,Sunday,6,1099,717,382,34.76,High,weather_stoppage,28.9,35.8,35.4,0.276,5.8,0.7,0.7,4.4,97.7,0.0,3.0,99.0,29
2025-06-30,dongri_buzurg,Dongri Buzurg Mine,Monday,6,1080,821,259,23.98,High,equipment_downtime,2.5,31.9,37.8,0.3,14.4,5.9,0.8,7.7,94.2,0.0,0.0,95.2,33
2025-07-01,dongri_buzurg,Dongri Buzurg Mine,Tuesday,7,1043,900,143,13.71,Medium,equipment_downtime,11.1,37.2,35.0,0.353,4.7,0.4,0.8,3.5,98.0,0.2,0.0,88.9,37
2025-07-02,dongri_buzurg,Dongri Buzurg Mine,Wednesday,7,1045,931,114,10.91,Medium,equipment_downtime,3.7,30.9,39.6,0.344,4.9,1.4,1.1,2.4,98.0,0.0,0.0,99.0,40
2025-07-03,dongri_buzurg,Dongri Buzurg Mine,Thursday,7,1033,913,120,11.62,Medium,equipment_downtime,8.1,36.2,34.4,0.335,7.4,0.9,4.6,1.9,97.0,0.0,0.0,89.4,34
2025-07-04,dongri_buzurg,Dongri Buzurg Mine,Friday,7,1057,943,114,10.79,Medium,equipment_downtime,2.1,34.7,39.6,0.339,5.1,1.2,0.4,3.5,97.9,0.0,0.0,93.4,38
2025-07-05,dongri_buzurg,Dongri Buzurg Mine,Saturday,7,1037,706,331,31.92,High,weather_stoppage,29.6,40.5,39.3,0.361,4.2,1.1,0.6,2.5,98.0,0.0,2.5,87.0,29
2025-07-06,dongri_buzurg,Dongri Buzurg Mine,Sunday,7,1012,910,102,10.08,Medium,equipment_downtime,0.2,34.6,36.7,0.343,4.3,0.7,1.8,1.8,98.0,0.0,0.0,96.0,35
2025-07-07,dongri_buzurg,Dongri Buzurg Mine,Monday,7,1013,911,102,10.07,Medium,equipment_downtime,4.7,33.1,39.6,0.311,3.7,0.6,0.5,2.6,98.0,0.0,0.0,93.8,37
2025-07-08,dongri_buzurg,Dongri Buzurg Mine,Tuesday,7,1047,839,208,19.87,High,equipment_downtime,2.1,35.2,35.5,0.326,8.6,0.7,5.5,2.4,96.5,1.4,0.0,94.1,36
2025-07-09,dongri_buzurg,Dongri Buzurg Mine,Wednesday,7,1094,1005,89,8.14,Medium,equipment_downtime,1.4,29.3,37.4,0.401,4.4,1.4,1.5,1.5,98.0,0.0,0.0,91.6,38
2025-07-10,dongri_buzurg,Dongri Buzurg Mine,Thursday,7,1073,612,461,42.96,High,equipment_downtime,1.8,33.2,39.3,0.388,24.2,9.8,1.4,13.0,90.3,0.0,0.0,93.6,25
2025-07-11,dongri_buzurg,Dongri Buzurg Mine,Friday,7,1071,1007,64,5.98,Low,equipment_downtime,10.5,34.9,32.4,0.328,4.0,0.5,1.5,2.0,98.0,0.0,0.0,95.6,38
2025-07-12,dongri_buzurg,Dongri Buzurg Mine,Saturday,7,1035,845,190,18.36,High,equipment_downtime,5.9,34.8,36.1,0.346,5.3,0.9,0.8,3.6,97.9,0.0,0.0,90.2,31
2025-07-13,dongri_buzurg,Dongri Buzurg Mine,Sunday,7,1046,769,277,26.48,High,equipment_downtime,9.2,40.2,40.1,0.355,9.5,3.1,1.7,4.7,96.2,0.0,0.0,90.5,30
2025-07-14,dongri_buzurg,Dongri Buzurg Mine,Monday,7,1056,758,298,28.22,High,equipment_downtime,23.6,45.1,34.7,0.379,10.1,0.5,6.9,2.7,95.9,0.0,0.0,92.7,30
2025-07-15,dongri_buzurg,Dongri Buzurg Mine,Tuesday,7,1079,887,192,17.79,Medium,equipment_downtime,0.5,35.7,38.2,0.364,4.6,0.3,1.8,2.5,98.0,2.6,0.0,90.3,35
2025-07-16,dongri_buzurg,Dongri Buzurg Mine,Wednesday,7,1062,1034,28,2.64,Low,equipment_downtime,3.1,34.5,37.4,0.366,4.3,1.3,0.8,2.2,98.0,0.0,0.0,94.6,42
2025-07-17,dongri_buzurg,Dongri Buzurg Mine,Thursday,7,1084,380,704,64.94,High,equipment_downtime,2.5,35.9,37.6,0.398,36.0,20.8,1.3,13.9,85.5,0.0,0.0,90.8,16
2025-07-18,dongri_buzurg,Dongri Buzurg Mine,Friday,7,1068,920,148,13.86,Medium,equipment_downtime,0.7,34.9,34.9,0.37,4.8,1.4,1.8,1.6,98.0,0.0,0.0,90.6,38
2025-07-19,dongri_buzurg,Dongri Buzurg Mine,Saturday,7,1057,866,191,18.07,High,equipment_downtime,6.8,33.0,37.3,0.376,10.7,3.6,1.4,5.7,95.7,0.0,0.0,93.2,34
2025-07-20,dongri_buzurg,Dongri Buzurg Mine,Sunday,7,1088,954,134,12.32,Medium,equipment_downtime,2.5,36.7,39.1,0.352,5.0,1.3,1.0,2.7,98.0,0.0,0.0,91.2,37
2025-07-21,dongri_buzurg,Dongri Buzurg Mine,Monday,7,1039,932,107,10.3,Medium,equipment_downtime,11.9,40.6,37.0,0.381,4.5,0.4,0.6,3.5,98.0,0.0,0.0,93.9,37
2025-07-22,dongri_buzurg,Dongri Buzurg Mine,Tuesday,7,1062,945,117,11.02,Medium,equipment_downtime,6.3,35.4,35.2,0.317,5.0,1.0,0.5,3.5,98.0,0.0,0.0,94.6,38
2025-07-23,dongri_buzurg,Dongri Buzurg Mine,Wednesday,7,1068,963,105,9.83,Medium,equipment_downtime,2.4,38.7,34.4,0.44,5.2,0.3,1.4,3.5,97.9,0.0,0.0,97.7,38
2025-07-24,dongri_buzurg,Dongri Buzurg Mine,Thursday,7,1041,977,64,6.15,Medium,equipment_downtime,2.6,35.8,37.5,0.403,4.0,0.9,1.3,1.8,98.0,0.0,0.0,92.4,39
2025-07-25,dongri_buzurg,Dongri Buzurg Mine,Friday,7,1025,773,252,24.59,High,weather_stoppage,26.1,43.7,33.9,0.378,5.1,1.5,0.6,3.0,97.9,0.0,2.3,92.1,28
2025-07-26,dongri_buzurg,Dongri Buzurg Mine,Saturday,7,1065,927,138,12.96,Medium,equipment_downtime,3.2,39.9,36.8,0.325,5.6,1.2,0.4,4.0,97.7,0.0,0.0,92.7,35
2025-07-27,dongri_buzurg,Dongri Buzurg Mine,Sunday,7,1021,824,197,19.29,High,equipment_downtime,1.2,36.1,36.3,0.372,10.1,1.9,0.7,7.5,95.9,0.0,0.0,94.2,28
2025-07-28,dongri_buzurg,Dongri Buzurg Mine,Monday,7,1059,854,205,19.36,High,equipment_downtime,22.3,43.5,32.1,0.406,7.2,1.5,3.6,2.1,97.1,0.0,0.0,90.9,38
2025-07-29,dongri_buzurg,Dongri Buzurg Mine,Tuesday,7,1009,616,393,38.95,High,equipment_downtime,1.5,39.6,36.3,0.413,16.9,9.4,0.7,6.8,93.2,0.0,0.0,93.2,24
2025-07-30,dongri_buzurg,Dongri Buzurg Mine,Wednesday,7,1043,920,123,11.79,Medium,equipment_downtime,0.0,35.9,35.4,0.424,5.6,0.5,1.5,3.6,97.7,0.0,0.0,89.8,36
2025-07-31,dongri_buzurg,Dongri Buzurg Mine,Thursday,7,1058,977,81,7.66,Medium,equipment_downtime,2.0,37.8,32.4,0.434,6.1,1.2,2.6,2.3,97.5,0.0,0.0,94.2,36
2025-08-01,dongri_buzurg,Dongri Buzurg Mine,Friday,8,1023,853,170,16.62,Medium,equipment_downtime,2.9,33.6,36.6,0.446,9.5,1.8,1.2,6.5,96.2,0.0,0.0,94.3,36
2025-08-02,dongri_buzurg,Dongri Buzurg Mine,Saturday,8,986,838,148,15.01,Medium,equipment_downtime,3.6,37.3,34.4,0.407,7.2,1.1,1.8,4.3,97.1,0.0,0.0,93.2,35
2025-08-03,dongri_buzurg,Dongri Buzurg Mine,Sunday,8,1041,972,69,6.63,Medium,equipment_downtime,3.3,38.6,30.0,0.427,5.2,1.0,1.8,2.4,97.9,0.0,0.0,92.7,35
2025-08-04,dongri_buzurg,Dongri Buzurg Mine,Monday,8,1038,694,344,33.14,High,equipment_downtime,4.4,38.2,38.3,0.401,19.7,6.7,4.7,8.3,92.1,0.0,0.0,95.0,30
2025-08-05,dongri_buzurg,Dongri Buzurg Mine,Tuesday,8,976,718,258,26.43,High,equipment_downtime,23.8,41.4,32.5,0.431,5.4,0.7,1.3,3.4,97.8,2.6,0.0,93.0,32
2025-08-06,dongri_buzurg,Dongri Buzurg Mine,Wednesday,8,1037,905,132,12.73,Medium,equipment_downtime,1.5,39.3,31.7,0.461,4.1,1.1,1.9,1.1,98.0,0.0,0.0,94.5,36
2025-08-07,dongri_buzurg,Dongri Buzurg Mine,Thursday,8,1024,926,98,9.57,Medium,equipment_downtime,0.8,34.8,34.2,0.42,6.5,0.9,1.9,3.7,97.4,0.0,0.0,95.2,35
2025-08-08,dongri_buzurg,Dongri Buzurg Mine,Friday,8,994,218,776,78.07,High,weather_stoppage,43.9,51.0,26.7,0.423,7.9,3.7,1.7,2.5,96.8,0.0,6.3,93.8,8
2025-08-09,dongri_buzurg,Dongri Buzurg Mine,Saturday,8,983,727,256,26.04,High,equipment_downtime,6.5,43.5,31.8,0.482,4.7,1.3,1.3,2.1,98.0,0.0,0.0,87.4,29
2025-08-10,dongri_buzurg,Dongri Buzurg Mine,Sunday,8,1031,855,176,17.07,Medium,equipment_downtime,10.1,39.1,33.5,0.476,4.5,0.8,1.6,2.1,98.0,0.0,0.0,96.1,32
2025-08-11,dongri_buzurg,Dongri Buzurg Mine,Monday,8,998,877,121,12.12,Medium,equipment_downtime,3.1,38.9,38.7,0.45,5.0,0.7,0.4,3.9,98.0,0.0,0.0,87.5,30
2025-08-12,dongri_buzurg,Dongri Buzurg Mine,Tuesday,8,1023,928,95,9.29,Medium,equipment_downtime,4.8,38.7,35.0,0.484,2.9,0.3,0.8,1.8,98.0,0.0,0.0,93.0,39
2025-08-13,dongri_buzurg,Dongri Buzurg Mine,Wednesday,8,1005,928,77,7.66,Medium,equipment_downtime,1.2,40.6,34.2,0.534,2.2,0.8,0.2,1.2,98.0,0.0,0.0,95.0,36
2025-08-14,dongri_buzurg,Dongri Buzurg Mine,Thursday,8,1042,398,644,61.8,High,weather_stoppage,49.4,50.2,27.0,0.481,9.1,4.8,0.5,3.8,96.3,0.0,5.5,93.1,14
2025-08-15,dongri_buzurg,Dongri Buzurg Mine,Friday,8,1017,920,97,9.54,Medium,equipment_downtime,9.8,40.2,32.2,0.401,4.3,0.6,0.7,3.0,98.0,0.0,0.0,93.9,38
2025-08-16,dongri_buzurg,Dongri Buzurg Mine,Saturday,8,1006,931,75,7.46,Medium,equipment_downtime,2.8,37.0,34.3,0.453,7.1,1.2,1.5,4.4,97.1,0.0,0.0,94.0,43
2025-08-17,dongri_buzurg,Dongri Buzurg Mine,Sunday,8,1020,914,106,10.39,Medium,equipment_downtime,5.6,39.0,31.8,0.399,5.1,0.5,1.7,2.9,97.9,0.0,0.0,95.7,35
2025-08-18,dongri_buzurg,Dongri Buzurg Mine,Monday,8,1006,700,306,30.42,High,equipment_downtime,2.7,39.0,30.5,0.503,15.0,1.3,0.3,13.4,94.0,0.0,0.0,94.9,28
2025-08-19,dongri_buzurg,Dongri Buzurg Mine,Tuesday,8,1014,157,857,84.52,High,equipment_downtime,53.1,52.1,29.6,0.473,37.1,28.4,0.5,8.2,85.1,0.2,7.0,96.7,5
2025-08-20,dongri_buzurg,Dongri Buzurg Mine,Wednesday,8,1046,659,387,37.0,High,weather_stoppage,28.5,45.0,31.2,0.545,5.3,0.8,1.4,3.1,97.9,0.0,3.0,89.0,27
2025-08-21,dongri_buzurg,Dongri Buzurg Mine,Thursday,8,1016,741,275,27.07,High,weather_stoppage,25.0,47.9,29.2,0.47,6.0,1.1,1.6,3.3,97.6,0.0,0.0,96.7,32
2025-08-22,dongri_buzurg,Dongri Buzurg Mine,Friday,8,1041,843,198,19.02,High,labor_attendance,1.8,33.9,33.6,0.497,3.9,0.8,0.8,2.3,98.0,0.0,0.0,84.5,35
2025-08-23,dongri_buzurg,Dongri Buzurg Mine,Saturday,8,1014,896,118,11.64,Medium,equipment_downtime,0.4,34.7,33.5,0.521,5.4,1.4,1.9,2.1,97.8,0.0,0.0,98.9,33
2025-08-24,dongri_buzurg,Dongri Buzurg Mine,Sunday,8,1009,892,117,11.6,Medium,equipment_downtime,1.8,40.8,32.7,0.447,4.4,1.5,1.2,1.7,98.0,0.0,0.0,92.4,35
2025-08-25,dongri_buzurg,Dongri Buzurg Mine,Monday,8,990,157,833,84.14,High,weather_stoppage,62.6,54.2,25.6,0.595,6.0,4.0,1.0,1.0,97.6,0.0,8.4,94.8,8
2025-08-26,dongri_buzurg,Dongri Buzurg Mine,Tuesday,8,1000,811,189,18.9,High,equipment_downtime,1.7,35.9,30.6,0.547,13.7,1.2,8.7,3.8,94.5,0.0,0.0,94.1,29
2025-08-27,dongri_buzurg,Dongri Buzurg Mine,Wednesday,8,1030,157,873,84.76,High,weather_stoppage,56.9,52.7,23.1,0.487,11.1,6.1,1.5,3.5,95.5,0.0,7.5,89.6,5
2025-08-28,dongri_buzurg,Dongri Buzurg Mine,Thursday,8,997,755,242,24.27,High,equipment_downtime,1.8,40.1,30.8,0.501,10.5,0.6,6.6,3.3,95.8,0.0,0.0,95.7,33
2025-08-29,dongri_buzurg,Dongri Buzurg Mine,Friday,8,1042,647,395,37.91,High,weather_stoppage,26.4,44.7,27.6,0.544,6.3,1.1,1.6,3.6,97.5,0.6,2.6,97.7,28
2025-08-30,dongri_buzurg,Dongri Buzurg Mine,Saturday,8,1015,823,192,18.92,High,equipment_downtime,3.1,40.5,31.6,0.573,5.5,0.5,1.0,4.0,97.8,0.0,0.0,90.4,29
2025-08-31,dongri_buzurg,Dongri Buzurg Mine,Sunday,8,1051,829,222,21.12,High,equipment_downtime,24.7,42.4,30.0,0.472,5.4,0.9,1.5,3.0,97.8,0.0,0.0,93.6,37
2025-09-01,dongri_buzurg,Dongri Buzurg Mine,Monday,9,1004,770,234,23.31,High,equipment_downtime,4.8,41.6,31.4,0.558,3.8,0.4,1.8,1.6,98.0,0.0,0.0,86.7,28
2025-09-02,dongri_buzurg,Dongri Buzurg Mine,Tuesday,9,987,782,205,20.77,High,equipment_downtime,13.8,43.1,26.6,0.557,4.6,0.6,1.9,2.1,98.0,0.0,0.0,90.0,34
2025-09-03,dongri_buzurg,Dongri Buzurg Mine,Wednesday,9,972,784,188,19.34,High,equipment_downtime,13.6,41.3,28.8,0.579,5.3,1.0,2.0,2.3,97.9,0.0,0.0,88.0,30
2025-09-04,dongri_buzurg,Dongri Buzurg Mine,Thursday,9,958,756,202,21.09,High,equipment_downtime,23.5,44.0,24.9,0.604,4.6,1.1,0.8,2.7,98.0,0.0,0.0,89.2,26
2025-09-05,dongri_buzurg,Dongri Buzurg Mine,Friday,9,983,898,85,8.65,Medium,equipment_downtime,10.3,42.4,29.5,0.597,3.6,0.4,1.4,1.8,98.0,0.0,0.0,93.0,35
2025-09-06,dongri_buzurg,Dongri Buzurg Mine,Saturday,9,949,850,99,10.43,Medium,equipment_downtime,2.6,35.1,26.7,0.587,4.5,1.5,1.7,1.3,98.0,0.0,0.0,92.7,35
2025-09-07,dongri_buzurg,Dongri Buzurg Mine,Sunday,9,978,779,199,20.35,High,blasting_delays,5.4,39.1,29.3,0.541,2.4,0.8,0.4,1.2,98.0,2.8,0.0,89.9,32
2025-09-08,dongri_buzurg,Dongri Buzurg Mine,Monday,9,971,831,140,14.42,Medium,equipment_downtime,0.3,40.0,34.0,0.665,6.7,0.5,1.9,4.3,97.3,0.0,0.0,98.5,35
2025-09-09,dongri_buzurg,Dongri Buzurg Mine,Tuesday,9,966,896,70,7.25,Medium,equipment_downtime,4.3,40.8,29.8,0.529,4.5,0.8,1.6,2.1,98.0,0.0,0.0,93.2,35
2025-09-10,dongri_buzurg,Dongri Buzurg Mine,Wednesday,9,973,873,100,10.28,Medium,equipment_downtime,2.4,37.5,30.5,0.597,6.6,0.6,1.7,4.3,97.3,0.0,0.0,96.1,30
2025-09-11,dongri_buzurg,Dongri Buzurg Mine,Thursday,9,985,896,89,9.04,Medium,equipment_downtime,1.3,35.8,28.5,0.55,5.2,0.3,1.8,3.1,97.9,0.0,0.0,95.1,37
2025-09-12,dongri_buzurg,Dongri Buzurg Mine,Friday,9,955,809,146,15.29,Medium,weather_stoppage,20.1,43.9,28.3,0.641,3.2,1.5,0.3,1.4,98.0,0.0,0.0,90.1,31
2025-09-13,dongri_buzurg,Dongri Buzurg Mine,Saturday,9,956,863,93,9.73,Medium,equipment_downtime,9.8,36.8,26.0,0.551,4.3,1.2,1.8,1.3,98.0,0.0,0.0,89.2,38
2025-09-14,dongri_buzurg,Dongri Buzurg Mine,Sunday,9,961,423,538,55.98,High,weather_stoppage,37.4,45.9,26.1,0.68,9.9,6.3,1.0,2.6,96.0,0.0,3.8,95.9,15
2025-09-15,dongri_buzurg,Dongri Buzurg Mine,Monday,9,997,854,143,14.34,Medium,equipment_downtime,12.8,41.0,27.3,0.589,3.0,0.7,0.6,1.7,98.0,0.0,0.0,99.0,35
2025-09-16,dongri_buzurg,Dongri Buzurg Mine,Tuesday,9,991,814,177,17.86,Medium,equipment_downtime,20.0,42.4,27.3,0.53,5.4,1.2,0.5,3.7,97.8,0.0,0.0,91.8,33
2025-09-17,dongri_buzurg,Dongri Buzurg Mine,Wednesday,9,1015,933,82,8.08,Medium,equipment_downtime,1.8,33.9,29.5,0.642,5.0,0.5,1.1,3.4,98.0,0.0,0.0,97.2,35
2025-09-18,dongri_buzurg,Dongri Buzurg Mine,Thursday,9,999,200,799,79.98,High,equipment_downtime,33.3,42.9,21.8,0.591,21.1,6.5,1.8,12.8,91.5,0.0,4.1,87.1,9
2025-09-19,dongri_buzurg,Dongri Buzurg Mine,Friday,9,986,499,487,49.39,High,weather_stoppage,37.5,48.4,23.7,0.597,6.5,4.2,0.5,1.8,97.4,0.0,3.7,93.1,19
2025-09-20,dongri_buzurg,Dongri Buzurg Mine,Saturday,9,1016,936,80,7.87,Medium,equipment_downtime,4.6,33.0,25.8,0.572,4.0,1.3,0.4,2.3,98.0,0.0,0.0,92.1,38
2025-09-21,dongri_buzurg,Dongri Buzurg Mine,Sunday,9,989,813,176,17.8,Medium,equipment_downtime,17.0,38.8,27.7,0.598,6.2,1.2,1.4,3.6,97.5,0.0,0.0,90.8,35
2025-09-22,dongri_buzurg,Dongri Buzurg Mine,Monday,9,922,201,721,78.2,High,weather_stoppage,41.2,45.8,19.7,0.545,5.6,3.1,0.4,2.1,97.7,4.0,5.8,90.0,12
2025-09-23,dongri_buzurg,Dongri Buzurg Mine,Tuesday,9,942,793,149,15.82,Medium,equipment_downtime,3.5,30.3,26.1,0.579,4.2,0.8,1.0,2.4,98.0,0.0,0.0,93.2,33
2025-09-24,dongri_buzurg,Dongri Buzurg Mine,Wednesday,9,967,908,59,6.1,Medium,equipment_downtime,6.1,34.0,24.9,0.615,3.2,1.3,0.8,1.1,98.0,0.0,0.0,94.8,37
2025-09-25,dongri_buzurg,Dongri Buzurg Mine,Thursday,9,978,807,171,17.48,Medium,equipment_downtime,1.1,33.5,27.2,0.566,6.0,1.1,0.6,4.3,97.6,0.0,0.0,90.3,33
2025-09-26,dongri_buzurg,Dongri Buzurg Mine,Friday,9,983,912,71,7.22,Medium,equipment_downtime,3.2,35.6,26.3,0.666,1.8,0.3,0.3,1.2,98.0,0.0,0.0,94.9,37
2025-09-27,dongri_buzurg,Dongri Buzurg Mine,Saturday,9,965,276,689,71.4,High,weather_stoppage,41.6,46.1,22.0,0.553,9.6,5.7,0.2,3.7,96.1,1.1,4.5,87.5,8
2025-09-28,dongri_buzurg,Dongri Buzurg Mine,Sunday,9,976,157,819,83.91,High,weather_stoppage,83.1,54.4,17.7,0.62,8.5,5.3,1.0,2.2,96.6,0.0,11.7,85.4,5
2025-09-29,dongri_buzurg,Dongri Buzurg Mine,Monday,9,993,954,39,3.93,Low,equipment_downtime,13.4,33.6,30.4,0.576,3.2,0.3,0.6,2.3,98.0,0.0,0.0,93.6,39
2025-09-30,dongri_buzurg,Dongri Buzurg Mine,Tuesday,9,982,665,317,32.28,High,labor_attendance,0.3,27.6,24.3,0.595,3.6,0.4,1.4,1.8,98.0,2.0,0.0,81.5,28
2025-10-01,dongri_buzurg,Dongri Buzurg Mine,Wednesday,10,922,723,199,21.58,High,equipment_downtime,0.0,34.1,28.0,0.59,6.0,0.7,1.4,3.9,97.6,0.0,0.0,85.2,28
2025-10-02,dongri_buzurg,Dongri Buzurg Mine,Thursday,10,948,514,434,45.78,High,equipment_downtime,0.0,33.1,27.1,0.601,22.4,17.4,1.1,3.9,91.0,0.5,0.0,98.1,21
2025-10-03,dongri_buzurg,Dongri Buzurg Mine,Friday,10,986,913,73,7.4,Medium,equipment_downtime,0.0,33.1,22.6,0.732,6.5,1.4,0.2,4.9,97.4,0.0,0.0,92.0,36
2025-10-04,dongri_buzurg,Dongri Buzurg Mine,Saturday,10,1021,948,73,7.15,Medium,equipment_downtime,0.0,31.4,27.6,0.664,5.1,0.3,1.7,3.1,97.9,0.4,0.0,94.6,37
2025-10-05,dongri_buzurg,Dongri Buzurg Mine,Sunday,10,921,864,57,6.19,Medium,equipment_downtime,0.0,30.3,24.3,0.628,5.2,1.0,1.4,2.8,97.9,0.0,0.0,98.4,38
2025-10-06,dongri_buzurg,Dongri Buzurg Mine,Monday,10,937,857,80,8.54,Medium,equipment_downtime,0.0,34.8,25.9,0.575,3.8,0.6,0.4,2.8,98.0,0.0,0.0,87.8,35
2025-10-07,dongri_buzurg,Dongri Buzurg Mine,Tuesday,10,977,912,65,6.65,Medium,equipment_downtime,0.0,33.6,26.9,0.605,3.9,1.4,1.0,1.5,98.0,0.0,0.0,92.6,36
2025-10-08,dongri_buzurg,Dongri Buzurg Mine,Wednesday,10,1002,821,181,18.06,High,equipment_downtime,0.0,24.2,24.2,0.611,6.0,0.5,1.4,4.1,97.6,0.0,0.0,92.3,32
2025-10-09,dongri_buzurg,Dongri Buzurg Mine,Thursday,10,957,930,27,2.82,Low,equipment_downtime,0.0,30.0,24.2,0.592,2.4,1.2,0.2,1.0,98.0,0.0,0.0,99.0,37
2025-10-10,dongri_buzurg,Dongri Buzurg Mine,Friday,10,910,819,91,10.0,Medium,equipment_downtime,0.0,31.2,31.3,0.606,3.7,0.4,1.9,1.4,98.0,0.0,0.0,90.3,34
2025-10-11,dongri_buzurg,Dongri Buzurg Mine,Saturday,10,971,822,149,15.35,Medium,equipment_downtime,0.0,29.3,25.1,0.64,5.7,1.1,0.6,4.0,97.7,0.0,0.0,89.4,31
2025-10-12,dongri_buzurg,Dongri Buzurg Mine,Sunday,10,921,828,93,10.1,Medium,equipment_downtime,0.0,28.8,23.2,0.639,7.5,1.2,2.0,4.3,97.0,0.0,0.0,89.0,30
2025-10-13,dongri_buzurg,Dongri Buzurg Mine,Monday,10,1005,616,389,38.71,High,equipment_downtime,0.0,30.4,20.9,0.64,15.3,9.3,1.5,4.5,93.8,0.0,0.0,87.9,23
2025-10-14,dongri_buzurg,Dongri Buzurg Mine,Tuesday,10,990,917,73,7.37,Medium,equipment_downtime,0.0,27.9,24.2,0.635,2.7,0.5,1.2,1.0,98.0,0.0,0.0,88.8,35
2025-10-15,dongri_buzurg,Dongri Buzurg Mine,Wednesday,10,944,267,677,71.72,High,equipment_downtime,0.0,23.6,23.3,0.609,30.2,18.6,1.4,10.2,87.8,0.0,0.0,88.7,12
2025-10-16,dongri_buzurg,Dongri Buzurg Mine,Thursday,10,980,880,100,10.2,Medium,equipment_downtime,0.0,28.6,27.3,0.577,5.7,0.6,1.0,4.1,97.7,0.0,0.0,97.5,41
2025-10-17,dongri_buzurg,Dongri Buzurg Mine,Friday,10,914,799,115,12.58,Medium,equipment_downtime,0.0,24.1,22.9,0.622,5.0,1.2,1.1,2.7,98.0,0.0,0.0,98.1,29
2025-10-18,dongri_buzurg,Dongri Buzurg Mine,Saturday,10,969,816,153,15.79,Medium,equipment_downtime,0.0,21.2,25.6,0.63,4.5,0.8,1.4,2.3,98.0,0.0,0.0,86.6,33
2025-10-19,dongri_buzurg,Dongri Buzurg Mine,Sunday,10,974,914,60,6.16,Medium,equipment_downtime,6.6,26.6,24.2,0.705,4.4,0.8,1.0,2.6,98.0,0.0,0.0,90.7,34
2025-10-20,dongri_buzurg,Dongri Buzurg Mine,Monday,10,991,875,116,11.71,Medium,equipment_downtime,0.0,24.1,24.8,0.716,6.1,0.3,2.3,3.5,97.5,0.0,0.0,90.5,35
2025-10-21,dongri_buzurg,Dongri Buzurg Mine,Tuesday,10,992,852,140,14.11,Medium,equipment_downtime,0.0,26.2,22.5,0.601,3.7,0.6,1.6,1.5,98.0,0.0,0.0,92.2,33
2025-10-22,dongri_buzurg,Dongri Buzurg Mine,Wednesday,10,955,912,43,4.5,Low,equipment_downtime,0.0,27.4,23.8,0.604,3.4,1.2,0.4,1.8,98.0,0.0,0.0,89.2,38
2025-10-23,dongri_buzurg,Dongri Buzurg Mine,Thursday,10,958,911,47,4.91,Low,equipment_downtime,0.0,23.6,25.4,0.576,4.3,1.3,1.8,1.2,98.0,0.0,0.0,95.4,36
2025-10-24,dongri_buzurg,Dongri Buzurg Mine,Friday,10,957,698,259,27.06,High,equipment_downtime,0.0,27.4,23.8,0.644,12.1,3.0,1.1,8.0,95.1,0.0,0.0,95.2,28
2025-10-25,dongri_buzurg,Dongri Buzurg Mine,Saturday,10,959,762,197,20.54,High,equipment_downtime,0.0,22.3,24.8,0.656,5.3,0.5,1.3,3.5,97.9,0.0,0.0,87.7,28
2025-10-26,dongri_buzurg,Dongri Buzurg Mine,Sunday,10,970,834,136,14.02,Medium,equipment_downtime,0.0,26.3,23.7,0.633,5.4,1.3,1.9,2.2,97.8,0.0,0.0,90.6,32
2025-10-27,dongri_buzurg,Dongri Buzurg Mine,Monday,10,993,892,101,10.17,Medium,equipment_downtime,0.0,25.8,20.5,0.647,5.0,0.8,0.6,3.6,98.0,0.0,0.0,90.8,37
2025-10-28,dongri_buzurg,Dongri Buzurg Mine,Tuesday,10,972,849,123,12.65,Medium,labor_attendance,0.0,26.4,25.1,0.604,2.3,0.3,0.9,1.1,98.0,0.0,0.0,86.1,33
2025-10-29,dongri_buzurg,Dongri Buzurg Mine,Wednesday,10,979,879,100,10.21,Medium,equipment_downtime,0.0,26.5,22.7,0.603,5.6,0.2,0.9,4.5,97.7,0.5,0.0,92.5,37
2025-10-30,dongri_buzurg,Dongri Buzurg Mine,Thursday,10,913,726,187,20.48,High,equipment_downtime,0.0,25.4,21.7,0.699,4.4,0.2,1.5,2.7,98.0,1.9,0.0,90.2,33
2025-10-31,dongri_buzurg,Dongri Buzurg Mine,Friday,10,958,804,154,16.08,Medium,equipment_downtime,0.0,25.3,22.6,0.585,6.0,0.9,1.0,4.1,97.6,0.0,0.0,88.7,36
2025-11-01,dongri_buzurg,Dongri Buzurg Mine,Saturday,11,998,944,54,5.41,Low,equipment_downtime,0.0,18.6,23.9,0.668,4.0,0.5,1.8,1.7,98.0,0.0,0.0,88.8,36
2025-11-02,dongri_buzurg,Dongri Buzurg Mine,Sunday,11,961,941,20,2.08,Low,nominal_operations,0.0,21.3,22.7,0.599,2.7,0.9,0.7,1.1,98.0,0.0,0.0,89.3,35
2025-11-03,dongri_buzurg,Dongri Buzurg Mine,Monday,11,1006,939,67,6.66,Medium,equipment_downtime,0.0,24.3,23.5,0.731,3.4,0.6,0.9,1.9,98.0,0.0,0.0,95.6,40
2025-11-04,dongri_buzurg,Dongri Buzurg Mine,Tuesday,11,1004,953,51,5.08,Low,equipment_downtime,1.4,19.8,24.0,0.651,3.7,0.6,0.8,2.3,98.0,0.0,0.0,99.0,40
2025-11-05,dongri_buzurg,Dongri Buzurg Mine,Wednesday,11,962,790,172,17.88,Medium,equipment_downtime,0.0,18.7,22.2,0.629,4.5,1.0,0.2,3.3,98.0,0.0,0.0,87.8,30
2025-11-06,dongri_buzurg,Dongri Buzurg Mine,Thursday,11,970,704,266,27.42,High,equipment_downtime,0.0,22.1,23.7,0.613,14.2,9.5,0.3,4.4,94.3,0.0,0.0,89.7,27
2025-11-07,dongri_buzurg,Dongri Buzurg Mine,Friday,11,1018,851,167,16.4,Medium,equipment_downtime,0.0,25.1,25.5,0.581,3.1,0.6,0.7,1.8,98.0,0.0,0.0,87.5,36
2025-11-08,dongri_buzurg,Dongri Buzurg Mine,Saturday,11,986,924,62,6.29,Medium,equipment_downtime,0.0,15.2,23.9,0.614,3.7,1.4,1.2,1.1,98.0,0.0,0.0,89.8,35
2025-11-09,dongri_buzurg,Dongri Buzurg Mine,Sunday,11,983,851,132,13.43,Medium,equipment_downtime,0.0,20.1,27.5,0.57,4.3,1.4,1.4,1.5,98.0,0.0,0.0,92.3,33
2025-11-10,dongri_buzurg,Dongri Buzurg Mine,Monday,11,1002,835,167,16.67,Medium,equipment_downtime,0.0,19.1,23.1,0.653,4.2,0.2,1.1,2.9,98.0,0.0,0.0,89.3,32
2025-11-11,dongri_buzurg,Dongri Buzurg Mine,Tuesday,11,998,908,90,9.02,Medium,equipment_downtime,0.0,22.9,23.0,0.576,5.1,1.4,1.5,2.2,97.9,0.0,0.0,93.6,38
2025-11-12,dongri_buzurg,Dongri Buzurg Mine,Wednesday,11,969,637,332,34.26,High,equipment_downtime,0.0,18.8,20.8,0.639,17.8,8.9,0.8,8.1,92.8,0.0,0.0,92.6,23
2025-11-13,dongri_buzurg,Dongri Buzurg Mine,Thursday,11,1004,875,129,12.85,Medium,equipment_downtime,0.0,19.4,24.8,0.674,5.3,1.1,1.3,2.9,97.9,0.0,0.0,99.0,38
2025-11-14,dongri_buzurg,Dongri Buzurg Mine,Friday,11,947,816,131,13.83,Medium,equipment_downtime,5.6,18.6,23.3,0.58,6.4,0.5,1.6,4.3,97.4,0.0,0.0,90.6,34
2025-11-15,dongri_buzurg,Dongri Buzurg Mine,Saturday,11,991,828,163,16.45,Medium,equipment_downtime,0.0,16.2,21.9,0.662,6.0,1.4,2.0,2.6,97.6,0.0,0.0,92.1,32
2025-11-16,dongri_buzurg,Dongri Buzurg Mine,Sunday,11,999,989,10,1.0,Low,nominal_operations,0.0,13.7,21.5,0.617,4.1,1.3,0.3,2.5,98.0,0.0,0.0,93.9,41
2025-11-17,dongri_buzurg,Dongri Buzurg Mine,Monday,11,996,923,73,7.33,Medium,equipment_downtime,0.0,20.7,22.8,0.592,3.4,1.0,0.8,1.6,98.0,0.0,0.0,90.2,35
2025-11-18,dongri_buzurg,Dongri Buzurg Mine,Tuesday,11,970,953,17,1.75,Low,nominal_operations,0.0,15.9,23.7,0.62,3.4,0.6,0.7,2.1,98.0,0.0,0.0,94.3,39
2025-11-19,dongri_buzurg,Dongri Buzurg Mine,Wednesday,11,1005,877,128,12.74,Medium,equipment_downtime,0.0,17.5,24.4,0.685,5.1,1.2,2.5,1.4,97.9,0.0,0.0,89.0,34
2025-11-20,dongri_buzurg,Dongri Buzurg Mine,Thursday,11,1003,939,64,6.38,Medium,equipment_downtime,0.0,22.1,22.7,0.63,3.7,0.3,1.1,2.3,98.0,0.0,0.0,99.0,41
2025-11-21,dongri_buzurg,Dongri Buzurg Mine,Friday,11,967,780,187,19.34,High,equipment_downtime,0.0,17.6,22.2,0.55,7.6,0.8,4.1,2.7,96.9,0.0,0.0,93.9,30
2025-11-22,dongri_buzurg,Dongri Buzurg Mine,Saturday,11,965,829,136,14.09,Medium,equipment_downtime,0.0,16.5,23.4,0.628,5.7,0.9,0.9,3.9,97.7,0.0,0.0,89.4,33
2025-11-23,dongri_buzurg,Dongri Buzurg Mine,Sunday,11,956,807,149,15.59,Medium,equipment_downtime,0.0,14.2,23.9,0.586,4.6,1.5,2.0,1.1,98.0,0.0,0.0,95.4,36
2025-11-24,dongri_buzurg,Dongri Buzurg Mine,Monday,11,978,631,347,35.48,High,equipment_downtime,6.8,17.1,16.0,0.675,17.2,8.0,1.4,7.8,93.1,0.0,0.0,89.7,25
2025-11-25,dongri_buzurg,Dongri Buzurg Mine,Tuesday,11,994,927,67,6.74,Medium,equipment_downtime,0.0,18.4,21.7,0.657,3.0,0.3,0.9,1.8,98.0,0.0,0.0,96.2,41
2025-11-26,dongri_buzurg,Dongri Buzurg Mine,Wednesday,11,1007,869,138,13.7,Medium,equipment_downtime,0.0,13.3,21.7,0.651,6.1,0.4,2.3,3.4,97.5,0.0,0.0,90.7,33
2025-11-27,dongri_buzurg,Dongri Buzurg Mine,Thursday,11,977,778,199,20.37,High,equipment_downtime,0.0,13.6,25.6,0.584,4.3,1.5,0.9,1.9,98.0,0.0,0.0,86.2,28
2025-11-28,dongri_buzurg,Dongri Buzurg Mine,Friday,11,987,883,104,10.54,Medium,equipment_downtime,1.3,19.8,23.0,0.593,3.6,0.4,0.7,2.5,98.0,0.0,0.0,92.4,35
2025-11-29,dongri_buzurg,Dongri Buzurg Mine,Saturday,11,960,968,0,0.0,Low,nominal_operations,0.0,13.4,21.2,0.617,3.2,0.8,0.8,1.6,98.0,0.0,0.0,92.6,41
2025-11-30,dongri_buzurg,Dongri Buzurg Mine,Sunday,11,1009,844,165,16.35,Medium,equipment_downtime,0.0,12.4,23.1,0.56,8.2,3.2,0.6,4.4,96.7,0.0,0.0,87.7,33
2025-12-01,dongri_buzurg,Dongri Buzurg Mine,Monday,12,1018,916,102,10.02,Medium,equipment_downtime,0.0,13.9,22.7,0.648,4.2,0.9,1.1,2.2,98.0,0.0,0.0,97.4,40
2025-12-02,dongri_buzurg,Dongri Buzurg Mine,Tuesday,12,1007,808,199,19.76,High,labor_attendance,0.0,15.5,23.7,0.65,4.3,1.3,0.8,2.2,98.0,0.0,0.0,82.8,32
2025-12-03,dongri_buzurg,Dongri Buzurg Mine,Wednesday,12,1017,914,103,10.13,Medium,equipment_downtime,0.0,11.8,21.1,0.569,2.9,1.2,0.5,1.2,98.0,0.0,0.0,93.6,41
2025-12-04,dongri_buzurg,Dongri Buzurg Mine,Thursday,12,998,900,98,9.82,Medium,equipment_downtime,0.0,17.5,19.2,0.634,6.0,1.1,0.4,4.5,97.6,0.0,0.0,89.9,38
2025-12-05,dongri_buzurg,Dongri Buzurg Mine,Friday,12,1039,989,50,4.81,Low,equipment_downtime,0.0,16.7,24.6,0.634,3.7,1.5,1.2,1.0,98.0,0.0,0.0,97.2,39
2025-12-06,dongri_buzurg,Dongri Buzurg Mine,Saturday,12,1029,929,100,9.72,Medium,equipment_downtime,0.0,15.6,18.2,0.594,3.8,0.2,0.7,2.9,98.0,0.0,0.0,98.1,38
2025-12-07,dongri_buzurg,Dongri Buzurg Mine,Sunday,12,983,850,133,13.53,Medium,equipment_downtime,0.0,13.6,21.4,0.612,4.1,0.5,1.6,2.0,98.0,0.0,0.0,88.3,35
2025-12-08,dongri_buzurg,Dongri Buzurg Mine,Monday,12,1001,891,110,10.99,Medium,equipment_downtime,0.0,15.6,22.3,0.512,4.3,1.0,1.5,1.8,98.0,0.0,0.0,91.8,37
2025-12-09,dongri_buzurg,Dongri Buzurg Mine,Tuesday,12,987,891,96,9.73,Medium,labor_attendance,0.0,16.0,23.7,0.637,2.2,0.2,0.9,1.1,98.0,0.0,0.0,88.0,36
2025-12-10,dongri_buzurg,Dongri Buzurg Mine,Wednesday,12,979,826,153,15.63,Medium,equipment_downtime,0.0,14.1,20.3,0.56,4.1,1.2,0.4,2.5,98.0,0.0,0.0,88.8,33
2025-12-11,dongri_buzurg,Dongri Buzurg Mine,Thursday,12,1021,889,132,12.93,Medium,equipment_downtime,0.0,12.4,23.8,0.621,5.8,1.1,1.4,3.3,97.7,0.0,0.0,95.2,35
2025-12-12,dongri_buzurg,Dongri Buzurg Mine,Friday,12,1020,956,64,6.27,Medium,equipment_downtime,0.0,15.1,26.4,0.592,3.2,0.8,0.3,2.1,98.0,0.0,0.0,93.5,41
2025-12-13,dongri_buzurg,Dongri Buzurg Mine,Saturday,12,1018,874,144,14.15,Medium,equipment_downtime,0.0,16.4,22.9,0.592,5.2,1.3,0.2,3.7,97.9,0.0,0.0,91.0,37
2025-12-14,dongri_buzurg,Dongri Buzurg Mine,Sunday,12,996,896,100,10.04,Medium,equipment_downtime,0.0,11.9,24.7,0.548,4.5,0.4,1.4,2.7,98.0,0.0,0.0,96.5,35
2025-12-15,dongri_buzurg,Dongri Buzurg Mine,Monday,12,1000,790,210,21.0,High,equipment_downtime,0.0,19.7,21.7,0.477,4.8,0.2,0.4,4.2,98.0,0.0,0.0,86.6,30
2025-12-16,dongri_buzurg,Dongri Buzurg Mine,Tuesday,12,997,875,122,12.24,Medium,equipment_downtime,0.0,15.2,22.2,0.516,5.7,1.1,0.2,4.4,97.7,0.0,0.0,97.9,36
2025-12-17,dongri_buzurg,Dongri Buzurg Mine,Wednesday,12,1039,893,146,14.05,Medium,equipment_downtime,0.0,14.3,23.0,0.554,5.5,0.2,2.0,3.3,97.8,0.0,0.0,89.8,39
2025-12-18,dongri_buzurg,Dongri Buzurg Mine,Thursday,12,1003,881,122,12.16,Medium,equipment_downtime,0.0,12.9,25.8,0.57,5.4,0.2,1.5,3.7,97.8,0.0,0.0,89.3,36
2025-12-19,dongri_buzurg,Dongri Buzurg Mine,Friday,12,987,877,110,11.14,Medium,equipment_downtime,0.0,15.7,22.9,0.556,5.4,1.0,1.3,3.1,97.8,0.0,0.0,90.6,35
2025-12-20,dongri_buzurg,Dongri Buzurg Mine,Saturday,12,1033,849,184,17.81,Medium,equipment_downtime,0.0,13.0,22.3,0.514,3.7,0.6,0.2,2.9,98.0,0.0,0.0,87.2,32
2025-12-21,dongri_buzurg,Dongri Buzurg Mine,Sunday,12,1041,785,256,24.59,High,equipment_downtime,0.0,17.5,25.3,0.533,8.7,0.5,3.9,4.3,96.5,0.7,0.0,88.8,31
2025-12-22,dongri_buzurg,Dongri Buzurg Mine,Monday,12,1028,920,108,10.51,Medium,labor_attendance,0.0,13.2,22.5,0.526,2.3,0.6,0.6,1.1,98.0,0.0,0.0,86.7,37
2025-12-23,dongri_buzurg,Dongri Buzurg Mine,Tuesday,12,1001,582,419,41.86,High,equipment_downtime,0.0,16.9,21.3,0.529,19.3,8.4,1.4,9.5,92.2,0.0,0.0,95.1,20
2025-12-24,dongri_buzurg,Dongri Buzurg Mine,Wednesday,12,975,943,32,3.28,Low,equipment_downtime,0.0,21.9,21.0,0.569,4.1,1.4,0.8,1.9,98.0,0.0,0.0,92.4,38
2025-12-25,dongri_buzurg,Dongri Buzurg Mine,Thursday,12,1036,961,75,7.24,Medium,equipment_downtime,0.0,16.2,22.2,0.471,3.5,1.1,0.4,2.0,98.0,0.1,0.0,99.0,39
2025-12-26,dongri_buzurg,Dongri Buzurg Mine,Friday,12,999,862,137,13.71,Medium,equipment_downtime,0.0,18.3,25.3,0.455,5.0,1.2,0.6,3.2,98.0,0.0,0.0,90.7,37
2025-12-27,dongri_buzurg,Dongri Buzurg Mine,Saturday,12,1024,877,147,14.36,Medium,equipment_downtime,0.0,15.6,23.9,0.559,9.2,0.4,5.5,3.3,96.3,0.0,0.0,92.1,38
2025-12-28,dongri_buzurg,Dongri Buzurg Mine,Sunday,12,1032,943,89,8.62,Medium,equipment_downtime,0.0,13.5,24.2,0.569,3.3,0.7,0.5,2.1,98.0,0.0,0.0,88.8,39
2025-12-29,dongri_buzurg,Dongri Buzurg Mine,Monday,12,1007,859,148,14.7,Medium,equipment_downtime,0.0,17.0,24.3,0.616,5.7,1.3,0.4,4.0,97.7,0.0,0.0,88.6,37
2025-12-30,dongri_buzurg,Dongri Buzurg Mine,Tuesday,12,1013,938,75,7.4,Medium,equipment_downtime,0.0,15.4,24.3,0.533,2.7,0.4,1.0,1.3,98.0,0.0,0.0,95.0,40
2023-01-01,gumgaon,Gumgaon Mine,Sunday,1,674,575,99,14.69,Medium,equipment_downtime,0.0,11.7,23.9,0.508,6.0,0.5,1.6,3.9,96.3,0.0,0.0,91.1,20
2023-01-02,gumgaon,Gumgaon Mine,Monday,1,682,605,77,11.29,Medium,equipment_downtime,0.0,20.0,22.7,0.545,3.8,0.8,1.5,1.5,97.7,0.0,0.0,92.2,27
2023-01-03,gumgaon,Gumgaon Mine,Tuesday,1,670,639,31,4.63,Low,equipment_downtime,0.0,14.7,24.1,0.493,3.1,0.7,0.2,2.2,98.0,0.0,0.0,92.5,28
2023-01-04,gumgaon,Gumgaon Mine,Wednesday,1,690,650,40,5.8,Low,equipment_downtime,0.0,15.5,26.9,0.515,4.4,1.2,1.7,1.5,97.3,0.0,0.0,93.3,25
2023-01-05,gumgaon,Gumgaon Mine,Thursday,1,670,467,203,30.3,High,equipment_downtime,0.0,17.9,22.7,0.418,17.4,2.3,1.0,14.1,89.3,0.0,0.0,99.0,21
2023-01-06,gumgaon,Gumgaon Mine,Friday,1,695,468,227,32.66,High,equipment_downtime,0.0,16.6,21.5,0.452,17.7,2.6,3.9,11.2,89.1,0.0,0.0,96.5,17
2023-01-07,gumgaon,Gumgaon Mine,Saturday,1,682,648,34,4.99,Low,equipment_downtime,0.0,18.0,22.9,0.458,3.0,0.5,0.8,1.7,98.0,0.0,0.0,94.7,20
2023-01-08,gumgaon,Gumgaon Mine,Sunday,1,667,448,219,32.83,High,equipment_downtime,0.0,14.5,26.2,0.454,20.6,6.1,2.0,12.5,87.3,0.0,0.0,95.8,13
2023-01-09,gumgaon,Gumgaon Mine,Monday,1,692,604,88,12.72,Medium,equipment_downtime,0.0,16.4,25.1,0.527,5.2,0.6,0.7,3.9,96.8,0.0,0.0,89.9,26
2023-01-10,gumgaon,Gumgaon Mine,Tuesday,1,687,659,28,4.08,Low,equipment_downtime,0.0,14.6,23.2,0.561,3.3,0.7,0.5,2.1,98.0,0.0,0.0,92.4,24
2023-01-11,gumgaon,Gumgaon Mine,Wednesday,1,682,645,37,5.43,Low,equipment_downtime,0.0,18.1,24.6,0.461,3.4,0.8,0.4,2.2,97.9,0.0,0.0,91.9,27
2023-01-12,gumgaon,Gumgaon Mine,Thursday,1,668,586,82,12.28,Medium,equipment_downtime,0.0,13.6,24.6,0.515,4.9,0.5,1.7,2.7,97.0,0.0,0.0,87.3,22
2023-01-13,gumgaon,Gumgaon Mine,Friday,1,668,659,9,1.35,Low,nominal_operations,0.0,15.1,25.4,0.497,1.7,0.2,0.3,1.2,98.0,0.0,0.0,92.1,22
2023-01-14,gumgaon,Gumgaon Mine,Saturday,1,694,630,64,9.22,Medium,labor_attendance,0.0,13.3,24.0,0.483,2.1,0.5,0.4,1.2,98.0,0.0,0.0,83.6,27
2023-01-15,gumgaon,Gumgaon Mine,Sunday,1,676,565,111,16.42,Medium,equipment_downtime,0.0,14.3,23.4,0.503,7.3,1.4,1.5,4.4,95.5,0.0,0.0,93.4,24
2023-01-16,gumgaon,Gumgaon Mine,Monday,1,682,618,64,9.38,Medium,equipment_downtime,0.0,18.5,22.9,0.476,3.7,0.3,0.3,3.1,97.7,0.0,0.0,90.9,24
2023-01-17,gumgaon,Gumgaon Mine,Tuesday,1,699,525,174,24.89,High,equipment_downtime,0.0,16.5,27.1,0.524,13.9,5.9,1.7,6.3,91.4,0.0,0.0,92.1,22
2023-01-18,gumgaon,Gumgaon Mine,Wednesday,1,678,598,80,11.8,Medium,equipment_downtime,0.0,17.4,25.5,0.476,5.0,1.0,0.3,3.7,96.9,0.0,0.0,92.3,24
2023-01-19,gumgaon,Gumgaon Mine,Thursday,1,684,545,139,20.32,High,equipment_downtime,0.0,18.7,26.5,0.394,7.6,2.5,1.2,3.9,95.3,0.0,0.0,91.5,19
2023-01-20,gumgaon,Gumgaon Mine,Friday,1,696,590,106,15.23,Medium,equipment_downtime,0.0,12.8,24.3,0.478,5.5,0.9,1.3,3.3,96.6,0.0,0.0,90.5,26
2023-01-21,gumgaon,Gumgaon Mine,Saturday,1,696,534,162,23.28,High,equipment_downtime,0.0,17.7,27.3,0.435,12.8,1.9,1.4,9.5,92.1,0.0,0.0,91.8,22
2023-01-22,gumgaon,Gumgaon Mine,Sunday,1,663,431,232,34.99,High,equipment_downtime,0.0,15.1,22.1,0.428,17.8,11.3,1.7,4.8,89.0,0.0,0.0,93.4,12
2023-01-23,gumgaon,Gumgaon Mine,Monday,1,720,660,60,8.33,Medium,equipment_downtime,0.0,13.5,27.6,0.425,5.4,1.1,0.9,3.4,96.7,0.0,0.0,92.4,27
2023-01-24,gumgaon,Gumgaon Mine,Tuesday,1,692,606,86,12.43,Medium,equipment_downtime,0.0,16.9,25.5,0.446,5.0,0.5,0.7,3.8,96.9,0.0,0.0,89.2,23
2023-01-25,gumgaon,Gumgaon Mine,Wednesday,1,698,642,56,8.02,Medium,equipment_downtime,0.0,18.0,25.7,0.402,4.8,1.4,1.7,1.7,97.0,0.0,0.0,93.6,25
2023-01-26,gumgaon,Gumgaon Mine,Thursday,1,701,603,98,13.98,Medium,equipment_downtime,0.0,15.7,26.8,0.385,5.4,1.4,0.9,3.1,96.7,0.0,0.0,94.1,23
2023-01-27,gumgaon,Gumgaon Mine,Friday,1,706,637,69,9.77,Medium,equipment_downtime,0.0,13.2,25.0,0.395,4.7,0.9,1.7,2.1,97.1,0.0,0.0,96.0,23
2023-01-28,gumgaon,Gumgaon Mine,Saturday,1,674,598,76,11.28,Medium,equipment_downtime,0.0,17.1,26.6,0.453,4.3,0.4,0.9,3.0,97.3,0.0,0.0,94.4,23
2023-01-29,gumgaon,Gumgaon Mine,Sunday,1,685,537,148,21.61,High,equipment_downtime,0.0,18.3,30.4,0.464,8.5,3.9,1.2,3.4,94.8,1.5,0.0,94.4,18
2023-01-30,gumgaon,Gumgaon Mine,Monday,1,679,610,69,10.16,Medium,equipment_downtime,6.6,14.5,23.9,0.365,6.2,0.5,1.6,4.1,96.2,0.0,0.0,92.8,23
2023-01-31,gumgaon,Gumgaon Mine,Tuesday,1,702,618,84,11.97,Medium,equipment_downtime,0.0,15.0,28.7,0.407,6.3,0.7,2.0,3.6,96.1,0.0,0.0,91.1,23
2023-02-01,gumgaon,Gumgaon Mine,Wednesday,2,716,598,118,16.48,Medium,equipment_downtime,0.0,19.0,27.9,0.43,5.6,0.4,1.8,3.4,96.5,0.0,0.0,87.6,27
2023-02-02,gumgaon,Gumgaon Mine,Thursday,2,703,621,82,11.66,Medium,equipment_downtime,0.0,14.6,25.5,0.501,6.2,0.8,1.2,4.2,96.2,0.2,0.0,91.7,21
2023-02-03,gumgaon,Gumgaon Mine,Friday,2,702,544,158,22.51,High,equipment_downtime,0.0,18.3,29.9,0.366,7.3,2.4,1.0,3.9,95.5,0.0,0.0,86.5,22
2023-02-04,gumgaon,Gumgaon Mine,Saturday,2,687,636,51,7.42,Medium,equipment_downtime,0.0,17.0,28.0,0.312,6.4,0.8,1.4,4.2,96.0,0.0,0.0,91.2,23
2023-02-05,gumgaon,Gumgaon Mine,Sunday,2,706,622,84,11.9,Medium,equipment_downtime,0.0,18.5,29.0,0.369,5.9,1.4,1.7,2.8,96.4,0.0,0.0,94.5,26
2023-02-06,gumgaon,Gumgaon Mine,Monday,2,729,662,67,9.19,Medium,equipment_downtime,0.0,21.1,27.4,0.356,7.0,1.3,1.8,3.9,95.7,0.0,0.0,95.2,28
2023-02-07,gumgaon,Gumgaon Mine,Tuesday,2,671,639,32,4.77,Low,equipment_downtime,0.0,19.1,29.9,0.418,3.9,0.2,1.7,2.0,97.6,0.0,0.0,93.2,28
2023-02-08,gumgaon,Gumgaon Mine,Wednesday,2,707,614,93,13.15,Medium,equipment_downtime,0.0,15.0,27.7,0.32,4.0,1.3,1.0,1.7,97.5,0.0,0.0,96.2,25
2023-02-09,gumgaon,Gumgaon Mine,Thursday,2,700,677,23,3.29,Low,equipment_downtime,0.0,14.0,29.7,0.319,2.3,0.5,0.3,1.5,98.0,0.0,0.0,91.8,27
2023-02-10,gumgaon,Gumgaon Mine,Friday,2,738,661,77,10.43,Medium,equipment_downtime,0.0,19.9,28.2,0.336,5.2,0.5,0.6,4.1,96.8,0.0,0.0,99.0,28
2023-02-11,gumgaon,Gumgaon Mine,Saturday,2,699,595,104,14.88,Medium,equipment_downtime,0.0,17.2,29.8,0.344,3.5,0.4,2.0,1.1,97.8,0.0,0.0,89.8,24
2023-02-12,gumgaon,Gumgaon Mine,Sunday,2,682,593,89,13.05,Medium,equipment_downtime,0.0,18.4,31.1,0.344,6.3,1.2,1.2,3.9,96.1,0.0,0.0,86.3,23
2023-02-13,gumgaon,Gumgaon Mine,Monday,2,712,641,71,9.97,Medium,equipment_downtime,0.0,13.8,26.6,0.381,4.7,0.2,0.6,3.9,97.1,0.0,0.0,93.2,25
2023-02-14,gumgaon,Gumgaon Mine,Tuesday,2,693,668,25,3.61,Low,equipment_downtime,0.0,16.7,25.6,0.316,3.7,1.1,1.5,1.1,97.7,0.0,0.0,91.6,28
2023-02-15,gumgaon,Gumgaon Mine,Wednesday,2,694,628,66,9.51,Medium,equipment_downtime,0.0,17.1,27.8,0.283,3.7,0.2,1.7,1.8,97.7,0.0,0.0,91.3,22
2023-02-16,gumgaon,Gumgaon Mine,Thursday,2,711,673,38,5.34,Low,equipment_downtime,0.0,20.1,28.5,0.355,1.9,0.4,0.2,1.3,98.0,0.3,0.0,96.1,27
2023-02-17,gumgaon,Gumgaon Mine,Friday,2,712,607,105,14.75,Medium,equipment_downtime,0.0,13.3,28.5,0.307,5.2,0.7,3.5,1.0,96.8,0.0,0.0,91.1,24
2023-02-18,gumgaon,Gumgaon Mine,Saturday,2,695,545,150,21.58,High,equipment_downtime,0.0,18.7,26.7,0.31,12.1,6.8,3.3,2.0,92.5,0.0,0.0,91.5,26
2023-02-19,gumgaon,Gumgaon Mine,Sunday,2,726,640,86,11.85,Medium,equipment_downtime,0.0,18.3,29.1,0.335,4.6,0.9,0.6,3.1,97.2,0.3,0.0,89.9,27
2023-02-20,gumgaon,Gumgaon Mine,Monday,2,714,628,86,12.04,Medium,equipment_downtime,0.0,17.0,27.6,0.328,8.4,0.9,3.9,3.6,94.8,0.0,0.0,98.0,21
2023-02-21,gumgaon,Gumgaon Mine,Tuesday,2,708,669,39,5.51,Low,equipment_downtime,0.0,14.2,29.8,0.292,3.3,0.4,0.4,2.5,98.0,0.0,0.0,95.1,25
2023-02-22,gumgaon,Gumgaon Mine,Wednesday,2,700,599,101,14.43,Medium,equipment_downtime,0.0,16.4,31.4,0.362,7.2,1.0,0.9,5.3,95.6,0.5,0.0,88.6,24
2023-02-23,gumgaon,Gumgaon Mine,Thursday,2,708,601,107,15.11,Medium,equipment_downtime,0.0,16.6,29.2,0.325,5.2,0.3,1.5,3.4,96.8,0.0,0.0,90.4,23
2023-02-24,gumgaon,Gumgaon Mine,Friday,2,702,629,73,10.4,Medium,equipment_downtime,0.0,15.6,29.3,0.279,4.4,0.8,0.4,3.2,97.3,0.3,0.0,93.5,25
2023-02-25,gumgaon,Gumgaon Mine,Saturday,2,705,607,98,13.9,Medium,equipment_downtime,0.0,11.2,30.4,0.336,7.0,0.8,1.7,4.5,95.7,1.0,0.0,88.8,25
2023-02-26,gumgaon,Gumgaon Mine,Sunday,2,691,631,60,8.68,Medium,equipment_downtime,0.0,12.3,31.3,0.316,4.9,1.0,1.7,2.2,97.0,0.0,0.0,97.3,26
2023-02-27,gumgaon,Gumgaon Mine,Monday,2,716,612,104,14.53,Medium,equipment_downtime,0.0,17.8,31.1,0.248,4.2,0.8,0.4,3.0,97.4,0.0,0.0,88.7,26
2023-02-28,gumgaon,Gumgaon Mine,Tuesday,2,720,683,37,5.14,Low,equipment_downtime,0.0,13.7,31.2,0.319,3.2,0.7,0.4,2.1,98.0,0.0,0.0,98.8,26
2023-03-01,gumgaon,Gumgaon Mine,Wednesday,3,748,389,359,47.99,High,equipment_downtime,0.0,15.8,32.1,0.288,22.3,5.8,0.9,15.6,86.2,0.0,0.0,85.3,15
2023-03-02,gumgaon,Gumgaon Mine,Thursday,3,737,591,146,19.81,High,equipment_downtime,0.0,14.3,32.8,0.289,11.6,0.3,7.0,4.3,92.8,0.0,0.0,93.1,23
2023-03-03,gumgaon,Gumgaon Mine,Friday,3,728,603,125,17.17,Medium,equipment_downtime,0.0,15.8,32.0,0.295,10.8,0.7,7.4,2.7,93.3,0.0,0.0,93.3,24
2023-03-04,gumgaon,Gumgaon Mine,Saturday,3,740,654,86,11.62,Medium,equipment_downtime,0.0,12.6,32.8,0.348,7.2,1.5,1.5,4.2,95.6,0.0,0.0,95.1,26
2023-03-05,gumgaon,Gumgaon Mine,Sunday,3,740,649,91,12.3,Medium,equipment_downtime,0.0,12.8,34.6,0.382,4.8,1.1,1.5,2.2,97.0,0.0,0.0,87.7,24
2023-03-06,gumgaon,Gumgaon Mine,Monday,3,727,589,138,18.98,High,equipment_downtime,0.0,19.3,31.1,0.243,6.9,0.8,3.8,2.3,95.7,0.0,0.0,88.1,25
2023-03-07,gumgaon,Gumgaon Mine,Tuesday,3,722,690,32,4.43,Low,equipment_downtime,0.0,13.1,34.1,0.311,3.7,1.2,0.8,1.7,97.7,0.0,0.0,92.5,27
2023-03-08,gumgaon,Gumgaon Mine,Wednesday,3,725,599,126,17.38,Medium,equipment_downtime,0.0,17.2,31.2,0.295,5.6,1.4,0.3,3.9,96.5,0.0,0.0,87.1,24
2023-03-09,gumgaon,Gumgaon Mine,Thursday,3,710,697,13,1.83,Low,nominal_operations,0.0,17.0,32.1,0.265,6.6,0.6,1.7,4.3,95.9,0.0,0.0,95.0,26
2023-03-10,gumgaon,Gumgaon Mine,Friday,3,741,659,82,11.07,Medium,equipment_downtime,0.0,15.3,30.2,0.277,5.5,0.8,1.2,3.5,96.6,0.0,0.0,90.3,25
2023-03-11,gumgaon,Gumgaon Mine,Saturday,3,707,649,58,8.2,Medium,equipment_downtime,0.0,15.7,33.0,0.248,4.7,0.3,1.8,2.6,97.1,0.0,0.0,95.0,26
2023-03-12,gumgaon,Gumgaon Mine,Sunday,3,715,672,43,6.01,Medium,equipment_downtime,0.0,12.9,33.3,0.242,3.2,0.8,1.1,1.3,98.0,0.0,0.0,92.6,25
2023-03-13,gumgaon,Gumgaon Mine,Monday,3,727,692,35,4.81,Low,equipment_downtime,0.0,12.5,32.5,0.309,5.0,1.1,0.7,3.2,96.9,0.0,0.0,92.0,24
2023-03-14,gumgaon,Gumgaon Mine,Tuesday,3,741,695,46,6.21,Medium,equipment_downtime,0.0,15.0,34.7,0.235,3.2,0.5,0.4,2.3,98.0,0.0,0.0,89.9,29
2023-03-15,gumgaon,Gumgaon Mine,Wednesday,3,750,669,81,10.8,Medium,equipment_downtime,0.0,18.3,30.8,0.192,4.6,1.2,1.1,2.3,97.2,0.0,0.0,87.9,26
2023-03-16,gumgaon,Gumgaon Mine,Thursday,3,727,673,54,7.43,Medium,equipment_downtime,0.0,11.7,35.2,0.251,4.2,1.0,0.3,2.9,97.4,0.0,0.0,98.7,30
2023-03-17,gumgaon,Gumgaon Mine,Friday,3,718,657,61,8.5,Medium,equipment_downtime,0.0,15.1,33.0,0.317,3.8,0.5,0.9,2.4,97.7,0.0,0.0,99.0,25
2023-03-18,gumgaon,Gumgaon Mine,Saturday,3,705,285,420,59.57,High,equipment_downtime,0.0,20.2,34.0,0.339,32.8,4.4,1.2,27.2,79.8,0.0,0.0,91.1,12
2023-03-19,gumgaon,Gumgaon Mine,Sunday,3,754,663,91,12.07,Medium,equipment_downtime,0.0,20.2,30.6,0.18,8.5,0.9,3.8,3.8,94.8,0.0,0.0,92.5,27
2023-03-20,gumgaon,Gumgaon Mine,Monday,3,739,543,196,26.52,High,weather_stoppage,26.6,22.7,28.6,0.27,3.0,0.8,0.6,1.6,98.0,0.0,2.3,89.3,26
2023-03-21,gumgaon,Gumgaon Mine,Tuesday,3,696,645,51,7.33,Medium,equipment_downtime,0.0,13.0,36.9,0.288,3.8,0.5,0.3,3.0,97.7,0.0,0.0,94.1,27
2023-03-22,gumgaon,Gumgaon Mine,Wednesday,3,720,584,136,18.89,High,equipment_downtime,0.0,17.5,31.0,0.265,10.4,1.3,5.0,4.1,93.6,0.0,0.0,94.9,23
2023-03-23,gumgaon,Gumgaon Mine,Thursday,3,710,529,181,25.49,High,equipment_downtime,0.0,12.0,33.7,0.31,14.7,2.0,0.4,12.3,90.9,0.0,0.0,90.6,19
2023-03-24,gumgaon,Gumgaon Mine,Friday,3,706,648,58,8.22,Medium,equipment_downtime,0.0,15.1,33.6,0.253,4.3,1.4,0.4,2.5,97.3,0.0,0.0,92.6,26
2023-03-25,gumgaon,Gumgaon Mine,Saturday,3,719,646,73,10.15,Medium,equipment_downtime,0.0,20.5,37.5,0.283,6.5,1.0,2.9,2.6,96.0,0.0,0.0,97.0,24
2023-03-26,gumgaon,Gumgaon Mine,Sunday,3,740,704,36,4.86,Low,equipment_downtime,0.0,21.0,35.0,0.289,4.6,1.1,1.7,1.8,97.2,0.0,0.0,91.7,28
2023-03-27,gumgaon,Gumgaon Mine,Monday,3,725,568,157,21.66,High,equipment_downtime,0.0,12.0,28.7,0.275,6.3,1.5,1.1,3.7,96.1,0.0,0.0,86.9,21
2023-03-28,gumgaon,Gumgaon Mine,Tuesday,3,751,582,169,22.5,High,equipment_downtime,0.0,17.5,34.2,0.197,7.9,1.3,2.4,4.2,95.1,0.0,0.0,87.0,21
2023-03-29,gumgaon,Gumgaon Mine,Wednesday,3,724,669,55,7.6,Medium,equipment_downtime,0.0,16.6,35.5,0.257,4.7,0.9,0.6,3.2,97.1,0.0,0.0,96.8,24
2023-03-30,gumgaon,Gumgaon Mine,Thursday,3,738,615,123,16.67,Medium,equipment_downtime,0.0,21.4,32.3,0.248,9.6,3.9,0.8,4.9,94.1,0.0,0.0,90.0,23
2023-03-31,gumgaon,Gumgaon Mine,Friday,3,697,620,77,11.05,Medium,equipment_downtime,0.0,15.4,37.0,0.201,3.8,1.3,0.9,1.6,97.7,0.0,0.0,86.9,26
2023-04-01,gumgaon,Gumgaon Mine,Saturday,4,733,689,44,6.0,Low,equipment_downtime,0.0,13.3,34.8,0.299,5.8,0.8,0.6,4.4,96.4,0.0,0.0,93.4,32
2023-04-02,gumgaon,Gumgaon Mine,Sunday,4,728,657,71,9.75,Medium,equipment_downtime,0.0,18.4,38.3,0.238,4.1,0.6,0.9,2.6,97.5,0.0,0.0,98.1,29
2023-04-03,gumgaon,Gumgaon Mine,Monday,4,728,712,16,2.2,Low,nominal_operations,0.0,16.3,33.5,0.18,3.1,0.6,0.4,2.1,98.0,0.0,0.0,90.5,28
2023-04-04,gumgaon,Gumgaon Mine,Tuesday,4,708,600,108,15.25,Medium,equipment_downtime,0.0,16.7,37.0,0.18,4.2,1.3,0.8,2.1,97.4,2.1,0.0,92.7,25
2023-04-05,gumgaon,Gumgaon Mine,Wednesday,4,734,489,245,33.38,High,equipment_downtime,0.0,17.2,36.9,0.201,18.3,4.4,1.9,12.0,88.7,0.0,0.0,99.0,18
2023-04-06,gumgaon,Gumgaon Mine,Thursday,4,744,655,89,11.96,Medium,equipment_downtime,0.0,13.5,38.0,0.222,4.9,1.5,1.7,1.7,97.0,0.0,0.0,93.7,27
2023-04-07,gumgaon,Gumgaon Mine,Friday,4,727,660,67,9.22,Medium,equipment_downtime,3.5,14.7,34.2,0.189,4.0,1.1,1.3,1.6,97.5,0.0,0.0,96.5,22
2023-04-08,gumgaon,Gumgaon Mine,Saturday,4,739,687,52,7.04,Medium,equipment_downtime,0.0,15.0,35.6,0.198,4.2,0.2,0.7,3.3,97.4,0.0,0.0,95.8,29
2023-04-09,gumgaon,Gumgaon Mine,Sunday,4,744,662,82,11.02,Medium,equipment_downtime,0.0,15.7,35.1,0.22,4.6,0.4,1.0,3.2,97.2,0.0,0.0,88.6,25
2023-04-10,gumgaon,Gumgaon Mine,Monday,4,754,675,79,10.48,Medium,equipment_downtime,5.3,17.7,34.8,0.18,4.2,1.3,1.8,1.1,97.4,0.0,0.0,95.0,29
2023-04-11,gumgaon,Gumgaon Mine,Tuesday,4,721,607,114,15.81,Medium,equipment_downtime,0.0,15.0,36.1,0.207,7.0,0.7,3.2,3.1,95.7,0.0,0.0,89.8,27
2023-04-12,gumgaon,Gumgaon Mine,Wednesday,4,745,680,65,8.72,Medium,blasting_delays,0.0,16.2,36.9,0.18,2.6,0.7,0.6,1.3,98.0,1.7,0.0,96.0,25
2023-04-13,gumgaon,Gumgaon Mine,Thursday,4,740,665,75,10.14,Medium,equipment_downtime,0.0,15.9,35.7,0.18,3.7,0.9,1.3,1.5,97.7,0.0,0.0,89.8,26
2023-04-14,gumgaon,Gumgaon Mine,Friday,4,724,604,120,16.57,Medium,equipment_downtime,0.0,16.5,36.4,0.18,9.8,1.6,4.2,4.0,94.0,0.0,0.0,91.7,23
2023-04-15,gumgaon,Gumgaon Mine,Saturday,4,743,601,142,19.11,High,equipment_downtime,0.0,13.0,39.7,0.305,7.6,0.4,5.7,1.5,95.3,0.0,0.0,88.7,23
2023-04-16,gumgaon,Gumgaon Mine,Sunday,4,731,685,46,6.29,Medium,equipment_downtime,0.0,14.0,37.9,0.242,4.0,0.9,1.0,2.1,97.5,0.0,0.0,93.5,26
2023-04-17,gumgaon,Gumgaon Mine,Monday,4,712,638,74,10.39,Medium,equipment_downtime,0.0,14.3,36.1,0.18,5.0,0.8,0.7,3.5,96.9,0.0,0.0,92.1,25
2023-04-18,gumgaon,Gumgaon Mine,Tuesday,4,732,640,92,12.57,Medium,equipment_downtime,0.0,18.0,36.5,0.208,9.4,1.4,6.4,1.6,94.2,0.0,0.0,93.5,27
2023-04-19,gumgaon,Gumgaon Mine,Wednesday,4,722,634,88,12.19,Medium,equipment_downtime,0.0,19.6,39.4,0.21,8.9,0.5,5.0,3.4,94.5,0.0,0.0,99.0,26
2023-04-20,gumgaon,Gumgaon Mine,Thursday,4,736,632,104,14.13,Medium,equipment_downtime,0.0,18.5,36.2,0.207,6.6,0.4,3.1,3.1,95.9,0.0,0.0,88.3,23
2023-04-21,gumgaon,Gumgaon Mine,Friday,4,714,627,87,12.18,Medium,equipment_downtime,0.0,14.7,39.3,0.223,6.0,1.4,1.5,3.1,96.3,0.0,0.0,91.3,25
2023-04-22,gumgaon,Gumgaon Mine,Saturday,4,744,681,63,8.47,Medium,equipment_downtime,0.0,12.8,42.7,0.251,6.2,1.3,0.5,4.4,96.2,0.0,0.0,94.0,26
2023-04-23,gumgaon,Gumgaon Mine,Sunday,4,748,698,50,6.68,Medium,equipment_downtime,0.0,17.1,38.5,0.18,3.7,1.4,0.8,1.5,97.7,0.0,0.0,96.1,28
2023-04-24,gumgaon,Gumgaon Mine,Monday,4,743,652,91,12.25,Medium,equipment_downtime,0.0,13.7,40.5,0.194,8.5,0.7,5.5,2.3,94.8,0.0,0.0,91.9,23
2023-04-25,gumgaon,Gumgaon Mine,Tuesday,4,748,684,64,8.56,Medium,equipment_downtime,0.0,11.7,34.7,0.189,3.0,0.7,1.3,1.0,98.0,0.0,0.0,90.6,27
2023-04-26,gumgaon,Gumgaon Mine,Wednesday,4,745,654,91,12.21,Medium,equipment_downtime,0.0,12.6,38.5,0.25,3.0,0.6,0.3,2.1,98.0,0.0,0.0,88.9,30
2023-04-27,gumgaon,Gumgaon Mine,Thursday,4,721,671,50,6.93,Medium,equipment_downtime,0.0,21.1,35.2,0.18,5.6,1.1,0.5,4.0,96.5,0.0,0.0,95.7,26
2023-04-28,gumgaon,Gumgaon Mine,Friday,4,715,627,88,12.31,Medium,equipment_downtime,0.0,17.1,38.2,0.191,6.3,1.1,1.4,3.8,96.1,0.0,0.0,94.3,26
2023-04-29,gumgaon,Gumgaon Mine,Saturday,4,741,421,320,43.18,High,equipment_downtime,0.0,16.7,38.9,0.18,25.5,5.5,0.9,19.1,84.3,0.0,0.0,95.7,19
2023-04-30,gumgaon,Gumgaon Mine,Sunday,4,757,704,53,7.0,Medium,equipment_downtime,0.0,14.0,38.8,0.216,5.8,0.3,1.7,3.8,96.4,0.0,0.0,99.0,28
2023-05-01,gumgaon,Gumgaon Mine,Monday,5,721,681,40,5.55,Low,equipment_downtime,0.0,13.8,36.9,0.18,5.2,0.9,1.9,2.4,96.8,0.0,0.0,90.2,27
2023-05-02,gumgaon,Gumgaon Mine,Tuesday,5,726,652,74,10.19,Medium,equipment_downtime,0.0,15.3,38.3,0.189,5.5,1.5,0.2,3.8,96.6,0.0,0.0,91.3,25
2023-05-03,gumgaon,Gumgaon Mine,Wednesday,5,710,635,75,10.56,Medium,equipment_downtime,0.0,17.5,39.5,0.254,5.0,1.1,1.9,2.0,96.9,0.0,0.0,97.0,23
2023-05-04,gumgaon,Gumgaon Mine,Thursday,5,721,636,85,11.79,Medium,equipment_downtime,0.0,18.7,38.0,0.18,5.5,0.3,1.7,3.5,96.6,0.0,0.0,96.6,27
2023-05-05,gumgaon,Gumgaon Mine,Friday,5,710,649,61,8.59,Medium,equipment_downtime,0.0,15.2,39.7,0.207,2.9,0.3,1.0,1.6,98.0,0.0,0.0,87.7,27
2023-05-06,gumgaon,Gumgaon Mine,Saturday,5,743,689,54,7.27,Medium,equipment_downtime,0.0,17.1,38.6,0.264,4.8,0.6,1.6,2.6,97.0,0.0,0.0,92.2,28
2023-05-07,gumgaon,Gumgaon Mine,Sunday,5,720,469,251,34.86,High,equipment_downtime,0.0,19.0,41.1,0.18,18.9,11.1,0.5,7.3,88.3,0.0,0.0,92.9,20
2023-05-08,gumgaon,Gumgaon Mine,Monday,5,729,656,73,10.01,Medium,equipment_downtime,0.0,14.6,39.5,0.223,3.1,0.7,0.3,2.1,98.0,0.0,0.0,88.4,23
2023-05-09,gumgaon,Gumgaon Mine,Tuesday,5,732,667,65,8.88,Medium,equipment_downtime,0.0,16.3,37.5,0.18,6.0,0.6,1.1,4.3,96.3,0.0,0.0,91.3,31
2023-05-10,gumgaon,Gumgaon Mine,Wednesday,5,739,465,274,37.08,High,equipment_downtime,0.0,15.7,39.5,0.219,23.8,4.1,0.5,19.2,85.3,0.0,0.0,93.3,16
2023-05-11,gumgaon,Gumgaon Mine,Thursday,5,729,622,107,14.68,Medium,equipment_downtime,0.0,13.3,37.9,0.261,6.2,1.4,1.3,3.5,96.2,0.0,0.0,90.0,24
2023-05-12,gumgaon,Gumgaon Mine,Friday,5,721,647,74,10.26,Medium,equipment_downtime,0.0,15.7,36.7,0.22,5.5,0.8,1.5,3.2,96.6,0.0,0.0,94.8,21
2023-05-13,gumgaon,Gumgaon Mine,Saturday,5,737,599,138,18.72,High,equipment_downtime,0.0,15.3,40.1,0.221,7.1,0.9,2.5,3.7,95.6,0.0,0.0,93.6,27
2023-05-14,gumgaon,Gumgaon Mine,Sunday,5,733,625,108,14.73,Medium,equipment_downtime,0.0,16.2,42.1,0.272,6.1,0.4,1.3,4.4,96.2,0.0,0.0,96.6,25
2023-05-15,gumgaon,Gumgaon Mine,Monday,5,714,692,22,3.08,Low,equipment_downtime,0.0,17.3,39.7,0.195,5.8,1.0,1.0,3.8,96.4,0.0,0.0,93.4,29
2023-05-16,gumgaon,Gumgaon Mine,Tuesday,5,721,631,90,12.48,Medium,equipment_downtime,0.0,17.3,36.4,0.262,6.1,0.8,1.1,4.2,96.2,0.0,0.0,89.9,21
2023-05-17,gumgaon,Gumgaon Mine,Wednesday,5,743,620,123,16.55,Medium,equipment_downtime,0.0,17.2,42.4,0.2,5.5,1.3,3.1,1.1,96.6,0.0,0.0,95.0,23
2023-05-18,gumgaon,Gumgaon Mine,Thursday,5,728,626,102,14.01,Medium,equipment_downtime,0.8,16.0,37.0,0.282,4.9,0.4,1.4,3.1,97.0,0.0,0.0,89.2,23
2023-05-19,gumgaon,Gumgaon Mine,Friday,5,742,652,90,12.13,Medium,equipment_downtime,0.0,18.5,39.4,0.266,8.6,0.2,6.5,1.9,94.7,0.0,0.0,92.7,27
2023-05-20,gumgaon,Gumgaon Mine,Saturday,5,704,502,202,28.69,High,equipment_downtime,0.0,14.2,35.1,0.233,15.7,2.8,0.9,12.0,90.3,0.3,0.0,95.9,21
2023-05-21,gumgaon,Gumgaon Mine,Sunday,5,755,619,136,18.01,High,equipment_downtime,0.0,17.1,37.9,0.198,6.5,1.3,1.4,3.8,96.0,0.0,0.0,92.7,25
2023-05-22,gumgaon,Gumgaon Mine,Monday,5,717,641,76,10.6,Medium,equipment_downtime,0.0,20.2,38.4,0.232,5.4,0.8,1.2,3.4,96.7,0.0,0.0,95.7,26
2023-05-23,gumgaon,Gumgaon Mine,Tuesday,5,722,605,117,16.2,Medium,equipment_downtime,0.0,15.1,43.0,0.229,4.8,1.1,1.2,2.5,97.0,0.0,0.0,87.9,26
2023-05-24,gumgaon,Gumgaon Mine,Wednesday,5,737,583,154,20.9,High,labor_attendance,0.0,18.7,39.8,0.222,5.3,1.2,0.8,3.3,96.7,0.0,0.0,82.6,21
2023-05-25,gumgaon,Gumgaon Mine,Thursday,5,729,690,39,5.35,Low,equipment_downtime,4.1,19.7,38.0,0.292,4.8,0.2,0.4,4.2,97.0,0.0,0.0,94.1,27
2023-05-26,gumgaon,Gumgaon Mine,Friday,5,717,611,106,14.78,Medium,equipment_downtime,0.0,16.9,41.5,0.18,6.8,1.0,1.6,4.2,95.8,0.0,0.0,97.2,25
2023-05-27,gumgaon,Gumgaon Mine,Saturday,5,763,727,36,4.72,Low,equipment_downtime,0.0,18.3,37.3,0.247,6.1,1.3,1.6,3.2,96.2,0.0,0.0,96.5,26
2023-05-28,gumgaon,Gumgaon Mine,Sunday,5,713,595,118,16.55,Medium,equipment_downtime,0.0,12.8,36.4,0.249,6.3,0.5,1.4,4.4,96.1,0.0,0.0,90.5,26
2023-05-29,gumgaon,Gumgaon Mine,Monday,5,719,575,144,20.03,High,equipment_downtime,0.0,13.0,37.3,0.248,11.0,2.3,1.0,7.7,93.2,0.0,0.0,97.0,24
2023-05-30,gumgaon,Gumgaon Mine,Tuesday,5,719,666,53,7.37,Medium,equipment_downtime,0.0,23.5,37.7,0.235,5.2,1.1,1.1,3.0,96.8,0.0,0.0,92.1,25
2023-05-31,gumgaon,Gumgaon Mine,Wednesday,5,750,719,31,4.13,Low,equipment_downtime,0.0,20.7,41.8,0.288,3.5,0.4,1.4,1.7,97.8,0.0,0.0,93.4,32
2023-06-01,gumgaon,Gumgaon Mine,Thursday,6,691,538,153,22.14,High,equipment_downtime,0.9,20.2,41.1,0.218,9.7,2.8,1.5,5.4,94.0,0.0,0.0,89.9,22
2023-06-02,gumgaon,Gumgaon Mine,Friday,6,710,632,78,10.99,Medium,equipment_downtime,1.2,18.7,38.4,0.197,6.6,0.6,1.6,4.4,95.9,0.0,0.0,99.0,30
2023-06-03,gumgaon,Gumgaon Mine,Saturday,6,705,109,596,84.54,High,weather_stoppage,61.6,43.5,32.3,0.24,5.5,1.3,0.7,3.5,96.6,0.0,8.3,86.1,6
2023-06-04,gumgaon,Gumgaon Mine,Sunday,6,720,646,74,10.28,Medium,equipment_downtime,2.5,24.0,40.2,0.191,5.8,1.7,1.2,2.9,96.4,0.0,0.0,92.2,26
2023-06-05,gumgaon,Gumgaon Mine,Monday,6,703,474,229,32.57,High,weather_stoppage,31.3,29.5,35.3,0.31,5.3,1.0,1.3,3.0,96.7,0.0,3.8,92.5,16
2023-06-06,gumgaon,Gumgaon Mine,Tuesday,6,689,102,587,85.2,High,weather_stoppage,65.1,42.2,31.6,0.315,9.7,1.7,2.2,5.8,94.0,3.5,8.5,92.7,5
2023-06-07,gumgaon,Gumgaon Mine,Wednesday,6,720,655,65,9.03,Medium,equipment_downtime,3.1,27.2,41.3,0.349,3.7,1.4,0.6,1.7,97.7,0.0,0.0,88.8,26
2023-06-08,gumgaon,Gumgaon Mine,Thursday,6,709,586,123,17.35,Medium,labor_attendance,2.8,30.4,41.2,0.284,5.1,0.2,2.9,2.0,96.9,0.0,0.0,84.0,21
2023-06-09,gumgaon,Gumgaon Mine,Friday,6,714,611,103,14.43,Medium,equipment_downtime,22.8,27.4,38.1,0.233,5.1,0.3,0.3,4.5,96.9,0.0,0.0,91.5,27
2023-06-10,gumgaon,Gumgaon Mine,Saturday,6,700,649,51,7.29,Medium,equipment_downtime,2.2,25.9,39.2,0.269,3.6,0.9,0.8,1.9,97.8,0.0,0.0,92.2,24
2023-06-11,gumgaon,Gumgaon Mine,Sunday,6,698,574,124,17.77,Medium,equipment_downtime,0.0,22.1,40.6,0.28,8.2,3.1,0.8,4.3,94.9,0.0,0.0,87.9,22
2023-06-12,gumgaon,Gumgaon Mine,Monday,6,742,674,68,9.16,Medium,equipment_downtime,1.0,24.2,40.3,0.256,4.7,0.5,1.5,2.7,97.1,0.0,0.0,89.8,28
2023-06-13,gumgaon,Gumgaon Mine,Tuesday,6,697,599,98,14.06,Medium,equipment_downtime,1.5,24.8,39.9,0.278,7.1,1.5,1.4,4.2,95.6,0.1,0.0,90.9,25
2023-06-14,gumgaon,Gumgaon Mine,Wednesday,6,700,216,484,69.14,High,weather_stoppage,53.5,43.7,35.5,0.18,4.2,0.9,1.1,2.2,97.4,0.0,7.3,88.6,11
2023-06-15,gumgaon,Gumgaon Mine,Thursday,6,690,677,13,1.88,Low,nominal_operations,4.1,25.0,37.5,0.262,2.8,1.1,0.5,1.2,98.0,0.0,0.0,96.9,26
2023-06-16,gumgaon,Gumgaon Mine,Friday,6,708,653,55,7.77,Medium,equipment_downtime,3.7,22.7,36.9,0.283,5.1,1.3,1.7,2.1,96.9,0.0,0.0,90.5,25
2023-06-17,gumgaon,Gumgaon Mine,Saturday,6,720,615,105,14.58,Medium,equipment_downtime,4.3,28.6,39.3,0.302,6.7,0.8,2.1,3.8,95.9,0.0,0.0,92.5,24
2023-06-18,gumgaon,Gumgaon Mine,Sunday,6,692,425,267,38.58,High,equipment_downtime,17.9,30.1,39.5,0.351,14.6,0.9,12.0,1.7,91.0,0.4,0.0,86.8,17
2023-06-19,gumgaon,Gumgaon Mine,Monday,6,720,582,138,19.17,High,equipment_downtime,2.2,30.0,36.4,0.25,7.2,1.2,3.7,2.3,95.6,0.0,0.0,89.9,20
2023-06-20,gumgaon,Gumgaon Mine,Tuesday,6,698,633,65,9.31,Medium,equipment_downtime,10.3,27.5,36.8,0.264,3.1,0.3,1.4,1.4,98.0,0.0,0.0,91.3,28
2023-06-21,gumgaon,Gumgaon Mine,Wednesday,6,712,445,267,37.5,High,weather_stoppage,39.3,36.0,32.9,0.372,4.0,0.5,1.0,2.5,97.5,0.0,5.0,93.2,15
2023-06-22,gumgaon,Gumgaon Mine,Thursday,6,704,657,47,6.68,Medium,equipment_downtime,2.9,29.3,38.0,0.283,6.1,0.9,1.5,3.7,96.2,0.0,0.0,91.6,29
2023-06-23,gumgaon,Gumgaon Mine,Friday,6,702,581,121,17.24,Medium,equipment_downtime,3.7,26.7,39.3,0.262,7.0,1.0,3.6,2.4,95.7,0.0,0.0,86.3,24
2023-06-24,gumgaon,Gumgaon Mine,Saturday,6,719,636,83,11.54,Medium,equipment_downtime,0.3,30.7,40.2,0.323,3.3,1.1,0.5,1.7,98.0,0.0,0.0,89.3,25
2023-06-25,gumgaon,Gumgaon Mine,Sunday,6,708,653,55,7.77,Medium,equipment_downtime,0.2,26.1,35.8,0.291,5.9,0.5,1.7,3.7,96.4,0.0,0.0,89.5,26
2023-06-26,gumgaon,Gumgaon Mine,Monday,6,703,649,54,7.68,Medium,equipment_downtime,3.8,30.4,37.7,0.309,5.7,0.7,1.2,3.8,96.5,0.0,0.0,93.7,24
2023-06-27,gumgaon,Gumgaon Mine,Tuesday,6,703,619,84,11.95,Medium,equipment_downtime,0.2,26.0,40.9,0.267,9.0,0.6,6.4,2.0,94.4,0.0,0.0,92.9,25
2023-06-28,gumgaon,Gumgaon Mine,Wednesday,6,704,598,106,15.06,Medium,labor_attendance,3.0,28.7,40.1,0.242,3.7,0.7,1.4,1.6,97.7,0.3,0.0,81.0,20
2023-06-29,gumgaon,Gumgaon Mine,Thursday,6,706,658,48,6.8,Medium,equipment_downtime,5.2,33.3,36.5,0.339,4.3,0.3,0.7,3.3,97.3,0.0,0.0,92.8,28
2023-06-30,gumgaon,Gumgaon Mine,Friday,6,692,589,103,14.88,Medium,equipment_downtime,13.0,34.2,37.2,0.286,5.5,1.0,0.4,4.1,96.6,0.5,0.0,87.0,26
2023-07-01,gumgaon,Gumgaon Mine,Saturday,7,683,640,43,6.3,Medium,equipment_downtime,0.0,29.6,38.6,0.362,6.5,1.5,0.8,4.2,96.0,0.0,0.0,95.1,26
2023-07-02,gumgaon,Gumgaon Mine,Sunday,7,688,405,283,41.13,High,equipment_downtime,27.6,40.2,33.4,0.343,11.2,1.9,1.2,8.1,93.1,0.0,2.5,93.3,16
2023-07-03,gumgaon,Gumgaon Mine,Monday,7,678,616,62,9.14,Medium,equipment_downtime,1.9,31.6,37.8,0.308,5.2,1.1,1.5,2.6,96.8,0.0,0.0,90.2,27
2023-07-04,gumgaon,Gumgaon Mine,Tuesday,7,691,603,88,12.74,Medium,equipment_downtime,6.5,32.0,37.6,0.351,6.7,0.6,3.2,2.9,95.9,0.0,0.0,90.6,26
2023-07-05,gumgaon,Gumgaon Mine,Wednesday,7,665,102,563,84.66,High,weather_stoppage,92.4,54.0,30.0,0.308,11.2,4.9,1.3,5.0,93.1,0.0,12.0,91.2,5
2023-07-06,gumgaon,Gumgaon Mine,Thursday,7,713,641,72,10.1,Medium,equipment_downtime,3.9,31.2,35.7,0.336,5.4,0.7,0.8,3.9,96.7,0.0,0.0,95.1,22
2023-07-07,gumgaon,Gumgaon Mine,Friday,7,695,658,37,5.32,Low,equipment_downtime,0.8,36.0,34.6,0.31,5.4,0.9,1.5,3.0,96.7,0.0,0.0,96.2,28
2023-07-08,gumgaon,Gumgaon Mine,Saturday,7,678,684,0,0.0,Low,nominal_operations,9.7,31.7,34.4,0.31,2.0,0.4,0.4,1.2,98.0,0.0,0.0,98.7,29
2023-07-09,gumgaon,Gumgaon Mine,Sunday,7,672,538,134,19.94,High,equipment_downtime,0.0,30.7,39.3,0.359,7.5,0.6,5.2,1.7,95.4,0.0,0.0,91.8,22
2023-07-10,gumgaon,Gumgaon Mine,Monday,7,685,642,43,6.28,Medium,equipment_downtime,6.3,36.0,34.7,0.364,4.0,0.9,1.4,1.7,97.5,0.0,0.0,93.8,27
2023-07-11,gumgaon,Gumgaon Mine,Tuesday,7,675,554,121,17.93,Medium,equipment_downtime,10.2,41.3,35.7,0.32,4.3,1.2,1.1,2.0,97.3,0.0,0.0,91.6,22
2023-07-12,gumgaon,Gumgaon Mine,Wednesday,7,696,635,61,8.76,Medium,equipment_downtime,3.0,37.9,38.1,0.38,3.8,1.3,1.0,1.5,97.7,0.0,0.0,95.3,29
2023-07-13,gumgaon,Gumgaon Mine,Thursday,7,700,550,150,21.43,High,weather_stoppage,26.8,38.0,36.0,0.359,3.2,0.7,1.0,1.5,98.0,0.0,3.0,89.9,21
2023-07-14,gumgaon,Gumgaon Mine,Friday,7,670,634,36,5.37,Low,equipment_downtime,3.0,37.5,38.2,0.345,5.3,1.0,1.8,2.5,96.7,0.0,0.0,92.7,29
2023-07-15,gumgaon,Gumgaon Mine,Saturday,7,694,689,5,0.72,Low,nominal_operations,1.0,35.7,34.4,0.374,4.9,1.3,0.3,3.3,97.0,0.0,0.0,91.9,31
2023-07-16,gumgaon,Gumgaon Mine,Sunday,7,695,647,48,6.91,Medium,equipment_downtime,1.6,38.7,38.6,0.326,5.7,0.7,0.6,4.4,96.5,0.0,0.0,92.9,23
2023-07-17,gumgaon,Gumgaon Mine,Monday,7,682,620,62,9.09,Medium,equipment_downtime,2.0,29.9,37.1,0.412,3.1,0.6,1.0,1.5,98.0,0.0,0.0,99.0,27
2023-07-18,gumgaon,Gumgaon Mine,Tuesday,7,681,578,103,15.12,Medium,equipment_downtime,1.1,33.9,36.8,0.306,6.2,0.6,1.1,4.5,96.2,0.0,0.0,87.5,21
2023-07-19,gumgaon,Gumgaon Mine,Wednesday,7,684,618,66,9.65,Medium,equipment_downtime,4.0,35.7,37.8,0.406,5.9,1.5,2.0,2.4,96.4,0.0,0.0,96.7,27
2023-07-20,gumgaon,Gumgaon Mine,Thursday,7,661,532,129,19.52,High,equipment_downtime,4.7,41.2,34.0,0.381,7.1,1.3,1.3,4.5,95.6,0.0,0.0,90.6,21
2023-07-21,gumgaon,Gumgaon Mine,Friday,7,695,634,61,8.78,Medium,equipment_downtime,1.5,31.9,37.3,0.41,5.6,1.4,2.0,2.2,96.5,0.0,0.0,93.7,26
2023-07-22,gumgaon,Gumgaon Mine,Saturday,7,680,449,231,33.97,High,equipment_downtime,3.3,40.2,36.8,0.406,15.6,3.2,1.8,10.6,90.4,0.0,0.0,95.1,19
2023-07-23,gumgaon,Gumgaon Mine,Sunday,7,689,545,144,20.9,High,equipment_downtime,21.7,41.1,31.7,0.404,9.7,0.6,5.5,3.6,94.0,0.0,0.0,86.8,23
2023-07-24,gumgaon,Gumgaon Mine,Monday,7,665,534,131,19.7,High,equipment_downtime,4.4,35.1,35.0,0.413,6.5,1.5,1.3,3.7,96.0,0.0,0.0,94.1,24
2023-07-25,gumgaon,Gumgaon Mine,Tuesday,7,687,102,585,85.15,High,weather_stoppage,145.0,58.0,16.0,0.429,2.7,0.3,0.9,1.5,98.0,0.0,12.0,91.2,5
2023-07-26,gumgaon,Gumgaon Mine,Wednesday,7,658,335,323,49.09,High,weather_stoppage,35.4,46.4,32.9,0.43,4.9,0.6,0.7,3.6,97.0,0.5,4.1,91.5,14
2023-07-27,gumgaon,Gumgaon Mine,Thursday,7,631,219,412,65.29,High,weather_stoppage,46.3,51.8,29.7,0.374,4.0,1.4,1.2,1.4,97.5,0.0,4.9,90.8,6
2023-07-28,gumgaon,Gumgaon Mine,Friday,7,698,597,101,14.47,Medium,equipment_downtime,6.6,39.0,36.3,0.397,4.9,0.7,0.5,3.7,97.0,0.0,0.0,99.0,23
2023-07-29,gumgaon,Gumgaon Mine,Saturday,7,680,563,117,17.21,Medium,equipment_downtime,21.9,43.4,33.9,0.429,4.1,0.5,0.4,3.2,97.5,0.0,0.0,89.6,21
2023-07-30,gumgaon,Gumgaon Mine,Sunday,7,679,459,220,32.4,High,weather_stoppage,34.8,42.9,31.1,0.437,4.8,0.8,1.7,2.3,97.0,0.0,3.3,96.5,17
2023-07-31,gumgaon,Gumgaon Mine,Monday,7,699,510,189,27.04,High,equipment_downtime,10.4,40.0,35.6,0.397,10.8,5.6,0.6,4.6,93.3,0.0,0.0,85.9,19
2023-08-01,gumgaon,Gumgaon Mine,Tuesday,8,688,599,89,12.94,Medium,equipment_downtime,2.3,40.3,37.2,0.441,5.3,0.3,1.3,3.7,96.7,0.0,0.0,92.9,24
2023-08-02,gumgaon,Gumgaon Mine,Wednesday,8,665,534,131,19.7,High,equipment_downtime,3.2,35.7,30.7,0.407,5.7,0.7,0.8,4.2,96.5,0.7,0.0,93.7,21
2023-08-03,gumgaon,Gumgaon Mine,Thursday,8,669,615,54,8.07,Medium,equipment_downtime,3.9,40.0,33.4,0.568,4.5,1.2,1.7,1.6,97.2,0.0,0.0,90.1,25
2023-08-04,gumgaon,Gumgaon Mine,Friday,8,659,576,83,12.59,Medium,equipment_downtime,3.8,38.0,33.5,0.465,5.0,0.3,1.5,3.2,96.9,0.0,0.0,93.2,25
2023-08-05,gumgaon,Gumgaon Mine,Saturday,8,656,485,171,26.07,High,labor_attendance,9.3,42.5,33.7,0.497,4.7,0.8,0.8,3.1,97.1,0.0,0.0,83.6,21
2023-08-06,gumgaon,Gumgaon Mine,Sunday,8,657,580,77,11.72,Medium,equipment_downtime,4.8,40.7,31.8,0.441,5.1,1.5,1.6,2.0,96.9,0.0,0.0,99.0,20
2023-08-07,gumgaon,Gumgaon Mine,Monday,8,638,473,165,25.86,High,equipment_downtime,1.1,39.1,36.8,0.456,14.9,5.8,2.2,6.9,90.8,0.0,0.0,94.7,17
2023-08-08,gumgaon,Gumgaon Mine,Tuesday,8,647,553,94,14.53,Medium,equipment_downtime,5.0,39.7,35.3,0.454,4.9,0.9,0.3,3.7,97.0,0.0,0.0,97.6,24
2023-08-09,gumgaon,Gumgaon Mine,Wednesday,8,637,542,95,14.91,Medium,equipment_downtime,0.3,39.7,34.1,0.452,4.9,0.7,0.5,3.7,97.0,0.0,0.0,98.1,21
2023-08-10,gumgaon,Gumgaon Mine,Thursday,8,673,102,571,84.84,High,weather_stoppage,121.0,58.0,17.9,0.508,4.5,0.5,1.8,2.2,97.2,0.0,12.0,93.8,5
2023-08-11,gumgaon,Gumgaon Mine,Friday,8,669,619,50,7.47,Medium,equipment_downtime,1.6,36.9,31.9,0.472,5.2,0.9,1.8,2.5,96.8,0.0,0.0,88.9,28
2023-08-12,gumgaon,Gumgaon Mine,Saturday,8,654,485,169,25.84,High,equipment_downtime,19.6,42.8,28.2,0.485,5.5,1.4,1.0,3.1,96.6,0.0,0.0,88.8,21
2023-08-13,gumgaon,Gumgaon Mine,Sunday,8,650,521,129,19.85,High,equipment_downtime,1.9,40.8,32.8,0.421,6.0,1.0,1.9,3.1,96.3,0.0,0.0,93.8,20
2023-08-14,gumgaon,Gumgaon Mine,Monday,8,654,466,188,28.75,High,equipment_downtime,3.9,37.6,31.1,0.462,13.5,1.3,9.4,2.8,91.7,0.0,0.0,90.4,21
2023-08-15,gumgaon,Gumgaon Mine,Tuesday,8,606,452,154,25.41,High,equipment_downtime,2.8,42.8,33.2,0.425,4.9,0.3,1.0,3.6,97.0,0.0,0.0,85.8,16
2023-08-16,gumgaon,Gumgaon Mine,Wednesday,8,667,535,132,19.79,High,equipment_downtime,4.3,42.2,34.5,0.448,6.7,0.2,2.0,4.5,95.9,0.0,0.0,96.1,16
2023-08-17,gumgaon,Gumgaon Mine,Thursday,8,628,532,96,15.29,Medium,equipment_downtime,4.6,42.2,30.1,0.539,5.3,1.0,1.4,2.9,96.7,0.0,0.0,92.5,21
2023-08-18,gumgaon,Gumgaon Mine,Friday,8,645,606,39,6.05,Medium,equipment_downtime,12.5,40.0,30.1,0.502,5.0,0.8,0.5,3.7,96.9,0.0,0.0,97.8,26
2023-08-19,gumgaon,Gumgaon Mine,Saturday,8,642,480,162,25.23,High,weather_stoppage,3.8,45.1,30.1,0.543,4.5,0.4,0.4,3.7,97.2,0.0,0.0,85.7,17
2023-08-20,gumgaon,Gumgaon Mine,Sunday,8,666,592,74,11.11,Medium,equipment_downtime,2.5,36.6,35.0,0.521,6.0,0.9,2.2,2.9,96.3,0.0,0.0,95.5,26
2023-08-21,gumgaon,Gumgaon Mine,Monday,8,644,538,106,16.46,Medium,equipment_downtime,14.6,43.1,27.6,0.555,5.6,1.1,0.2,4.3,96.5,0.0,0.0,92.5,23
2023-08-22,gumgaon,Gumgaon Mine,Tuesday,8,664,102,562,84.64,High,weather_stoppage,68.4,58.0,26.3,0.551,4.0,0.4,1.7,1.9,97.5,0.8,10.0,93.7,5
2023-08-23,gumgaon,Gumgaon Mine,Wednesday,8,638,429,209,32.76,High,equipment_downtime,0.4,40.2,35.6,0.491,10.1,3.4,0.7,6.0,93.8,3.8,0.0,94.7,23
2023-08-24,gumgaon,Gumgaon Mine,Thursday,8,671,602,69,10.28,Medium,equipment_downtime,3.3,36.0,31.6,0.447,4.8,0.4,0.7,3.7,97.0,0.0,0.0,89.1,24
2023-08-25,gumgaon,Gumgaon Mine,Friday,8,651,636,15,2.3,Low,nominal_operations,1.2,36.2,32.0,0.456,4.4,0.6,1.8,2.0,97.3,0.0,0.0,95.3,27
2023-08-26,gumgaon,Gumgaon Mine,Saturday,8,659,550,109,16.54,Medium,equipment_downtime,7.6,35.7,32.6,0.499,5.0,1.4,0.5,3.1,96.9,0.5,0.0,91.8,20
2023-08-27,gumgaon,Gumgaon Mine,Sunday,8,646,441,205,31.73,High,equipment_downtime,15.8,40.9,29.5,0.566,15.8,4.3,1.3,10.2,90.2,0.0,0.0,94.1,19
2023-08-28,gumgaon,Gumgaon Mine,Monday,8,611,502,109,17.84,Medium,equipment_downtime,1.4,37.7,27.3,0.47,6.0,0.7,1.4,3.9,96.3,0.1,0.0,95.7,20
2023-08-29,gumgaon,Gumgaon Mine,Tuesday,8,633,304,329,51.97,High,weather_stoppage,38.9,49.7,26.2,0.526,3.4,1.5,0.3,1.6,97.9,0.2,4.8,99.0,9
2023-08-30,gumgaon,Gumgaon Mine,Wednesday,8,648,548,100,15.43,Medium,equipment_downtime,3.2,42.5,26.5,0.581,5.2,1.4,0.5,3.3,96.8,0.0,0.0,94.5,20
2023-08-31,gumgaon,Gumgaon Mine,Thursday,8,665,456,209,31.43,High,weather_stoppage,26.2,46.2,29.2,0.54,2.6,0.7,0.3,1.6,98.0,0.4,2.4,95.2,17
2023-09-01,gumgaon,Gumgaon Mine,Friday,9,625,354,271,43.36,High,equipment_downtime,14.6,37.2,27.4,0.6,20.7,11.6,0.7,8.4,87.2,0.0,0.0,93.1,13
2023-09-02,gumgaon,Gumgaon Mine,Saturday,9,626,559,67,10.7,Medium,equipment_downtime,1.5,39.0,32.1,0.489,5.0,0.5,0.5,4.0,96.9,0.0,0.0,99.0,24
2023-09-03,gumgaon,Gumgaon Mine,Sunday,9,654,102,552,84.4,High,weather_stoppage,40.2,46.7,26.5,0.582,20.9,4.0,1.5,15.4,87.1,0.0,4.7,91.7,5
2023-09-04,gumgaon,Gumgaon Mine,Monday,9,633,102,531,83.89,High,weather_stoppage,54.4,49.6,20.6,0.6,5.9,1.0,1.1,3.8,96.4,0.0,7.3,94.7,5
2023-09-05,gumgaon,Gumgaon Mine,Tuesday,9,638,442,196,30.72,High,equipment_downtime,2.9,39.5,33.2,0.539,18.2,3.2,1.2,13.8,88.8,0.0,0.0,90.9,17
2023-09-06,gumgaon,Gumgaon Mine,Wednesday,9,636,630,6,0.94,Low,nominal_operations,4.3,34.3,27.9,0.541,5.1,1.0,1.7,2.4,96.9,0.6,0.0,93.8,26
2023-09-07,gumgaon,Gumgaon Mine,Thursday,9,628,102,526,83.76,High,weather_stoppage,68.6,56.8,25.6,0.613,4.2,1.3,0.9,2.0,97.4,0.0,9.6,90.4,5
2023-09-08,gumgaon,Gumgaon Mine,Friday,9,634,536,98,15.46,Medium,equipment_downtime,0.6,35.0,32.3,0.58,5.7,1.3,0.9,3.5,96.5,0.0,0.0,89.0,22
2023-09-09,gumgaon,Gumgaon Mine,Saturday,9,650,473,177,27.23,High,weather_stoppage,24.3,47.2,27.3,0.553,4.1,0.6,2.0,1.5,97.5,0.0,0.0,95.9,20
2023-09-10,gumgaon,Gumgaon Mine,Sunday,9,649,590,59,9.09,Medium,equipment_downtime,0.2,35.8,29.2,0.558,3.9,0.5,1.2,2.2,97.6,0.0,0.0,91.9,25
2023-09-11,gumgaon,Gumgaon Mine,Monday,9,616,506,110,17.86,Medium,equipment_downtime,21.8,43.6,28.7,0.601,4.4,0.4,0.8,3.2,97.3,0.0,0.0,90.5,20
2023-09-12,gumgaon,Gumgaon Mine,Tuesday,9,627,459,168,26.79,High,equipment_downtime,7.3,39.9,27.0,0.568,13.0,4.8,1.8,6.4,92.0,0.0,0.0,98.3,19
2023-09-13,gumgaon,Gumgaon Mine,Wednesday,9,659,384,275,41.73,High,weather_stoppage,26.5,46.4,26.7,0.593,4.2,0.4,1.3,2.5,97.4,0.0,3.3,93.9,16
2023-09-14,gumgaon,Gumgaon Mine,Thursday,9,615,583,32,5.2,Low,equipment_downtime,11.2,37.6,26.6,0.571,5.3,1.2,0.8,3.3,96.7,0.0,0.0,92.8,23
2023-09-15,gumgaon,Gumgaon Mine,Friday,9,637,295,342,53.69,High,equipment_downtime,0.6,35.4,30.2,0.562,22.2,14.8,0.4,7.0,86.3,0.0,0.0,85.8,11
2023-09-16,gumgaon,Gumgaon Mine,Saturday,9,628,102,526,83.76,High,weather_stoppage,62.1,52.6,17.6,0.523,5.4,1.2,1.9,2.3,96.7,0.0,8.6,92.7,5
2023-09-17,gumgaon,Gumgaon Mine,Sunday,9,619,102,517,83.52,High,weather_stoppage,92.3,58.0,18.9,0.506,3.7,1.3,1.3,1.1,97.7,0.0,12.0,94.1,5
2023-09-18,gumgaon,Gumgaon Mine,Monday,9,634,289,345,54.42,High,equipment_downtime,5.7,38.3,27.1,0.57,25.1,5.4,2.0,17.7,84.5,0.0,0.0,93.2,9
2023-09-19,gumgaon,Gumgaon Mine,Tuesday,9,631,351,280,44.37,High,equipment_downtime,1.1,37.4,28.2,0.587,20.9,9.4,1.7,9.8,87.1,0.0,0.0,86.7,14
2023-09-20,gumgaon,Gumgaon Mine,Wednesday,9,622,397,225,36.17,High,equipment_downtime,3.7,34.4,29.8,0.59,14.6,5.3,1.3,8.0,91.0,2.3,0.0,92.9,14
2023-09-21,gumgaon,Gumgaon Mine,Thursday,9,648,618,30,4.63,Low,equipment_downtime,3.1,33.9,26.3,0.672,5.1,0.2,0.8,4.1,96.9,0.0,0.0,92.3,26
2023-09-22,gumgaon,Gumgaon Mine,Friday,9,639,463,176,27.54,High,equipment_downtime,0.5,34.2,29.3,0.622,10.4,2.5,0.9,7.0,93.6,0.0,0.0,98.4,17
2023-09-23,gumgaon,Gumgaon Mine,Saturday,9,602,297,305,50.66,High,equipment_downtime,7.1,34.9,24.2,0.633,23.7,10.5,4.4,8.8,85.4,0.0,0.0,89.8,13
2023-09-24,gumgaon,Gumgaon Mine,Sunday,9,660,601,59,8.94,Medium,equipment_downtime,1.0,31.5,24.2,0.565,4.8,1.3,0.4,3.1,97.0,0.0,0.0,92.1,22
2023-09-25,gumgaon,Gumgaon Mine,Monday,9,637,109,528,82.89,High,weather_stoppage,57.5,50.3,21.0,0.635,7.5,1.2,2.5,3.8,95.4,0.0,7.1,93.4,5
2023-09-26,gumgaon,Gumgaon Mine,Tuesday,9,618,571,47,7.61,Medium,equipment_downtime,8.0,35.4,24.4,0.536,4.4,0.2,0.7,3.5,97.3,0.0,0.0,93.3,25
2023-09-27,gumgaon,Gumgaon Mine,Wednesday,9,619,453,166,26.82,High,weather_stoppage,27.2,39.0,22.9,0.577,5.4,1.3,0.9,3.2,96.7,0.0,2.2,97.3,15
2023-09-28,gumgaon,Gumgaon Mine,Thursday,9,633,566,67,10.58,Medium,labor_attendance,2.0,27.2,26.3,0.624,2.7,1.2,0.4,1.1,98.0,0.0,0.0,86.6,25
2023-09-29,gumgaon,Gumgaon Mine,Friday,9,639,585,54,8.45,Medium,equipment_downtime,0.7,28.5,28.3,0.634,6.7,0.7,1.8,4.2,95.9,0.0,0.0,93.6,20
2023-09-30,gumgaon,Gumgaon Mine,Saturday,9,637,372,265,41.6,High,weather_stoppage,38.2,46.3,23.7,0.592,3.1,0.9,0.4,1.8,98.0,0.0,4.1,99.0,14
2023-10-01,gumgaon,Gumgaon Mine,Sunday,10,634,622,12,1.89,Low,nominal_operations,0.0,31.6,26.4,0.667,3.9,1.1,1.0,1.8,97.6,0.0,0.0,91.3,28
2023-10-02,gumgaon,Gumgaon Mine,Monday,10,623,572,51,8.19,Medium,equipment_downtime,0.0,33.9,28.5,0.646,3.2,0.7,0.8,1.7,98.0,0.0,0.0,94.8,23
2023-10-03,gumgaon,Gumgaon Mine,Tuesday,10,617,600,17,2.76,Low,nominal_operations,0.0,31.9,26.2,0.665,4.3,0.6,1.6,2.1,97.3,0.0,0.0,92.8,24
2023-10-04,gumgaon,Gumgaon Mine,Wednesday,10,628,406,222,35.35,High,equipment_downtime,15.3,37.1,24.4,0.569,20.3,9.5,1.8,9.0,87.5,0.2,0.0,92.0,17
2023-10-05,gumgaon,Gumgaon Mine,Thursday,10,644,590,54,8.39,Medium,equipment_downtime,0.0,30.9,28.5,0.676,3.3,0.3,0.6,2.4,98.0,0.0,0.0,90.5,20
2023-10-06,gumgaon,Gumgaon Mine,Friday,10,631,520,111,17.59,Medium,equipment_downtime,1.0,30.3,26.2,0.605,4.3,0.5,1.8,2.0,97.3,1.9,0.0,98.2,22
2023-10-07,gumgaon,Gumgaon Mine,Saturday,10,633,556,77,12.16,Medium,equipment_downtime,0.0,30.4,24.7,0.686,4.6,0.3,1.3,3.0,97.2,0.0,0.0,90.4,21
2023-10-08,gumgaon,Gumgaon Mine,Sunday,10,630,530,100,15.87,Medium,equipment_downtime,0.0,29.9,25.6,0.683,6.5,0.8,1.4,4.3,96.0,0.0,0.0,90.8,22
2023-10-09,gumgaon,Gumgaon Mine,Monday,10,622,569,53,8.52,Medium,equipment_downtime,0.0,29.5,28.5,0.609,5.2,1.0,1.1,3.1,96.8,0.0,0.0,96.2,23
2023-10-10,gumgaon,Gumgaon Mine,Tuesday,10,610,230,380,62.3,High,equipment_downtime,0.0,28.3,25.7,0.603,28.6,8.5,1.2,18.9,82.3,0.0,0.0,90.0,6
2023-10-11,gumgaon,Gumgaon Mine,Wednesday,10,618,478,140,22.65,High,equipment_downtime,0.0,31.5,24.0,0.667,8.8,2.0,1.3,5.5,94.6,0.2,0.0,96.2,21
2023-10-12,gumgaon,Gumgaon Mine,Thursday,10,630,559,71,11.27,Medium,equipment_downtime,0.0,27.5,24.1,0.671,4.7,0.7,1.3,2.7,97.1,0.0,0.0,94.8,23
2023-10-13,gumgaon,Gumgaon Mine,Friday,10,599,533,66,11.02,Medium,equipment_downtime,0.0,27.5,23.9,0.631,4.5,1.1,0.9,2.5,97.2,0.0,0.0,95.4,18
2023-10-14,gumgaon,Gumgaon Mine,Saturday,10,638,622,16,2.51,Low,nominal_operations,0.0,31.2,24.5,0.619,4.2,0.5,0.8,2.9,97.4,0.0,0.0,95.2,27
2023-10-15,gumgaon,Gumgaon Mine,Sunday,10,605,472,133,21.98,High,equipment_downtime,0.0,31.8,23.0,0.655,10.2,2.9,0.3,7.0,93.7,0.0,0.0,94.6,21
2023-10-16,gumgaon,Gumgaon Mine,Monday,10,632,543,89,14.08,Medium,equipment_downtime,0.0,26.6,25.4,0.669,4.4,1.4,0.4,2.6,97.3,0.0,0.0,85.8,25
2023-10-17,gumgaon,Gumgaon Mine,Tuesday,10,637,631,6,0.94,Low,nominal_operations,0.0,22.7,21.1,0.72,4.9,1.1,1.3,2.5,97.0,1.1,0.0,94.5,26
2023-10-18,gumgaon,Gumgaon Mine,Wednesday,10,634,516,118,18.61,High,equipment_downtime,0.0,25.8,24.7,0.652,9.6,2.2,1.6,5.8,94.1,0.0,0.0,91.3,21
2023-10-19,gumgaon,Gumgaon Mine,Thursday,10,608,366,242,39.8,High,equipment_downtime,0.0,25.8,22.9,0.63,21.4,11.3,0.5,9.6,86.8,0.0,0.0,97.8,12
2023-10-20,gumgaon,Gumgaon Mine,Friday,10,624,537,87,13.94,Medium,equipment_downtime,0.0,23.4,25.7,0.681,6.3,1.0,1.6,3.7,96.1,0.0,0.0,95.6,24
2023-10-21,gumgaon,Gumgaon Mine,Saturday,10,625,570,55,8.8,Medium,equipment_downtime,0.0,24.8,24.1,0.61,3.0,0.3,1.5,1.2,98.0,0.0,0.0,98.7,20
2023-10-22,gumgaon,Gumgaon Mine,Sunday,10,635,523,112,17.64,Medium,equipment_downtime,0.0,24.5,23.2,0.676,4.9,0.6,1.6,2.7,97.0,0.0,0.0,85.3,24
2023-10-23,gumgaon,Gumgaon Mine,Monday,10,609,549,60,9.85,Medium,equipment_downtime,0.0,23.8,26.5,0.611,3.0,0.3,0.4,2.3,98.0,0.0,0.0,89.1,20
2023-10-24,gumgaon,Gumgaon Mine,Tuesday,10,637,572,65,10.2,Medium,equipment_downtime,0.0,22.3,24.9,0.584,3.9,0.4,1.4,2.1,97.6,0.0,0.0,90.1,24
2023-10-25,gumgaon,Gumgaon Mine,Wednesday,10,628,576,52,8.28,Medium,equipment_downtime,0.0,20.2,23.8,0.696,2.6,0.4,0.8,1.4,98.0,0.0,0.0,90.8,26
2023-10-26,gumgaon,Gumgaon Mine,Thursday,10,632,552,80,12.66,Medium,equipment_downtime,0.0,23.6,25.5,0.636,5.2,0.6,1.9,2.7,96.8,0.0,0.0,93.7,25
2023-10-27,gumgaon,Gumgaon Mine,Friday,10,636,539,97,15.25,Medium,equipment_downtime,0.0,29.2,24.6,0.654,6.5,0.7,1.4,4.4,96.0,0.0,0.0,89.3,21
2023-10-28,gumgaon,Gumgaon Mine,Saturday,10,632,618,14,2.22,Low,nominal_operations,0.0,21.0,23.2,0.561,4.6,1.1,1.5,2.0,97.2,0.0,0.0,92.0,24
2023-10-29,gumgaon,Gumgaon Mine,Sunday,10,619,571,48,7.75,Medium,equipment_downtime,0.0,21.2,26.4,0.559,4.2,0.7,0.4,3.1,97.4,0.0,0.0,90.4,21
2023-10-30,gumgaon,Gumgaon Mine,Monday,10,632,594,38,6.01,Medium,equipment_downtime,0.0,20.9,22.0,0.692,4.8,1.5,1.4,1.9,97.0,0.1,0.0,92.6,24
2023-10-31,gumgaon,Gumgaon Mine,Tuesday,10,625,562,63,10.08,Medium,equipment_downtime,0.0,19.1,25.7,0.637,5.4,1.3,1.0,3.1,96.7,0.0,0.0,96.8,19
2023-11-01,gumgaon,Gumgaon Mine,Wednesday,11,634,592,42,6.62,Medium,equipment_downtime,10.9,25.8,24.6,0.686,4.1,1.1,0.4,2.6,97.5,0.0,0.0,92.1,22
2023-11-02,gumgaon,Gumgaon Mine,Thursday,11,623,579,44,7.06,Medium,equipment_downtime,0.0,24.3,24.4,0.63,5.7,1.2,1.8,2.7,96.5,0.0,0.0,92.3,24
2023-11-03,gumgaon,Gumgaon Mine,Friday,11,653,552,101,15.47,Medium,equipment_downtime,0.0,21.0,23.8,0.731,8.3,4.2,0.5,3.6,94.9,0.0,0.0,93.9,23
2023-11-04,gumgaon,Gumgaon Mine,Saturday,11,629,581,48,7.63,Medium,equipment_downtime,0.0,24.4,21.5,0.695,6.6,1.2,1.9,3.5,95.9,0.0,0.0,97.1,23
2023-11-05,gumgaon,Gumgaon Mine,Sunday,11,632,583,49,7.75,Medium,equipment_downtime,0.0,20.1,22.4,0.65,4.3,1.5,0.7,2.1,97.3,0.5,0.0,96.3,21
2023-11-06,gumgaon,Gumgaon Mine,Monday,11,655,556,99,15.11,Medium,equipment_downtime,0.0,20.5,23.5,0.611,6.4,0.6,1.8,4.0,96.0,0.0,0.0,94.1,23
2023-11-07,gumgaon,Gumgaon Mine,Tuesday,11,627,542,85,13.56,Medium,equipment_downtime,0.0,19.3,23.8,0.659,5.3,0.8,1.1,3.4,96.7,0.0,0.0,91.6,24
2023-11-08,gumgaon,Gumgaon Mine,Wednesday,11,624,557,67,10.74,Medium,equipment_downtime,0.0,19.7,23.1,0.705,5.2,0.9,1.5,2.8,96.8,0.0,0.0,89.0,22
2023-11-09,gumgaon,Gumgaon Mine,Thursday,11,622,277,345,55.47,High,equipment_downtime,0.4,21.0,17.5,0.632,26.2,3.8,1.4,21.0,83.8,0.0,0.0,89.1,11
2023-11-10,gumgaon,Gumgaon Mine,Friday,11,642,591,51,7.94,Medium,equipment_downtime,0.0,17.6,22.6,0.661,5.9,0.3,4.5,1.1,96.4,0.0,0.0,94.3,23
2023-11-11,gumgaon,Gumgaon Mine,Saturday,11,634,572,62,9.78,Medium,equipment_downtime,0.0,17.7,22.4,0.591,3.5,0.2,1.3,2.0,97.8,0.0,0.0,87.1,21
2023-11-12,gumgaon,Gumgaon Mine,Sunday,11,614,390,224,36.48,High,equipment_downtime,0.0,17.9,21.9,0.633,19.2,14.0,1.9,3.3,88.1,0.7,0.0,92.4,14
2023-11-13,gumgaon,Gumgaon Mine,Monday,11,632,510,122,19.3,High,equipment_downtime,0.0,16.5,25.7,0.647,6.0,1.3,1.8,2.9,96.3,0.0,0.0,89.9,21
2023-11-14,gumgaon,Gumgaon Mine,Tuesday,11,615,607,8,1.3,Low,nominal_operations,0.0,17.6,22.5,0.676,3.2,0.8,0.9,1.5,98.0,0.0,0.0,92.3,22
2023-11-15,gumgaon,Gumgaon Mine,Wednesday,11,633,589,44,6.95,Medium,equipment_downtime,0.0,15.9,25.8,0.646,3.3,0.4,1.3,1.6,98.0,0.0,0.0,99.0,21
2023-11-16,gumgaon,Gumgaon Mine,Thursday,11,650,583,67,10.31,Medium,equipment_downtime,0.0,18.2,21.8,0.614,6.5,1.3,1.7,3.5,96.0,0.0,0.0,92.8,20
2023-11-17,gumgaon,Gumgaon Mine,Friday,11,630,580,50,7.94,Medium,equipment_downtime,0.0,18.2,24.3,0.669,5.1,1.5,1.2,2.4,96.9,0.0,0.0,94.8,24
2023-11-18,gumgaon,Gumgaon Mine,Saturday,11,617,604,13,2.11,Low,nominal_operations,0.0,12.9,20.2,0.644,2.5,0.3,0.8,1.4,98.0,0.0,0.0,95.4,21
2023-11-19,gumgaon,Gumgaon Mine,Sunday,11,631,619,12,1.9,Low,nominal_operations,0.0,10.5,20.3,0.569,2.6,0.8,0.6,1.2,98.0,0.0,0.0,93.2,25
2023-11-20,gumgaon,Gumgaon Mine,Monday,11,618,536,82,13.27,Medium,equipment_downtime,0.0,15.8,22.2,0.641,5.6,1.5,0.6,3.5,96.5,0.0,0.0,91.8,22
2023-11-21,gumgaon,Gumgaon Mine,Tuesday,11,628,562,66,10.51,Medium,equipment_downtime,0.0,17.3,19.8,0.635,4.1,1.2,0.7,2.2,97.5,0.0,0.0,91.4,21
2023-11-22,gumgaon,Gumgaon Mine,Wednesday,11,632,551,81,12.82,Medium,equipment_downtime,0.0,15.5,22.9,0.553,6.8,1.1,1.7,4.0,95.8,0.0,0.0,94.8,23
2023-11-23,gumgaon,Gumgaon Mine,Thursday,11,621,581,40,6.44,Medium,equipment_downtime,0.0,16.3,22.3,0.616,3.0,1.4,0.5,1.1,98.0,0.0,0.0,93.5,22
2023-11-24,gumgaon,Gumgaon Mine,Friday,11,619,603,16,2.58,Low,nominal_operations,0.0,13.5,20.4,0.595,4.7,1.0,0.7,3.0,97.1,0.0,0.0,97.0,22
2023-11-25,gumgaon,Gumgaon Mine,Saturday,11,602,581,21,3.49,Low,equipment_downtime,0.0,12.8,23.3,0.627,2.4,1.0,0.3,1.1,98.0,0.0,0.0,90.3,25
2023-11-26,gumgaon,Gumgaon Mine,Sunday,11,635,330,305,48.03,High,equipment_downtime,0.0,12.9,23.0,0.635,20.8,9.7,1.3,9.8,87.2,0.0,0.0,86.2,12
2023-11-27,gumgaon,Gumgaon Mine,Monday,11,635,566,69,10.87,Medium,equipment_downtime,0.0,14.1,21.7,0.653,4.7,0.8,1.5,2.4,97.1,0.0,0.0,88.3,25
2023-11-28,gumgaon,Gumgaon Mine,Tuesday,11,610,341,269,44.1,High,equipment_downtime,0.0,14.8,22.3,0.647,21.3,2.6,0.3,18.4,86.9,0.4,0.0,92.8,16
2023-11-29,gumgaon,Gumgaon Mine,Wednesday,11,642,555,87,13.55,Medium,equipment_downtime,0.0,20.7,19.7,0.594,7.1,1.3,1.7,4.1,95.6,0.0,0.0,95.2,20
2023-11-30,gumgaon,Gumgaon Mine,Thursday,11,628,552,76,12.1,Medium,labor_attendance,0.0,18.1,21.1,0.624,3.9,0.6,0.5,2.8,97.6,0.0,0.0,85.9,20
2023-12-01,gumgaon,Gumgaon Mine,Friday,12,635,602,33,5.2,Low,equipment_downtime,0.0,16.2,21.4,0.566,4.4,0.5,1.5,2.4,97.3,0.0,0.0,92.6,25
2023-12-02,gumgaon,Gumgaon Mine,Saturday,12,677,612,65,9.6,Medium,equipment_downtime,0.0,14.5,24.5,0.683,3.5,0.6,1.1,1.8,97.8,0.0,0.0,87.2,23
2023-12-03,gumgaon,Gumgaon Mine,Sunday,12,653,632,21,3.22,Low,equipment_downtime,0.0,14.9,23.4,0.656,3.3,0.4,1.0,1.9,98.0,0.0,0.0,94.6,26
2023-12-04,gumgaon,Gumgaon Mine,Monday,12,644,609,35,5.43,Low,equipment_downtime,0.0,12.9,24.6,0.531,4.4,1.0,0.7,2.7,97.3,0.0,0.0,93.7,24
2023-12-05,gumgaon,Gumgaon Mine,Tuesday,12,637,535,102,16.01,Medium,equipment_downtime,0.0,11.4,24.9,0.658,6.1,1.5,0.8,3.8,96.2,0.0,0.0,97.4,18
2023-12-06,gumgaon,Gumgaon Mine,Wednesday,12,659,581,78,11.84,Medium,equipment_downtime,0.0,13.7,19.3,0.523,7.2,1.5,1.6,4.1,95.6,0.0,0.0,90.5,21
2023-12-07,gumgaon,Gumgaon Mine,Thursday,12,668,609,59,8.83,Medium,equipment_downtime,0.0,10.8,25.6,0.583,4.1,1.1,0.7,2.3,97.5,1.1,0.0,93.4,23
2023-12-08,gumgaon,Gumgaon Mine,Friday,12,640,592,48,7.5,Medium,equipment_downtime,0.0,18.6,26.6,0.542,4.4,1.0,2.0,1.4,97.3,0.0,0.0,91.9,19
2023-12-09,gumgaon,Gumgaon Mine,Saturday,12,630,501,129,20.48,High,equipment_downtime,1.8,12.5,24.3,0.598,5.4,0.9,0.6,3.9,96.7,0.0,0.0,87.0,19
2023-12-10,gumgaon,Gumgaon Mine,Sunday,12,661,525,136,20.57,High,equipment_downtime,0.0,12.2,24.7,0.576,3.7,0.6,0.6,2.5,97.7,0.0,0.0,88.9,22
2023-12-11,gumgaon,Gumgaon Mine,Monday,12,661,606,55,8.32,Medium,equipment_downtime,0.0,14.8,26.5,0.583,4.2,1.1,1.0,2.1,97.4,0.0,0.0,89.0,21
2023-12-12,gumgaon,Gumgaon Mine,Tuesday,12,650,554,96,14.77,Medium,equipment_downtime,2.4,18.2,23.7,0.63,5.4,0.6,1.4,3.4,96.7,0.0,0.0,99.0,25
2023-12-13,gumgaon,Gumgaon Mine,Wednesday,12,649,527,122,18.8,High,equipment_downtime,0.0,15.4,25.5,0.588,5.3,1.1,2.0,2.2,96.7,0.0,0.0,97.8,22
2023-12-14,gumgaon,Gumgaon Mine,Thursday,12,622,436,186,29.9,High,equipment_downtime,0.0,13.3,23.0,0.615,14.7,5.4,1.0,8.3,90.9,0.0,0.0,98.1,21
2023-12-15,gumgaon,Gumgaon Mine,Friday,12,656,603,53,8.08,Medium,equipment_downtime,0.0,18.7,25.0,0.6,4.9,0.6,0.6,3.7,97.0,0.0,0.0,91.5,22
2023-12-16,gumgaon,Gumgaon Mine,Saturday,12,643,531,112,17.42,Medium,equipment_downtime,0.0,17.0,22.8,0.602,6.6,2.8,0.8,3.0,95.9,0.9,0.0,99.0,21
2023-12-17,gumgaon,Gumgaon Mine,Sunday,12,669,582,87,13.0,Medium,equipment_downtime,0.0,20.3,24.4,0.494,3.8,1.2,1.3,1.3,97.7,0.0,0.0,95.5,23
2023-12-18,gumgaon,Gumgaon Mine,Monday,12,654,572,82,12.54,Medium,equipment_downtime,0.0,13.9,20.3,0.586,5.5,0.9,1.3,3.3,96.6,0.0,0.0,93.8,20
2023-12-19,gumgaon,Gumgaon Mine,Tuesday,12,652,553,99,15.18,Medium,equipment_downtime,0.0,18.2,25.4,0.633,10.0,5.9,0.9,3.2,93.8,0.0,0.0,96.7,24
2023-12-20,gumgaon,Gumgaon Mine,Wednesday,12,653,561,92,14.09,Medium,equipment_downtime,0.0,13.2,22.6,0.501,6.1,0.9,1.3,3.9,96.2,0.0,0.0,86.4,22
2023-12-21,gumgaon,Gumgaon Mine,Thursday,12,642,553,89,13.86,Medium,equipment_downtime,0.0,13.1,25.0,0.569,6.2,0.5,1.8,3.9,96.2,0.0,0.0,88.4,23
2023-12-22,gumgaon,Gumgaon Mine,Friday,12,647,586,61,9.43,Medium,equipment_downtime,0.0,16.6,24.5,0.573,4.7,1.3,1.7,1.7,97.1,0.0,0.0,91.1,24
2023-12-23,gumgaon,Gumgaon Mine,Saturday,12,655,529,126,19.24,High,equipment_downtime,0.0,14.5,22.7,0.473,4.7,0.3,1.8,2.6,97.1,0.0,0.0,87.6,22
2023-12-24,gumgaon,Gumgaon Mine,Sunday,12,636,570,66,10.38,Medium,equipment_downtime,0.0,14.6,21.3,0.57,2.1,0.3,0.2,1.6,98.0,0.0,0.0,94.6,20
2023-12-25,gumgaon,Gumgaon Mine,Monday,12,634,442,192,30.28,High,equipment_downtime,0.0,17.2,20.6,0.6,14.8,6.8,1.5,6.5,90.9,0.0,0.0,89.3,15
2023-12-26,gumgaon,Gumgaon Mine,Tuesday,12,631,496,135,21.39,High,equipment_downtime,0.0,14.0,22.5,0.516,4.5,0.5,1.1,2.9,97.2,2.3,0.0,90.2,19
2023-12-27,gumgaon,Gumgaon Mine,Wednesday,12,654,365,289,44.19,High,equipment_downtime,0.0,15.4,24.7,0.54,22.2,12.1,1.4,8.7,86.3,0.0,0.0,89.1,16
2023-12-28,gumgaon,Gumgaon Mine,Thursday,12,623,550,73,11.72,Medium,equipment_downtime,0.0,17.5,24.0,0.537,5.0,0.6,1.3,3.1,96.9,0.0,0.0,92.1,24
2023-12-29,gumgaon,Gumgaon Mine,Friday,12,652,610,42,6.44,Medium,equipment_downtime,3.4,17.3,25.1,0.571,7.1,1.1,2.0,4.0,95.6,0.0,0.0,97.7,22
2023-12-30,gumgaon,Gumgaon Mine,Saturday,12,653,506,147,22.51,High,equipment_downtime,0.0,20.3,24.5,0.547,6.9,1.1,3.8,2.0,95.7,0.0,0.0,97.8,19
2023-12-31,gumgaon,Gumgaon Mine,Sunday,12,636,528,108,16.98,Medium,equipment_downtime,1.8,17.1,23.6,0.466,7.2,1.5,1.9,3.8,95.6,0.0,0.0,98.6,19
2024-01-01,gumgaon,Gumgaon Mine,Monday,1,660,453,207,31.36,High,equipment_downtime,0.0,9.0,23.0,0.548,11.5,1.9,1.8,7.8,92.9,1.3,0.0,98.1,20
2024-01-02,gumgaon,Gumgaon Mine,Tuesday,1,669,601,68,10.16,Medium,equipment_downtime,0.0,11.9,22.9,0.546,4.1,0.4,1.3,2.4,97.5,0.0,0.0,95.0,29
2024-01-03,gumgaon,Gumgaon Mine,Wednesday,1,667,612,55,8.25,Medium,equipment_downtime,0.0,13.4,25.1,0.569,6.7,1.4,0.6,4.7,95.9,0.0,0.0,93.0,24
2024-01-04,gumgaon,Gumgaon Mine,Thursday,1,675,627,48,7.11,Medium,equipment_downtime,0.0,17.6,24.0,0.459,3.8,1.2,0.7,1.9,97.7,0.0,0.0,93.1,28
2024-01-05,gumgaon,Gumgaon Mine,Friday,1,680,551,129,18.97,High,equipment_downtime,0.0,15.1,23.1,0.509,5.2,0.5,1.8,2.9,96.8,0.4,0.0,85.1,19
2024-01-06,gumgaon,Gumgaon Mine,Saturday,1,675,450,225,33.33,High,equipment_downtime,0.0,15.5,25.3,0.477,18.8,3.5,1.7,13.6,88.4,0.0,0.0,92.2,17
2024-01-07,gumgaon,Gumgaon Mine,Sunday,1,695,654,41,5.9,Low,equipment_downtime,0.0,15.6,27.0,0.482,5.2,1.2,2.7,1.3,96.8,0.0,0.0,95.7,29
2024-01-08,gumgaon,Gumgaon Mine,Monday,1,690,596,94,13.62,Medium,equipment_downtime,0.0,16.3,25.0,0.497,6.7,0.9,1.4,4.4,95.9,0.3,0.0,95.5,26
2024-01-09,gumgaon,Gumgaon Mine,Tuesday,1,688,633,55,7.99,Medium,equipment_downtime,0.0,17.4,25.1,0.443,3.7,0.3,0.4,3.0,97.7,0.0,0.0,92.7,22
2024-01-10,gumgaon,Gumgaon Mine,Wednesday,1,683,596,87,12.74,Medium,equipment_downtime,0.0,18.4,25.6,0.448,4.2,0.3,1.3,2.6,97.4,0.0,0.0,87.5,24
2024-01-11,gumgaon,Gumgaon Mine,Thursday,1,692,625,67,9.68,Medium,equipment_downtime,0.0,14.4,28.5,0.434,5.3,0.4,1.1,3.8,96.7,0.0,0.0,90.2,23
2024-01-12,gumgaon,Gumgaon Mine,Friday,1,702,432,270,38.46,High,equipment_downtime,0.0,14.0,27.8,0.486,24.5,10.3,4.9,9.3,84.9,0.0,0.0,91.6,14
2024-01-13,gumgaon,Gumgaon Mine,Saturday,1,666,530,136,20.42,High,equipment_downtime,0.0,15.0,26.5,0.435,5.3,1.2,0.4,3.7,96.7,0.0,0.0,88.2,17
2024-01-14,gumgaon,Gumgaon Mine,Sunday,1,674,528,146,21.66,High,equipment_downtime,0.0,15.4,25.6,0.459,12.5,3.3,1.8,7.4,92.3,0.0,0.0,89.3,22
2024-01-15,gumgaon,Gumgaon Mine,Monday,1,703,583,120,17.07,Medium,labor_attendance,9.8,24.5,23.0,0.48,3.7,1.2,1.5,1.0,97.7,0.0,0.0,84.8,24
2024-01-16,gumgaon,Gumgaon Mine,Tuesday,1,679,619,60,8.84,Medium,equipment_downtime,0.0,16.7,26.4,0.504,5.5,0.8,1.9,2.8,96.6,0.0,0.0,92.9,26
2024-01-17,gumgaon,Gumgaon Mine,Wednesday,1,693,463,230,33.19,High,blasting_delays,0.0,15.8,23.8,0.483,6.0,1.2,1.0,3.8,96.3,5.4,0.0,90.7,17
2024-01-18,gumgaon,Gumgaon Mine,Thursday,1,676,525,151,22.34,High,equipment_downtime,0.0,13.6,26.6,0.505,6.5,0.3,1.9,4.3,96.0,0.0,0.0,99.0,21
2024-01-19,gumgaon,Gumgaon Mine,Friday,1,684,611,73,10.67,Medium,equipment_downtime,0.0,15.6,25.2,0.466,5.4,0.8,2.0,2.6,96.7,0.0,0.0,89.3,24
2024-01-20,gumgaon,Gumgaon Mine,Saturday,1,662,443,219,33.08,High,equipment_downtime,0.0,15.7,26.3,0.376,15.2,3.0,1.7,10.5,90.6,0.0,0.0,92.5,18
2024-01-21,gumgaon,Gumgaon Mine,Sunday,1,681,591,90,13.22,Medium,equipment_downtime,0.0,12.4,27.5,0.425,5.4,0.9,0.5,4.0,96.7,0.0,0.0,91.0,24
2024-01-22,gumgaon,Gumgaon Mine,Monday,1,686,621,65,9.48,Medium,equipment_downtime,12.1,15.0,27.5,0.414,4.9,1.5,1.8,1.6,97.0,0.0,0.0,90.8,24
2024-01-23,gumgaon,Gumgaon Mine,Tuesday,1,693,536,157,22.66,High,equipment_downtime,0.0,18.8,27.3,0.344,8.7,0.8,5.2,2.7,94.6,0.0,0.0,88.9,23
2024-01-24,gumgaon,Gumgaon Mine,Wednesday,1,672,606,66,9.82,Medium,equipment_downtime,0.9,17.2,25.9,0.413,3.4,0.7,0.6,2.1,97.9,0.0,0.0,90.0,23
2024-01-25,gumgaon,Gumgaon Mine,Thursday,1,690,445,245,35.51,High,equipment_downtime,0.0,17.5,23.0,0.443,14.5,7.3,0.3,6.9,91.0,2.4,0.0,94.3,20
2024-01-26,gumgaon,Gumgaon Mine,Friday,1,684,630,54,7.89,Medium,equipment_downtime,4.7,18.0,24.2,0.391,3.5,0.9,1.3,1.3,97.8,0.0,0.0,93.9,25
2024-01-27,gumgaon,Gumgaon Mine,Saturday,1,668,593,75,11.23,Medium,equipment_downtime,0.0,16.6,26.1,0.383,6.9,1.1,1.9,3.9,95.7,0.0,0.0,93.2,25
2024-01-28,gumgaon,Gumgaon Mine,Sunday,1,669,492,177,26.46,High,equipment_downtime,0.0,14.7,29.4,0.466,12.9,6.6,1.4,4.9,92.0,0.0,0.0,90.6,21
2024-01-29,gumgaon,Gumgaon Mine,Monday,1,686,645,41,5.98,Low,equipment_downtime,0.0,13.6,26.7,0.381,4.0,0.5,0.6,2.9,97.5,0.0,0.0,91.7,27
2024-01-30,gumgaon,Gumgaon Mine,Tuesday,1,678,635,43,6.34,Medium,equipment_downtime,0.0,15.5,27.6,0.43,5.8,1.1,1.8,2.9,96.4,0.0,0.0,99.0,30
2024-01-31,gumgaon,Gumgaon Mine,Wednesday,1,671,609,62,9.24,Medium,equipment_downtime,0.0,13.9,31.7,0.425,4.8,0.9,0.5,3.4,97.0,0.0,0.0,92.2,26
2024-02-01,gumgaon,Gumgaon Mine,Thursday,2,702,626,76,10.83,Medium,equipment_downtime,0.0,17.8,28.2,0.371,3.6,0.5,1.3,1.8,97.8,0.0,0.0,93.2,24
2024-02-02,gumgaon,Gumgaon Mine,Friday,2,722,649,73,10.11,Medium,equipment_downtime,0.0,17.4,30.1,0.389,6.0,1.0,1.1,3.9,96.3,0.0,0.0,91.9,30
2024-02-03,gumgaon,Gumgaon Mine,Saturday,2,694,600,94,13.54,Medium,equipment_downtime,0.0,17.9,28.2,0.423,4.8,1.2,1.9,1.7,97.0,0.0,0.0,98.5,27
2024-02-04,gumgaon,Gumgaon Mine,Sunday,2,698,388,310,44.41,High,equipment_downtime,0.0,12.7,27.2,0.38,24.4,6.8,1.6,16.0,84.9,0.0,0.0,90.8,15
2024-02-05,gumgaon,Gumgaon Mine,Monday,2,694,564,130,18.73,High,equipment_downtime,0.0,12.4,27.7,0.373,5.7,1.2,1.3,3.2,96.5,0.0,0.0,93.9,21
2024-02-06,gumgaon,Gumgaon Mine,Tuesday,2,703,624,79,11.24,Medium,equipment_downtime,0.0,21.2,27.9,0.37,5.8,0.5,1.9,3.4,96.4,0.0,0.0,94.5,25
2024-02-07,gumgaon,Gumgaon Mine,Wednesday,2,707,666,41,5.8,Low,equipment_downtime,14.6,18.3,27.7,0.438,3.6,1.1,0.3,2.2,97.8,0.0,0.0,90.6,25
2024-02-08,gumgaon,Gumgaon Mine,Thursday,2,732,606,126,17.21,Medium,labor_attendance,0.0,13.3,27.7,0.319,3.8,1.1,1.6,1.1,97.7,2.4,0.0,85.1,24
2024-02-09,gumgaon,Gumgaon Mine,Friday,2,692,619,73,10.55,Medium,equipment_downtime,3.9,19.6,24.9,0.412,5.3,0.3,1.0,4.0,96.7,0.0,0.0,94.9,24
2024-02-10,gumgaon,Gumgaon Mine,Saturday,2,699,648,51,7.3,Medium,equipment_downtime,0.0,16.5,27.5,0.378,6.1,1.2,1.2,3.7,96.2,0.0,0.0,95.5,26
2024-02-11,gumgaon,Gumgaon Mine,Sunday,2,701,578,123,17.55,Medium,labor_attendance,4.5,20.3,26.8,0.323,4.7,0.7,0.3,3.7,97.1,0.0,0.0,84.4,23
2024-02-12,gumgaon,Gumgaon Mine,Monday,2,705,677,28,3.97,Low,equipment_downtime,0.0,13.6,28.2,0.407,2.6,0.5,0.4,1.7,98.0,0.0,0.0,94.6,30
2024-02-13,gumgaon,Gumgaon Mine,Tuesday,2,694,510,184,26.51,High,equipment_downtime,0.0,13.5,27.8,0.364,14.0,0.8,1.3,11.9,91.4,0.0,0.0,98.6,17
2024-02-14,gumgaon,Gumgaon Mine,Wednesday,2,677,570,107,15.81,Medium,equipment_downtime,0.0,16.0,27.2,0.359,7.7,1.4,1.9,4.4,95.2,0.0,0.0,99.0,23
2024-02-15,gumgaon,Gumgaon Mine,Thursday,2,715,704,11,1.54,Low,nominal_operations,0.0,9.0,28.9,0.313,3.8,0.5,1.1,2.2,97.7,0.0,0.0,93.9,25
2024-02-16,gumgaon,Gumgaon Mine,Friday,2,716,655,61,8.52,Medium,equipment_downtime,0.0,18.8,29.7,0.269,3.5,0.4,1.5,1.6,97.8,0.0,0.0,92.0,26
2024-02-17,gumgaon,Gumgaon Mine,Saturday,2,711,572,139,19.55,High,equipment_downtime,0.0,19.8,26.8,0.272,7.3,1.1,1.7,4.5,95.5,2.7,0.0,93.1,23
2024-02-18,gumgaon,Gumgaon Mine,Sunday,2,714,642,72,10.08,Medium,equipment_downtime,0.0,20.0,29.6,0.357,3.9,0.9,1.1,1.9,97.6,0.0,0.0,94.9,24
2024-02-19,gumgaon,Gumgaon Mine,Monday,2,715,604,111,15.52,Medium,equipment_downtime,0.0,12.1,30.4,0.351,5.1,0.6,1.5,3.0,96.9,0.0,0.0,88.1,23
2024-02-20,gumgaon,Gumgaon Mine,Tuesday,2,703,559,144,20.48,High,equipment_downtime,6.5,18.6,33.5,0.429,11.2,0.9,6.9,3.4,93.1,0.0,0.0,96.8,21
2024-02-21,gumgaon,Gumgaon Mine,Wednesday,2,728,693,35,4.81,Low,equipment_downtime,0.0,15.5,27.6,0.401,4.1,0.8,0.5,2.8,97.5,0.4,0.0,89.6,24
2024-02-22,gumgaon,Gumgaon Mine,Thursday,2,714,637,77,10.78,Medium,equipment_downtime,0.0,15.7,30.6,0.273,5.7,0.2,1.4,4.1,96.5,0.0,0.0,96.0,27
2024-02-23,gumgaon,Gumgaon Mine,Friday,2,685,653,32,4.67,Low,equipment_downtime,0.0,16.1,31.6,0.286,4.7,0.6,1.8,2.3,97.1,0.0,0.0,93.8,30
2024-02-24,gumgaon,Gumgaon Mine,Saturday,2,703,668,35,4.98,Low,equipment_downtime,0.0,18.5,28.1,0.279,3.9,0.7,2.0,1.2,97.6,0.0,0.0,93.1,27
2024-02-25,gumgaon,Gumgaon Mine,Sunday,2,707,504,203,28.71,High,equipment_downtime,0.0,17.2,30.8,0.32,15.5,4.6,0.3,10.6,90.4,0.0,0.0,98.3,18
2024-02-26,gumgaon,Gumgaon Mine,Monday,2,700,657,43,6.14,Medium,equipment_downtime,0.0,13.8,31.8,0.383,2.6,0.7,0.3,1.6,98.0,0.0,0.0,92.2,27
2024-02-27,gumgaon,Gumgaon Mine,Tuesday,2,702,625,77,10.97,Medium,equipment_downtime,0.0,20.1,32.4,0.362,6.2,1.1,1.1,4.0,96.2,0.0,0.0,90.2,25
2024-02-28,gumgaon,Gumgaon Mine,Wednesday,2,716,648,68,9.5,Medium,equipment_downtime,0.0,16.7,35.0,0.298,5.3,1.1,1.8,2.4,96.7,0.0,0.0,85.3,27
2024-02-29,gumgaon,Gumgaon Mine,Thursday,2,707,586,121,17.11,Medium,equipment_downtime,0.0,17.5,29.1,0.282,7.4,2.6,1.1,3.7,95.4,0.0,0.0,90.2,20
2024-03-01,gumgaon,Gumgaon Mine,Friday,3,749,673,76,10.15,Medium,equipment_downtime,20.5,25.3,27.9,0.202,3.0,1.4,0.3,1.3,98.0,0.0,0.0,90.7,29
2024-03-02,gumgaon,Gumgaon Mine,Saturday,3,727,600,127,17.47,Medium,equipment_downtime,28.9,25.0,26.7,0.323,6.4,0.9,1.6,3.9,96.0,0.0,1.9,92.6,21
2024-03-03,gumgaon,Gumgaon Mine,Sunday,3,695,630,65,9.35,Medium,equipment_downtime,0.0,12.2,30.6,0.276,2.7,1.0,0.3,1.4,98.0,0.0,0.0,89.4,24
2024-03-04,gumgaon,Gumgaon Mine,Monday,3,729,634,95,13.03,Medium,equipment_downtime,0.0,16.7,32.9,0.333,4.4,0.6,0.2,3.6,97.3,0.0,0.0,89.6,28
2024-03-05,gumgaon,Gumgaon Mine,Tuesday,3,737,630,107,14.52,Medium,equipment_downtime,0.0,13.3,33.8,0.307,6.9,1.2,1.4,4.3,95.7,0.0,0.0,91.4,24
2024-03-06,gumgaon,Gumgaon Mine,Wednesday,3,729,622,107,14.68,Medium,equipment_downtime,0.0,17.9,31.0,0.294,7.3,3.3,1.5,2.5,95.5,0.0,0.0,92.8,24
2024-03-07,gumgaon,Gumgaon Mine,Thursday,3,724,613,111,15.33,Medium,blasting_delays,0.0,18.6,34.1,0.267,4.1,0.8,0.9,2.4,97.5,2.9,0.0,92.3,25
2024-03-08,gumgaon,Gumgaon Mine,Friday,3,742,600,142,19.14,High,equipment_downtime,0.0,17.0,30.6,0.288,10.0,1.1,6.1,2.8,93.8,0.0,0.0,87.9,28
2024-03-09,gumgaon,Gumgaon Mine,Saturday,3,750,519,231,30.8,High,equipment_downtime,0.0,16.1,32.1,0.297,15.2,11.5,1.6,2.1,90.6,0.0,0.0,87.9,20
2024-03-10,gumgaon,Gumgaon Mine,Sunday,3,745,698,47,6.31,Medium,equipment_downtime,0.0,17.1,32.7,0.324,3.2,1.1,0.4,1.7,98.0,0.0,0.0,89.8,30
2024-03-11,gumgaon,Gumgaon Mine,Monday,3,712,614,98,13.76,Medium,equipment_downtime,0.0,15.6,31.4,0.316,5.4,0.7,1.0,3.7,96.7,0.0,0.0,88.7,24
2024-03-12,gumgaon,Gumgaon Mine,Tuesday,3,733,685,48,6.55,Medium,equipment_downtime,17.8,22.0,31.7,0.252,3.6,0.3,1.8,1.5,97.8,0.0,0.0,91.6,26
2024-03-13,gumgaon,Gumgaon Mine,Wednesday,3,720,395,325,45.14,High,equipment_downtime,0.0,11.8,33.6,0.319,20.8,7.1,1.2,12.5,87.2,1.0,0.0,88.4,17
2024-03-14,gumgaon,Gumgaon Mine,Thursday,3,708,636,72,10.17,Medium,equipment_downtime,0.0,18.7,33.1,0.209,6.9,0.6,1.9,4.4,95.7,0.0,0.0,92.9,24
2024-03-15,gumgaon,Gumgaon Mine,Friday,3,722,676,46,6.37,Medium,equipment_downtime,0.0,22.2,34.2,0.264,2.9,0.6,0.9,1.4,98.0,0.0,0.0,95.3,31
2024-03-16,gumgaon,Gumgaon Mine,Saturday,3,736,664,72,9.78,Medium,equipment_downtime,0.0,14.0,35.1,0.25,4.7,0.8,1.9,2.0,97.1,0.0,0.0,89.2,31
2024-03-17,gumgaon,Gumgaon Mine,Sunday,3,724,431,293,40.47,High,equipment_downtime,0.0,12.5,31.8,0.258,21.5,9.5,0.2,11.8,86.7,0.0,0.0,89.4,18
2024-03-18,gumgaon,Gumgaon Mine,Monday,3,745,686,59,7.92,Medium,equipment_downtime,0.0,13.4,33.4,0.308,3.7,1.1,1.2,1.4,97.7,0.0,0.0,99.0,29
2024-03-19,gumgaon,Gumgaon Mine,Tuesday,3,744,671,73,9.81,Medium,equipment_downtime,0.0,17.0,33.0,0.262,4.1,1.4,0.6,2.1,97.5,0.0,0.0,98.6,25
2024-03-20,gumgaon,Gumgaon Mine,Wednesday,3,728,636,92,12.64,Medium,equipment_downtime,0.0,19.4,36.2,0.286,5.6,0.5,0.6,4.5,96.5,0.0,0.0,93.3,26
2024-03-21,gumgaon,Gumgaon Mine,Thursday,3,756,607,149,19.71,High,equipment_downtime,0.0,13.9,33.5,0.276,12.7,1.2,7.7,3.8,92.2,0.2,0.0,91.6,25
2024-03-22,gumgaon,Gumgaon Mine,Friday,3,738,620,118,15.99,Medium,equipment_downtime,0.0,13.2,34.3,0.231,6.2,1.4,1.1,3.7,96.2,1.1,0.0,93.0,27
2024-03-23,gumgaon,Gumgaon Mine,Saturday,3,722,671,51,7.06,Medium,equipment_downtime,0.0,14.3,32.6,0.214,7.5,0.4,4.6,2.5,95.4,0.0,0.0,94.8,29
2024-03-24,gumgaon,Gumgaon Mine,Sunday,3,721,663,58,8.04,Medium,equipment_downtime,0.0,14.1,32.7,0.18,6.5,1.4,3.0,2.1,96.0,0.0,0.0,96.2,25
2024-03-25,gumgaon,Gumgaon Mine,Monday,3,735,676,59,8.03,Medium,equipment_downtime,0.0,15.3,33.6,0.234,4.2,1.4,1.0,1.8,97.4,0.4,0.0,90.2,25
2024-03-26,gumgaon,Gumgaon Mine,Tuesday,3,737,644,93,12.62,Medium,equipment_downtime,0.0,17.3,34.5,0.244,3.8,1.0,1.4,1.4,97.7,0.5,0.0,88.0,27
2024-03-27,gumgaon,Gumgaon Mine,Wednesday,3,720,680,40,5.56,Low,equipment_downtime,0.0,16.8,36.0,0.267,5.4,1.3,2.9,1.2,96.7,0.0,0.0,96.0,28
2024-03-28,gumgaon,Gumgaon Mine,Thursday,3,730,415,315,43.15,High,equipment_downtime,0.0,20.7,31.4,0.27,25.5,8.8,1.0,15.7,84.3,0.0,0.0,95.7,20
2024-03-29,gumgaon,Gumgaon Mine,Friday,3,726,635,91,12.53,Medium,equipment_downtime,0.0,15.4,34.0,0.212,6.0,1.1,0.6,4.3,96.3,0.0,0.0,92.0,27
2024-03-30,gumgaon,Gumgaon Mine,Saturday,3,726,623,103,14.19,Medium,equipment_downtime,0.0,12.4,34.7,0.259,5.3,0.2,0.6,4.5,96.7,0.0,0.0,89.1,28
2024-03-31,gumgaon,Gumgaon Mine,Sunday,3,743,540,203,27.32,High,equipment_downtime,0.0,13.1,34.9,0.227,17.5,3.9,0.5,13.1,89.2,0.0,0.0,93.7,19
2024-04-01,gumgaon,Gumgaon Mine,Monday,4,741,486,255,34.41,High,equipment_downtime,0.1,16.6,35.4,0.215,21.7,12.5,1.3,7.9,86.6,0.0,0.0,97.2,15
2024-04-02,gumgaon,Gumgaon Mine,Tuesday,4,743,703,40,5.38,Low,equipment_downtime,21.9,21.6,32.5,0.231,3.2,0.4,0.5,2.3,98.0,0.0,0.0,87.1,25
2024-04-03,gumgaon,Gumgaon Mine,Wednesday,4,738,668,70,9.49,Medium,equipment_downtime,0.0,15.9,34.2,0.25,5.5,0.6,2.9,2.0,96.6,0.0,0.0,94.1,28
2024-04-04,gumgaon,Gumgaon Mine,Thursday,4,732,657,75,10.25,Medium,equipment_downtime,0.0,16.1,37.6,0.245,5.6,1.3,1.6,2.7,96.5,0.0,0.0,93.5,26
2024-04-05,gumgaon,Gumgaon Mine,Friday,4,736,689,47,6.39,Medium,equipment_downtime,0.0,15.4,36.3,0.18,5.4,1.1,0.3,4.0,96.7,0.0,0.0,94.4,23
2024-04-06,gumgaon,Gumgaon Mine,Saturday,4,729,647,82,11.25,Medium,equipment_downtime,0.0,16.4,31.6,0.18,5.0,0.2,1.6,3.2,96.9,0.0,0.0,95.0,19
2024-04-07,gumgaon,Gumgaon Mine,Sunday,4,723,516,207,28.63,High,equipment_downtime,0.0,17.4,35.7,0.18,16.6,6.8,0.2,9.6,89.8,0.0,0.0,95.7,26
2024-04-08,gumgaon,Gumgaon Mine,Monday,4,743,643,100,13.46,Medium,equipment_downtime,0.0,9.7,34.9,0.204,5.4,1.1,1.7,2.6,96.7,2.3,0.0,96.2,25
2024-04-09,gumgaon,Gumgaon Mine,Tuesday,4,713,658,55,7.71,Medium,equipment_downtime,10.6,18.1,34.8,0.206,3.2,0.3,1.7,1.2,98.0,0.0,0.0,97.8,28
2024-04-10,gumgaon,Gumgaon Mine,Wednesday,4,741,700,41,5.53,Low,labor_attendance,0.0,15.1,40.5,0.181,3.0,0.6,1.1,1.3,98.0,0.0,0.0,86.1,29
2024-04-11,gumgaon,Gumgaon Mine,Thursday,4,736,666,70,9.51,Medium,equipment_downtime,0.0,15.5,36.6,0.216,5.2,0.7,1.5,3.0,96.8,0.0,0.0,98.1,31
2024-04-12,gumgaon,Gumgaon Mine,Friday,4,735,677,58,7.89,Medium,equipment_downtime,0.0,15.9,37.9,0.187,5.1,1.5,1.8,1.8,96.9,1.2,0.0,92.5,29
2024-04-13,gumgaon,Gumgaon Mine,Saturday,4,714,635,79,11.06,Medium,equipment_downtime,0.0,13.0,36.1,0.195,4.0,0.8,1.0,2.2,97.5,0.0,0.0,96.6,25
2024-04-14,gumgaon,Gumgaon Mine,Sunday,4,734,591,143,19.48,High,equipment_downtime,0.0,20.4,35.5,0.266,14.3,6.8,0.3,7.2,91.2,0.0,0.0,93.9,26
2024-04-15,gumgaon,Gumgaon Mine,Monday,4,742,630,112,15.09,Medium,equipment_downtime,0.0,16.4,37.3,0.227,5.6,1.5,0.7,3.4,96.5,0.0,0.0,91.1,26
2024-04-16,gumgaon,Gumgaon Mine,Tuesday,4,776,764,12,1.55,Low,nominal_operations,1.3,15.4,31.7,0.232,4.4,0.4,0.3,3.7,97.3,0.0,0.0,99.0,31
2024-04-17,gumgaon,Gumgaon Mine,Wednesday,4,720,650,70,9.72,Medium,labor_attendance,0.0,17.4,35.7,0.18,2.2,0.2,0.4,1.6,98.0,0.0,0.0,86.7,23
2024-04-18,gumgaon,Gumgaon Mine,Thursday,4,749,645,104,13.89,Medium,equipment_downtime,0.0,17.9,37.2,0.218,6.1,1.1,0.9,4.1,96.2,0.0,0.0,97.8,23
2024-04-19,gumgaon,Gumgaon Mine,Friday,4,741,660,81,10.93,Medium,equipment_downtime,1.3,14.1,38.1,0.288,6.0,1.5,1.8,2.7,96.3,0.0,0.0,91.5,26
2024-04-20,gumgaon,Gumgaon Mine,Saturday,4,728,658,70,9.62,Medium,equipment_downtime,0.0,18.6,40.1,0.215,8.3,0.4,3.7,4.2,94.9,0.0,0.0,91.1,25
2024-04-21,gumgaon,Gumgaon Mine,Sunday,4,725,641,84,11.59,Medium,equipment_downtime,0.0,14.6,39.4,0.26,6.9,1.4,1.2,4.3,95.7,0.0,0.0,99.0,25
2024-04-22,gumgaon,Gumgaon Mine,Monday,4,737,493,244,33.11,High,equipment_downtime,0.0,16.9,38.1,0.186,21.9,17.6,1.8,2.5,86.5,0.0,0.0,90.3,20
2024-04-23,gumgaon,Gumgaon Mine,Tuesday,4,737,672,65,8.82,Medium,equipment_downtime,0.0,9.0,39.4,0.246,5.9,0.6,1.8,3.5,96.4,0.0,0.0,92.9,27
2024-04-24,gumgaon,Gumgaon Mine,Wednesday,4,744,674,70,9.41,Medium,equipment_downtime,0.0,19.2,36.6,0.223,5.1,0.6,1.1,3.4,96.9,0.0,0.0,92.3,25
2024-04-25,gumgaon,Gumgaon Mine,Thursday,4,740,670,70,9.46,Medium,equipment_downtime,0.0,15.9,35.1,0.227,4.8,0.5,1.1,3.2,97.0,0.0,0.0,86.3,27
2024-04-26,gumgaon,Gumgaon Mine,Friday,4,727,644,83,11.42,Medium,equipment_downtime,0.0,18.4,37.4,0.228,6.3,1.2,1.0,4.1,96.1,0.0,0.0,88.8,26
2024-04-27,gumgaon,Gumgaon Mine,Saturday,4,762,767,0,0.0,Low,nominal_operations,0.0,12.4,36.9,0.215,4.1,1.0,1.3,1.8,97.5,0.0,0.0,95.7,30
2024-04-28,gumgaon,Gumgaon Mine,Sunday,4,739,680,59,7.98,Medium,equipment_downtime,0.0,17.8,40.7,0.18,4.8,0.3,0.5,4.0,97.0,0.0,0.0,90.5,26
2024-04-29,gumgaon,Gumgaon Mine,Monday,4,725,637,88,12.14,Medium,equipment_downtime,0.0,16.9,38.1,0.181,4.1,1.0,1.0,2.1,97.5,0.0,0.0,98.3,25
2024-04-30,gumgaon,Gumgaon Mine,Tuesday,4,729,590,139,19.07,High,equipment_downtime,0.0,17.3,37.1,0.213,6.6,1.4,1.7,3.5,95.9,0.0,0.0,87.4,22
2024-05-01,gumgaon,Gumgaon Mine,Wednesday,5,720,528,192,26.67,High,equipment_downtime,0.0,21.8,35.4,0.241,11.6,4.9,1.2,5.5,92.8,0.0,0.0,86.9,22
2024-05-02,gumgaon,Gumgaon Mine,Thursday,5,726,627,99,13.64,Medium,equipment_downtime,0.0,19.6,36.7,0.18,3.2,1.1,0.8,1.3,98.0,0.0,0.0,89.5,24
2024-05-03,gumgaon,Gumgaon Mine,Friday,5,710,635,75,10.56,Medium,equipment_downtime,0.0,17.7,41.3,0.18,5.2,1.4,1.2,2.6,96.8,0.0,0.0,95.7,28
2024-05-04,gumgaon,Gumgaon Mine,Saturday,5,722,670,52,7.2,Medium,labor_attendance,0.0,15.6,41.1,0.209,1.9,0.3,0.3,1.3,98.0,0.0,0.0,88.1,24
2024-05-05,gumgaon,Gumgaon Mine,Sunday,5,746,667,79,10.59,Medium,equipment_downtime,2.7,14.0,35.6,0.207,7.8,0.8,3.5,3.5,95.2,0.0,0.0,91.7,23
2024-05-06,gumgaon,Gumgaon Mine,Monday,5,703,604,99,14.08,Medium,equipment_downtime,0.0,14.2,36.6,0.18,5.2,2.1,0.4,2.7,96.8,0.0,0.0,90.4,25
2024-05-07,gumgaon,Gumgaon Mine,Tuesday,5,717,586,131,18.27,High,equipment_downtime,0.0,16.9,40.2,0.193,5.5,1.1,0.3,4.1,96.6,2.4,0.0,91.7,22
2024-05-08,gumgaon,Gumgaon Mine,Wednesday,5,727,681,46,6.33,Medium,equipment_downtime,0.0,13.5,39.4,0.198,4.3,1.3,0.7,2.3,97.3,0.0,0.0,94.8,26
2024-05-09,gumgaon,Gumgaon Mine,Thursday,5,716,606,110,15.36,Medium,equipment_downtime,0.0,16.4,38.4,0.182,6.7,1.1,2.1,3.5,95.9,0.0,0.0,87.8,23
2024-05-10,gumgaon,Gumgaon Mine,Friday,5,737,636,101,13.7,Medium,equipment_downtime,0.0,15.4,38.5,0.223,6.5,0.9,1.6,4.0,96.0,0.0,0.0,99.0,26
2024-05-11,gumgaon,Gumgaon Mine,Saturday,5,745,665,80,10.74,Medium,equipment_downtime,0.0,14.2,37.3,0.18,5.3,0.7,1.5,3.1,96.7,0.0,0.0,94.4,27
2024-05-12,gumgaon,Gumgaon Mine,Sunday,5,716,668,48,6.7,Medium,equipment_downtime,0.0,16.8,39.0,0.18,4.5,1.3,1.2,2.0,97.2,0.0,0.0,99.0,27
2024-05-13,gumgaon,Gumgaon Mine,Monday,5,729,658,71,9.74,Medium,equipment_downtime,0.0,19.3,40.6,0.237,6.0,1.2,1.0,3.8,96.3,2.5,0.0,93.5,25
2024-05-14,gumgaon,Gumgaon Mine,Tuesday,5,718,638,80,11.14,Medium,labor_attendance,0.0,10.2,39.1,0.215,3.2,1.1,0.3,1.8,98.0,0.0,0.0,85.4,22
2024-05-15,gumgaon,Gumgaon Mine,Wednesday,5,744,734,10,1.34,Low,nominal_operations,0.0,16.7,39.1,0.288,2.8,0.2,0.9,1.7,98.0,0.0,0.0,95.5,32
2024-05-16,gumgaon,Gumgaon Mine,Thursday,5,747,731,16,2.14,Low,nominal_operations,0.0,15.4,40.2,0.197,3.1,0.2,1.2,1.7,98.0,0.0,0.0,99.0,29
2024-05-17,gumgaon,Gumgaon Mine,Friday,5,728,637,91,12.5,Medium,equipment_downtime,0.0,16.9,37.0,0.187,5.5,0.5,1.8,3.2,96.6,0.0,0.0,91.1,27
2024-05-18,gumgaon,Gumgaon Mine,Saturday,5,730,692,38,5.21,Low,equipment_downtime,0.0,14.7,38.8,0.199,4.7,1.1,1.1,2.5,97.1,0.0,0.0,96.7,30
2024-05-19,gumgaon,Gumgaon Mine,Sunday,5,726,635,91,12.53,Medium,equipment_downtime,0.0,14.3,37.2,0.205,4.5,0.4,0.6,3.5,97.2,0.0,0.0,87.6,28
2024-05-20,gumgaon,Gumgaon Mine,Monday,5,747,721,26,3.48,Low,equipment_downtime,0.0,15.2,40.0,0.243,4.0,0.9,1.4,1.7,97.5,0.0,0.0,92.4,28
2024-05-21,gumgaon,Gumgaon Mine,Tuesday,5,771,676,95,12.32,Medium,equipment_downtime,0.0,16.7,40.3,0.222,5.0,0.8,0.8,3.4,96.9,0.0,0.0,98.5,28
2024-05-22,gumgaon,Gumgaon Mine,Wednesday,5,730,693,37,5.07,Low,equipment_downtime,0.0,14.1,40.6,0.202,4.7,0.7,1.8,2.2,97.1,0.0,0.0,95.4,32
2024-05-23,gumgaon,Gumgaon Mine,Thursday,5,729,626,103,14.13,Medium,equipment_downtime,0.7,18.7,38.3,0.195,5.5,1.0,0.4,4.1,96.6,0.0,0.0,91.5,28
2024-05-24,gumgaon,Gumgaon Mine,Friday,5,739,630,109,14.75,Medium,equipment_downtime,0.0,16.8,40.9,0.242,6.2,0.8,1.1,4.3,96.2,0.3,0.0,97.9,22
2024-05-25,gumgaon,Gumgaon Mine,Saturday,5,738,671,67,9.08,Medium,equipment_downtime,0.0,21.1,40.0,0.197,5.3,0.7,1.3,3.3,96.7,0.0,0.0,93.9,28
2024-05-26,gumgaon,Gumgaon Mine,Sunday,5,729,632,97,13.31,Medium,equipment_downtime,0.0,20.5,39.6,0.261,4.6,0.5,0.2,3.9,97.2,0.1,0.0,96.2,26
2024-05-27,gumgaon,Gumgaon Mine,Monday,5,727,672,55,7.57,Medium,equipment_downtime,0.0,18.9,40.6,0.22,4.5,1.0,1.3,2.2,97.2,0.0,0.0,96.2,25
2024-05-28,gumgaon,Gumgaon Mine,Tuesday,5,678,578,100,14.75,Medium,equipment_downtime,0.0,21.1,38.0,0.21,3.6,1.3,1.0,1.3,97.8,0.0,0.0,87.7,24
2024-05-29,gumgaon,Gumgaon Mine,Wednesday,5,728,658,70,9.62,Medium,equipment_downtime,0.0,15.8,41.0,0.343,6.3,0.6,1.6,4.1,96.1,0.0,0.0,99.0,29
2024-05-30,gumgaon,Gumgaon Mine,Thursday,5,727,634,93,12.79,Medium,equipment_downtime,0.0,13.5,41.7,0.246,5.8,0.5,1.2,4.1,96.4,0.0,0.0,92.3,27
2024-05-31,gumgaon,Gumgaon Mine,Friday,5,745,580,165,22.15,High,equipment_downtime,0.0,20.7,41.0,0.233,11.7,7.0,0.4,4.3,92.8,0.6,0.0,93.0,25
2024-06-01,gumgaon,Gumgaon Mine,Saturday,6,703,654,49,6.97,Medium,equipment_downtime,4.2,24.9,38.3,0.226,2.6,0.8,0.8,1.0,98.0,0.0,0.0,95.9,24
2024-06-02,gumgaon,Gumgaon Mine,Sunday,6,688,567,121,17.59,Medium,equipment_downtime,0.1,24.1,37.8,0.211,7.1,1.2,1.6,4.3,95.6,0.0,0.0,89.2,22
2024-06-03,gumgaon,Gumgaon Mine,Monday,6,714,660,54,7.56,Medium,equipment_downtime,0.9,22.6,38.5,0.259,5.8,1.2,1.9,2.7,96.4,0.0,0.0,94.7,23
2024-06-04,gumgaon,Gumgaon Mine,Tuesday,6,724,571,153,21.13,High,equipment_downtime,2.3,24.1,40.9,0.28,7.2,1.2,1.6,4.4,95.6,1.0,0.0,86.8,22
2024-06-05,gumgaon,Gumgaon Mine,Wednesday,6,711,134,577,81.15,High,equipment_downtime,38.8,31.0,38.4,0.233,24.2,10.0,1.2,13.0,85.1,0.0,5.1,86.4,5
2024-06-06,gumgaon,Gumgaon Mine,Thursday,6,719,644,75,10.43,Medium,equipment_downtime,23.5,27.3,36.8,0.23,6.0,1.3,1.1,3.6,96.3,0.0,0.0,95.9,25
2024-06-07,gumgaon,Gumgaon Mine,Friday,6,714,656,58,8.12,Medium,equipment_downtime,0.5,26.2,37.5,0.292,4.6,0.4,1.7,2.5,97.2,1.3,0.0,93.4,28
2024-06-08,gumgaon,Gumgaon Mine,Saturday,6,697,439,258,37.02,High,equipment_downtime,0.5,23.3,41.9,0.251,21.7,5.0,1.6,15.1,86.6,0.0,0.0,97.7,17
2024-06-09,gumgaon,Gumgaon Mine,Sunday,6,686,515,171,24.93,High,equipment_downtime,0.6,24.6,38.9,0.248,5.6,0.6,1.8,3.2,96.5,0.0,0.0,87.9,21
2024-06-10,gumgaon,Gumgaon Mine,Monday,6,704,253,451,64.06,High,weather_stoppage,51.7,42.0,35.1,0.283,9.6,1.8,1.0,6.8,94.1,0.0,6.2,99.0,11
2024-06-11,gumgaon,Gumgaon Mine,Tuesday,6,715,632,83,11.61,Medium,equipment_downtime,18.6,34.7,34.8,0.207,7.1,1.1,0.8,5.2,95.6,0.0,0.0,91.9,24
2024-06-12,gumgaon,Gumgaon Mine,Wednesday,6,712,638,74,10.39,Medium,equipment_downtime,3.2,27.2,37.6,0.254,5.5,0.5,1.2,3.8,96.6,0.0,0.0,93.5,24
2024-06-13,gumgaon,Gumgaon Mine,Thursday,6,701,614,87,12.41,Medium,equipment_downtime,8.1,30.4,41.0,0.291,7.9,1.0,3.6,3.3,95.1,0.3,0.0,90.7,21
2024-06-14,gumgaon,Gumgaon Mine,Friday,6,690,102,588,85.22,High,weather_stoppage,112.2,58.0,27.6,0.222,6.9,0.8,1.7,4.4,95.7,0.0,12.0,96.3,6
2024-06-15,gumgaon,Gumgaon Mine,Saturday,6,726,655,71,9.78,Medium,equipment_downtime,4.1,28.9,41.2,0.245,5.5,0.9,1.9,2.7,96.6,0.0,0.0,99.0,23
2024-06-16,gumgaon,Gumgaon Mine,Sunday,6,723,716,7,0.97,Low,nominal_operations,1.1,21.3,39.4,0.297,2.5,0.7,0.2,1.6,98.0,0.2,0.0,91.6,30
2024-06-17,gumgaon,Gumgaon Mine,Monday,6,687,424,263,38.28,High,equipment_downtime,1.4,26.3,36.1,0.332,20.1,14.8,0.5,4.8,87.6,0.0,0.0,97.0,18
2024-06-18,gumgaon,Gumgaon Mine,Tuesday,6,726,607,119,16.39,Medium,equipment_downtime,1.7,26.6,39.1,0.256,7.7,0.6,3.8,3.3,95.2,0.0,0.0,88.9,24
2024-06-19,gumgaon,Gumgaon Mine,Wednesday,6,726,660,66,9.09,Medium,equipment_downtime,13.8,32.5,39.5,0.211,5.3,0.8,1.1,3.4,96.7,0.0,0.0,90.2,21
2024-06-20,gumgaon,Gumgaon Mine,Thursday,6,691,547,144,20.84,High,labor_attendance,6.9,33.4,36.3,0.21,4.5,0.2,0.7,3.6,97.2,0.0,0.0,82.5,26
2024-06-21,gumgaon,Gumgaon Mine,Friday,6,702,600,102,14.53,Medium,equipment_downtime,2.7,30.1,41.8,0.307,5.2,1.5,1.3,2.4,96.8,0.0,0.0,87.7,22
2024-06-22,gumgaon,Gumgaon Mine,Saturday,6,714,517,197,27.59,High,equipment_downtime,18.0,33.9,39.6,0.319,8.6,0.5,4.4,3.7,94.7,4.4,0.0,90.0,19
2024-06-23,gumgaon,Gumgaon Mine,Sunday,6,723,665,58,8.02,Medium,equipment_downtime,14.5,33.9,36.4,0.3,3.3,0.2,1.9,1.2,98.0,0.0,0.0,93.4,26
2024-06-24,gumgaon,Gumgaon Mine,Monday,6,688,624,64,9.3,Medium,equipment_downtime,9.6,28.5,40.3,0.238,5.0,1.3,0.7,3.0,96.9,0.0,0.0,92.5,22
2024-06-25,gumgaon,Gumgaon Mine,Tuesday,6,729,495,234,32.1,High,equipment_downtime,14.7,33.4,34.2,0.214,20.1,5.6,1.8,12.7,87.6,0.0,0.0,94.6,19
2024-06-26,gumgaon,Gumgaon Mine,Wednesday,6,719,657,62,8.62,Medium,equipment_downtime,15.7,35.4,36.9,0.277,3.0,0.7,0.5,1.8,98.0,0.0,0.0,92.9,27
2024-06-27,gumgaon,Gumgaon Mine,Thursday,6,714,611,103,14.43,Medium,equipment_downtime,8.8,34.8,38.9,0.377,6.8,1.0,1.6,4.2,95.8,0.0,0.0,96.9,25
2024-06-28,gumgaon,Gumgaon Mine,Friday,6,699,638,61,8.73,Medium,equipment_downtime,1.8,31.2,37.8,0.319,3.4,1.0,0.9,1.5,97.9,0.2,0.0,91.3,28
2024-06-29,gumgaon,Gumgaon Mine,Saturday,6,689,659,30,4.35,Low,equipment_downtime,11.0,32.2,37.0,0.29,5.1,1.2,1.2,2.7,96.9,0.0,0.0,93.3,27
2024-06-30,gumgaon,Gumgaon Mine,Sunday,6,711,493,218,30.66,High,equipment_downtime,0.4,29.5,37.8,0.352,15.9,9.7,1.7,4.5,90.2,0.0,0.0,96.3,21
2024-07-01,gumgaon,Gumgaon Mine,Monday,7,660,550,110,16.67,Medium,equipment_downtime,1.0,29.1,37.8,0.336,7.3,0.9,2.0,4.4,95.5,0.0,0.0,89.3,23
2024-07-02,gumgaon,Gumgaon Mine,Tuesday,7,658,564,94,14.29,Medium,equipment_downtime,14.6,33.2,33.6,0.344,4.0,1.0,0.3,2.7,97.5,0.0,0.0,91.3,19
2024-07-03,gumgaon,Gumgaon Mine,Wednesday,7,680,597,83,12.21,Medium,equipment_downtime,1.0,29.5,34.8,0.357,4.5,0.6,0.4,3.5,97.2,0.0,0.0,95.4,25
2024-07-04,gumgaon,Gumgaon Mine,Thursday,7,671,641,30,4.47,Low,equipment_downtime,1.7,29.8,37.8,0.344,3.1,0.9,1.1,1.1,98.0,0.0,0.0,88.9,27
2024-07-05,gumgaon,Gumgaon Mine,Friday,7,682,603,79,11.58,Medium,equipment_downtime,1.2,30.4,39.0,0.37,5.5,1.4,1.0,3.1,96.6,0.0,0.0,92.1,21
2024-07-06,gumgaon,Gumgaon Mine,Saturday,7,683,660,23,3.37,Low,blasting_delays,2.9,34.0,36.1,0.409,2.5,0.3,1.0,1.2,98.0,1.6,0.0,98.5,27
2024-07-07,gumgaon,Gumgaon Mine,Sunday,7,691,600,91,13.17,Medium,equipment_downtime,1.8,31.4,35.8,0.318,4.9,0.2,1.0,3.7,97.0,0.0,0.0,90.0,26
2024-07-08,gumgaon,Gumgaon Mine,Monday,7,692,533,159,22.98,High,equipment_downtime,4.5,34.1,37.1,0.317,5.4,1.3,2.8,1.3,96.7,0.7,0.0,88.6,22
2024-07-09,gumgaon,Gumgaon Mine,Tuesday,7,693,653,40,5.77,Low,equipment_downtime,3.9,35.8,38.6,0.348,4.9,0.8,1.8,2.3,97.0,0.0,0.0,93.8,29
2024-07-10,gumgaon,Gumgaon Mine,Wednesday,7,672,372,300,44.64,High,weather_stoppage,29.3,42.2,33.5,0.381,9.8,4.9,1.9,3.0,94.0,2.4,3.1,98.9,13
2024-07-11,gumgaon,Gumgaon Mine,Thursday,7,703,613,90,12.8,Medium,equipment_downtime,3.8,32.9,39.2,0.389,6.8,0.2,2.5,4.1,95.8,0.0,0.0,89.9,25
2024-07-12,gumgaon,Gumgaon Mine,Friday,7,681,549,132,19.38,High,labor_attendance,3.1,33.6,33.4,0.301,3.9,0.5,0.7,2.7,97.6,0.0,0.0,83.5,21
2024-07-13,gumgaon,Gumgaon Mine,Saturday,7,696,572,124,17.82,Medium,equipment_downtime,3.4,35.5,38.3,0.346,6.0,0.5,1.8,3.7,96.3,0.0,0.0,93.8,23
2024-07-14,gumgaon,Gumgaon Mine,Sunday,7,671,102,569,84.8,High,weather_stoppage,57.2,45.9,30.2,0.392,5.6,1.1,0.5,4.0,96.5,0.0,7.7,90.7,5
2024-07-15,gumgaon,Gumgaon Mine,Monday,7,696,580,116,16.67,Medium,equipment_downtime,15.3,40.1,34.3,0.398,4.9,1.3,0.9,2.7,97.0,1.2,0.0,95.1,25
2024-07-16,gumgaon,Gumgaon Mine,Tuesday,7,653,594,59,9.04,Medium,equipment_downtime,7.6,36.2,38.9,0.405,4.0,0.6,0.7,2.7,97.5,0.0,0.0,90.1,23
2024-07-17,gumgaon,Gumgaon Mine,Wednesday,7,693,572,121,17.46,Medium,equipment_downtime,19.9,41.9,34.5,0.374,4.4,0.4,0.4,3.6,97.3,0.0,0.0,89.7,23
2024-07-18,gumgaon,Gumgaon Mine,Thursday,7,679,614,65,9.57,Medium,equipment_downtime,1.4,35.9,36.6,0.367,6.9,1.1,1.4,4.4,95.7,0.0,0.0,92.8,29
2024-07-19,gumgaon,Gumgaon Mine,Friday,7,652,583,69,10.58,Medium,equipment_downtime,11.7,37.1,34.5,0.345,6.6,1.0,2.5,3.1,95.9,0.0,0.0,92.0,24
2024-07-20,gumgaon,Gumgaon Mine,Saturday,7,670,661,9,1.34,Low,nominal_operations,3.3,36.7,33.5,0.426,2.4,0.3,0.3,1.8,98.0,0.0,0.0,88.4,23
2024-07-21,gumgaon,Gumgaon Mine,Sunday,7,684,618,66,9.65,Medium,equipment_downtime,4.2,39.9,33.3,0.374,3.7,0.4,1.3,2.0,97.7,0.0,0.0,95.7,24
2024-07-22,gumgaon,Gumgaon Mine,Monday,7,663,102,561,84.62,High,weather_stoppage,55.4,51.0,31.8,0.385,18.0,13.4,1.7,2.9,88.9,0.0,6.4,89.0,5
2024-07-23,gumgaon,Gumgaon Mine,Tuesday,7,701,679,22,3.14,Low,equipment_downtime,0.5,36.6,32.5,0.394,3.1,0.5,0.5,2.1,98.0,0.0,0.0,92.3,27
2024-07-24,gumgaon,Gumgaon Mine,Wednesday,7,660,125,535,81.06,High,weather_stoppage,53.2,49.6,28.3,0.314,3.8,0.5,0.2,3.1,97.7,0.0,6.8,95.4,5
2024-07-25,gumgaon,Gumgaon Mine,Thursday,7,666,107,559,83.93,High,weather_stoppage,59.6,51.4,27.7,0.386,3.8,0.5,1.1,2.2,97.7,0.0,7.3,93.1,5
2024-07-26,gumgaon,Gumgaon Mine,Friday,7,659,562,97,14.72,Medium,equipment_downtime,12.6,39.8,34.6,0.38,4.2,0.6,1.1,2.5,97.4,0.0,0.0,86.2,23
2024-07-27,gumgaon,Gumgaon Mine,Saturday,7,680,610,70,10.29,Medium,equipment_downtime,2.2,38.1,37.3,0.391,4.9,1.4,1.8,1.7,97.0,0.0,0.0,96.7,25
2024-07-28,gumgaon,Gumgaon Mine,Sunday,7,700,654,46,6.57,Medium,equipment_downtime,16.0,38.0,32.2,0.488,4.1,0.3,1.7,2.1,97.5,0.0,0.0,95.5,24
2024-07-29,gumgaon,Gumgaon Mine,Monday,7,684,369,315,46.05,High,weather_stoppage,30.8,48.2,33.4,0.397,8.9,5.2,1.4,2.3,94.5,0.0,2.4,89.2,16
2024-07-30,gumgaon,Gumgaon Mine,Tuesday,7,670,532,138,20.6,High,equipment_downtime,1.1,33.2,34.7,0.44,6.7,1.0,1.4,4.3,95.9,1.5,0.0,91.3,22
2024-07-31,gumgaon,Gumgaon Mine,Wednesday,7,684,602,82,11.99,Medium,equipment_downtime,1.8,35.7,34.9,0.438,6.4,0.7,2.0,3.7,96.0,0.0,0.0,94.4,24
2024-08-01,gumgaon,Gumgaon Mine,Thursday,8,650,358,292,44.92,High,equipment_downtime,0.7,31.9,36.5,0.424,24.0,0.9,0.7,22.4,85.2,0.0,0.0,94.0,12
2024-08-02,gumgaon,Gumgaon Mine,Friday,8,669,547,122,18.24,High,equipment_downtime,14.6,39.6,33.4,0.379,5.4,1.4,1.3,2.7,96.7,0.0,0.0,90.5,20
2024-08-03,gumgaon,Gumgaon Mine,Saturday,8,662,454,208,31.42,High,equipment_downtime,24.6,49.4,35.7,0.452,10.4,3.0,1.1,6.3,93.6,0.0,0.0,92.6,17
2024-08-04,gumgaon,Gumgaon Mine,Sunday,8,631,479,152,24.09,High,blasting_delays,15.3,39.4,29.5,0.406,2.8,0.3,1.1,1.4,98.0,2.8,0.0,90.0,18
2024-08-05,gumgaon,Gumgaon Mine,Monday,8,650,102,548,84.31,High,weather_stoppage,94.1,58.0,22.1,0.453,8.4,2.5,0.5,5.4,94.8,0.0,12.0,91.7,5
2024-08-06,gumgaon,Gumgaon Mine,Tuesday,8,653,525,128,19.6,High,equipment_downtime,17.9,40.1,34.6,0.435,6.7,1.5,1.0,4.2,95.9,0.0,0.0,95.2,22
2024-08-07,gumgaon,Gumgaon Mine,Wednesday,8,652,554,98,15.03,Medium,equipment_downtime,7.2,39.7,35.1,0.4,6.8,0.5,2.0,4.3,95.8,0.5,0.0,91.5,23
2024-08-08,gumgaon,Gumgaon Mine,Thursday,8,632,507,125,19.78,High,equipment_downtime,3.4,38.7,29.7,0.476,6.9,1.1,1.9,3.9,95.7,0.0,0.0,91.1,23
2024-08-09,gumgaon,Gumgaon Mine,Friday,8,646,512,134,20.74,High,equipment_downtime,0.0,37.9,36.4,0.558,5.6,1.4,1.6,2.6,96.5,1.0,0.0,91.3,19
2024-08-10,gumgaon,Gumgaon Mine,Saturday,8,663,634,29,4.37,Low,equipment_downtime,4.7,39.5,33.7,0.434,2.8,1.1,0.7,1.0,98.0,0.0,0.0,93.2,25
2024-08-11,gumgaon,Gumgaon Mine,Sunday,8,669,531,138,20.63,High,equipment_downtime,19.5,45.6,32.0,0.43,6.1,1.2,0.4,4.5,96.2,0.0,0.0,89.3,23
2024-08-12,gumgaon,Gumgaon Mine,Monday,8,653,550,103,15.77,Medium,equipment_downtime,8.7,44.5,29.3,0.522,5.2,1.3,0.5,3.4,96.8,0.0,0.0,95.3,21
2024-08-13,gumgaon,Gumgaon Mine,Tuesday,8,639,550,89,13.93,Medium,equipment_downtime,3.5,40.1,36.9,0.413,3.2,0.7,1.1,1.4,98.0,0.0,0.0,90.7,22
2024-08-14,gumgaon,Gumgaon Mine,Wednesday,8,648,449,199,30.71,High,equipment_downtime,0.0,31.6,33.6,0.529,14.2,7.0,0.9,6.3,91.2,0.0,0.0,91.3,16
2024-08-15,gumgaon,Gumgaon Mine,Thursday,8,658,578,80,12.16,Medium,equipment_downtime,24.5,42.5,26.0,0.486,6.1,0.9,1.4,3.8,96.2,0.0,0.0,99.0,22
2024-08-16,gumgaon,Gumgaon Mine,Friday,8,673,593,80,11.89,Medium,equipment_downtime,0.8,38.5,34.9,0.471,6.1,1.4,1.0,3.7,96.2,0.0,0.0,98.0,26
2024-08-17,gumgaon,Gumgaon Mine,Saturday,8,672,543,129,19.2,High,equipment_downtime,0.9,39.1,34.2,0.478,5.9,1.1,1.4,3.4,96.4,0.0,0.0,94.4,22
2024-08-18,gumgaon,Gumgaon Mine,Sunday,8,664,569,95,14.31,Medium,equipment_downtime,0.7,37.3,34.0,0.502,2.6,0.3,0.6,1.7,98.0,0.0,0.0,88.1,23
2024-08-19,gumgaon,Gumgaon Mine,Monday,8,658,610,48,7.29,Medium,labor_attendance,0.6,35.6,34.1,0.501,3.3,1.1,0.5,1.7,98.0,0.0,0.0,85.7,23
2024-08-20,gumgaon,Gumgaon Mine,Tuesday,8,668,339,329,49.25,High,weather_stoppage,25.1,45.9,25.9,0.487,6.4,0.7,1.4,4.3,96.0,5.7,2.5,99.0,14
2024-08-21,gumgaon,Gumgaon Mine,Wednesday,8,649,522,127,19.57,High,equipment_downtime,1.7,39.5,34.5,0.541,8.4,5.7,0.8,1.9,94.8,0.0,0.0,92.0,19
2024-08-22,gumgaon,Gumgaon Mine,Thursday,8,653,551,102,15.62,Medium,equipment_downtime,7.8,38.7,30.4,0.445,6.8,0.9,1.7,4.2,95.8,0.0,0.0,92.8,19
2024-08-23,gumgaon,Gumgaon Mine,Friday,8,659,268,391,59.33,High,weather_stoppage,32.7,50.5,26.4,0.533,4.9,1.3,1.8,1.8,97.0,0.0,4.4,88.9,10
2024-08-24,gumgaon,Gumgaon Mine,Saturday,8,650,460,190,29.23,High,weather_stoppage,22.5,46.6,27.9,0.523,5.0,0.7,1.8,2.5,96.9,0.0,0.0,91.6,16
2024-08-25,gumgaon,Gumgaon Mine,Sunday,8,638,221,417,65.36,High,equipment_downtime,22.4,44.6,29.3,0.522,28.3,5.9,2.0,20.4,82.5,0.0,0.0,89.5,11
2024-08-26,gumgaon,Gumgaon Mine,Monday,8,648,604,44,6.79,Medium,equipment_downtime,2.5,38.0,32.5,0.578,6.5,1.1,2.4,3.0,96.0,0.0,0.0,97.2,22
2024-08-27,gumgaon,Gumgaon Mine,Tuesday,8,653,570,83,12.71,Medium,equipment_downtime,2.3,36.3,31.0,0.58,5.7,1.0,0.7,4.0,96.5,0.6,0.0,90.2,23
2024-08-28,gumgaon,Gumgaon Mine,Wednesday,8,649,537,112,17.26,Medium,equipment_downtime,5.8,42.6,30.5,0.516,4.3,0.6,0.6,3.1,97.3,0.0,0.0,97.2,23
2024-08-29,gumgaon,Gumgaon Mine,Thursday,8,638,120,518,81.19,High,weather_stoppage,47.8,54.9,26.8,0.581,3.8,0.6,1.7,1.5,97.7,0.0,6.5,90.7,5
2024-08-30,gumgaon,Gumgaon Mine,Friday,8,648,542,106,16.36,Medium,equipment_downtime,4.2,37.5,33.4,0.487,5.5,0.9,1.7,2.9,96.6,0.0,0.0,93.4,20
2024-08-31,gumgaon,Gumgaon Mine,Saturday,8,660,542,118,17.88,Medium,equipment_downtime,12.2,40.8,29.9,0.545,6.2,0.8,3.2,2.2,96.2,0.0,0.0,86.8,18
2024-09-01,gumgaon,Gumgaon Mine,Sunday,9,653,586,67,10.26,Medium,equipment_downtime,2.8,34.4,28.5,0.45,6.3,0.8,1.2,4.3,96.1,0.0,0.0,93.5,22
2024-09-02,gumgaon,Gumgaon Mine,Monday,9,620,493,127,20.48,High,equipment_downtime,9.7,39.0,32.9,0.585,4.8,0.9,0.4,3.5,97.0,0.0,0.0,90.3,21
2024-09-03,gumgaon,Gumgaon Mine,Tuesday,9,642,193,449,69.94,High,equipment_downtime,6.8,44.9,28.8,0.571,29.5,1.4,0.2,27.9,81.8,0.0,0.0,86.7,10
2024-09-04,gumgaon,Gumgaon Mine,Wednesday,9,624,518,106,16.99,Medium,equipment_downtime,3.5,33.5,28.8,0.547,4.9,0.8,1.5,2.6,97.0,0.0,0.0,97.4,24
2024-09-05,gumgaon,Gumgaon Mine,Thursday,9,625,127,498,79.68,High,weather_stoppage,50.1,47.6,23.7,0.515,6.5,1.3,1.6,3.6,96.0,0.0,6.0,89.4,5
2024-09-06,gumgaon,Gumgaon Mine,Friday,9,642,387,255,39.72,High,equipment_downtime,3.9,38.1,31.5,0.576,23.3,19.2,1.0,3.1,85.6,0.0,0.0,93.8,11
2024-09-07,gumgaon,Gumgaon Mine,Saturday,9,631,504,127,20.13,High,equipment_downtime,0.6,41.2,27.1,0.564,6.1,0.5,2.0,3.6,96.2,0.0,0.0,87.2,17
2024-09-08,gumgaon,Gumgaon Mine,Sunday,9,614,518,96,15.64,Medium,equipment_downtime,13.1,42.2,29.6,0.606,5.1,1.1,1.8,2.2,96.9,0.0,0.0,89.3,19
2024-09-09,gumgaon,Gumgaon Mine,Monday,9,638,406,232,36.36,High,weather_stoppage,31.8,45.2,26.9,0.649,4.2,0.3,1.6,2.3,97.4,0.0,3.9,91.2,19
2024-09-10,gumgaon,Gumgaon Mine,Tuesday,9,649,561,88,13.56,Medium,equipment_downtime,5.5,42.5,30.0,0.547,4.5,0.5,1.9,2.1,97.2,0.5,0.0,91.8,25
2024-09-11,gumgaon,Gumgaon Mine,Wednesday,9,632,534,98,15.51,Medium,equipment_downtime,8.4,39.6,29.2,0.528,4.8,1.4,2.0,1.4,97.0,0.0,0.0,93.3,18
2024-09-12,gumgaon,Gumgaon Mine,Thursday,9,635,517,118,18.58,High,equipment_downtime,2.2,37.5,27.3,0.577,3.6,0.9,1.4,1.3,97.8,0.0,0.0,87.4,19
2024-09-13,gumgaon,Gumgaon Mine,Friday,9,634,515,119,18.77,High,equipment_downtime,1.1,38.8,29.4,0.613,7.0,1.1,2.6,3.3,95.7,0.0,0.0,87.7,23
2024-09-14,gumgaon,Gumgaon Mine,Saturday,9,642,448,194,30.22,High,equipment_downtime,17.8,39.0,26.2,0.595,9.5,0.5,6.0,3.0,94.1,0.0,0.0,86.9,14
2024-09-15,gumgaon,Gumgaon Mine,Sunday,9,642,606,36,5.61,Low,equipment_downtime,3.9,35.8,26.8,0.58,1.9,0.2,0.6,1.1,98.0,0.0,0.0,90.3,23
2024-09-16,gumgaon,Gumgaon Mine,Monday,9,627,437,190,30.3,High,equipment_downtime,7.6,37.3,30.6,0.631,14.9,6.9,1.7,6.3,90.8,0.0,0.0,91.4,13
2024-09-17,gumgaon,Gumgaon Mine,Tuesday,9,633,531,102,16.11,Medium,equipment_downtime,1.7,34.6,27.9,0.618,5.1,1.0,0.3,3.8,96.9,0.0,0.0,90.4,21
2024-09-18,gumgaon,Gumgaon Mine,Wednesday,9,641,557,84,13.1,Medium,equipment_downtime,21.4,40.4,27.7,0.545,4.3,0.3,0.8,3.2,97.3,0.0,0.0,91.8,25
2024-09-19,gumgaon,Gumgaon Mine,Thursday,9,642,575,67,10.44,Medium,equipment_downtime,0.5,35.1,26.6,0.589,6.2,1.3,1.9,3.0,96.2,0.0,0.0,92.8,23
2024-09-20,gumgaon,Gumgaon Mine,Friday,9,677,634,43,6.35,Medium,equipment_downtime,1.2,32.3,23.2,0.544,5.0,1.4,0.7,2.9,96.9,0.0,0.0,95.1,26
2024-09-21,gumgaon,Gumgaon Mine,Saturday,9,626,507,119,19.01,High,equipment_downtime,4.7,34.5,26.4,0.665,9.0,4.0,0.6,4.4,94.4,0.0,0.0,90.8,22
2024-09-22,gumgaon,Gumgaon Mine,Sunday,9,637,568,69,10.83,Medium,equipment_downtime,2.3,36.9,30.4,0.554,5.7,1.3,1.4,3.0,96.5,0.0,0.0,98.7,22
2024-09-23,gumgaon,Gumgaon Mine,Monday,9,624,567,57,9.13,Medium,equipment_downtime,7.1,33.8,27.0,0.639,4.2,0.8,1.6,1.8,97.4,0.0,0.0,98.7,25
2024-09-24,gumgaon,Gumgaon Mine,Tuesday,9,628,646,0,0.0,Low,nominal_operations,2.7,33.5,25.8,0.714,1.9,0.2,0.2,1.5,98.0,0.0,0.0,99.0,28
2024-09-25,gumgaon,Gumgaon Mine,Wednesday,9,626,555,71,11.34,Medium,equipment_downtime,1.1,33.4,25.6,0.65,4.4,1.4,0.7,2.3,97.3,0.0,0.0,92.9,20
2024-09-26,gumgaon,Gumgaon Mine,Thursday,9,623,530,93,14.93,Medium,labor_attendance,11.2,35.2,29.6,0.553,2.8,0.6,0.9,1.3,98.0,0.0,0.0,86.7,23
2024-09-27,gumgaon,Gumgaon Mine,Friday,9,615,636,0,0.0,Low,nominal_operations,3.2,36.4,24.4,0.638,2.8,0.2,1.0,1.6,98.0,0.0,0.0,95.9,28
2024-09-28,gumgaon,Gumgaon Mine,Saturday,9,631,558,73,11.57,Medium,equipment_downtime,13.0,35.6,23.0,0.622,6.6,1.3,0.9,4.4,95.9,0.0,0.0,94.7,23
2024-09-29,gumgaon,Gumgaon Mine,Sunday,9,652,553,99,15.18,Medium,equipment_downtime,4.3,32.8,30.1,0.607,6.1,0.2,1.7,4.2,96.2,0.0,0.0,89.3,17
2024-09-30,gumgaon,Gumgaon Mine,Monday,9,622,530,92,14.79,Medium,equipment_downtime,9.5,37.1,24.6,0.66,3.4,0.3,1.8,1.3,97.9,0.5,0.0,89.3,23
2024-10-01,gumgaon,Gumgaon Mine,Tuesday,10,615,537,78,12.68,Medium,equipment_downtime,0.0,33.2,27.8,0.69,5.8,0.8,1.8,3.2,96.4,0.0,0.0,94.4,25
2024-10-02,gumgaon,Gumgaon Mine,Wednesday,10,633,532,101,15.96,Medium,labor_attendance,0.0,29.6,26.7,0.631,3.2,0.9,1.3,1.0,98.0,0.0,0.0,86.0,19
2024-10-03,gumgaon,Gumgaon Mine,Thursday,10,655,593,62,9.47,Medium,equipment_downtime,0.0,33.0,28.8,0.624,3.3,0.8,0.6,1.9,98.0,0.1,0.0,98.3,25
2024-10-04,gumgaon,Gumgaon Mine,Friday,10,618,560,58,9.39,Medium,equipment_downtime,0.0,29.0,26.9,0.593,4.6,0.5,1.8,2.3,97.2,0.0,0.0,87.2,22
2024-10-05,gumgaon,Gumgaon Mine,Saturday,10,640,584,56,8.75,Medium,equipment_downtime,0.0,30.1,26.9,0.663,3.4,0.6,1.4,1.4,97.9,0.0,0.0,92.5,25
2024-10-06,gumgaon,Gumgaon Mine,Sunday,10,628,521,107,17.04,Medium,equipment_downtime,0.0,25.1,26.0,0.632,7.6,1.2,2.0,4.4,95.3,0.0,0.0,92.9,21
2024-10-07,gumgaon,Gumgaon Mine,Monday,10,631,438,193,30.59,High,equipment_downtime,0.0,30.0,25.0,0.596,10.5,0.9,0.5,9.1,93.5,0.0,0.0,87.2,18
2024-10-08,gumgaon,Gumgaon Mine,Tuesday,10,600,512,88,14.67,Medium,equipment_downtime,0.0,27.9,26.0,0.565,4.5,0.9,0.7,2.9,97.2,0.1,0.0,98.3,21
2024-10-09,gumgaon,Gumgaon Mine,Wednesday,10,600,506,94,15.67,Medium,equipment_downtime,0.0,30.3,28.1,0.596,5.4,0.5,1.2,3.7,96.7,0.0,0.0,89.6,21
2024-10-10,gumgaon,Gumgaon Mine,Thursday,10,631,582,49,7.77,Medium,equipment_downtime,0.0,28.4,25.2,0.598,4.6,0.4,1.1,3.1,97.2,0.2,0.0,92.9,25
2024-10-11,gumgaon,Gumgaon Mine,Friday,10,626,531,95,15.18,Medium,equipment_downtime,0.0,27.9,23.0,0.664,6.3,1.1,1.4,3.8,96.1,0.0,0.0,94.7,23
2024-10-12,gumgaon,Gumgaon Mine,Saturday,10,604,540,64,10.6,Medium,equipment_downtime,0.0,33.6,27.7,0.647,5.9,0.6,1.6,3.7,96.4,0.0,0.0,93.8,19
2024-10-13,gumgaon,Gumgaon Mine,Sunday,10,617,530,87,14.1,Medium,equipment_downtime,0.0,29.2,26.0,0.618,5.1,0.8,2.0,2.3,96.9,0.0,0.0,98.1,21
2024-10-14,gumgaon,Gumgaon Mine,Monday,10,613,545,68,11.09,Medium,equipment_downtime,0.0,25.0,25.2,0.615,4.9,0.4,1.8,2.7,97.0,0.0,0.0,99.0,24
2024-10-15,gumgaon,Gumgaon Mine,Tuesday,10,600,484,116,19.33,High,equipment_downtime,0.0,27.3,24.1,0.596,4.7,0.6,0.8,3.3,97.1,0.0,0.0,86.6,19
2024-10-16,gumgaon,Gumgaon Mine,Wednesday,10,613,505,108,17.62,Medium,weather_stoppage,30.1,34.9,24.0,0.614,4.2,0.3,1.7,2.2,97.4,0.0,2.4,95.7,16
2024-10-17,gumgaon,Gumgaon Mine,Thursday,10,604,556,48,7.95,Medium,equipment_downtime,0.0,23.7,27.5,0.656,4.0,0.4,0.3,3.3,97.5,0.0,0.0,93.2,24
2024-10-18,gumgaon,Gumgaon Mine,Friday,10,647,561,86,13.29,Medium,equipment_downtime,0.0,27.5,26.3,0.642,6.2,1.8,0.4,4.0,96.2,0.0,0.0,90.8,20
2024-10-19,gumgaon,Gumgaon Mine,Saturday,10,614,603,11,1.79,Low,nominal_operations,0.0,25.1,23.8,0.665,2.4,0.8,0.5,1.1,98.0,0.0,0.0,94.7,24
2024-10-20,gumgaon,Gumgaon Mine,Sunday,10,640,369,271,42.34,High,equipment_downtime,0.0,28.7,24.4,0.64,23.6,3.6,3.4,16.6,85.4,0.0,0.0,95.1,15
2024-10-21,gumgaon,Gumgaon Mine,Monday,10,617,560,57,9.24,Medium,equipment_downtime,0.0,23.1,22.7,0.649,5.6,0.4,1.0,4.2,96.5,0.0,0.0,91.0,23
2024-10-22,gumgaon,Gumgaon Mine,Tuesday,10,612,511,101,16.5,Medium,equipment_downtime,0.0,24.5,23.8,0.645,4.8,0.2,3.0,1.6,97.0,0.0,0.0,88.3,19
2024-10-23,gumgaon,Gumgaon Mine,Wednesday,10,604,410,194,32.12,High,equipment_downtime,0.0,24.0,21.7,0.606,16.9,9.5,1.4,6.0,89.6,0.9,0.0,91.5,13
2024-10-24,gumgaon,Gumgaon Mine,Thursday,10,613,555,58,9.46,Medium,equipment_downtime,0.0,26.2,24.9,0.575,6.3,0.3,1.6,4.4,96.1,0.0,0.0,92.8,23
2024-10-25,gumgaon,Gumgaon Mine,Friday,10,609,447,162,26.6,High,equipment_downtime,0.0,18.8,26.2,0.609,10.9,0.9,6.7,3.3,93.3,0.0,0.0,93.1,19
2024-10-26,gumgaon,Gumgaon Mine,Saturday,10,625,513,112,17.92,Medium,equipment_downtime,0.0,24.1,22.3,0.681,6.6,1.3,1.1,4.2,95.9,0.0,0.0,89.0,17
2024-10-27,gumgaon,Gumgaon Mine,Sunday,10,617,516,101,16.37,Medium,equipment_downtime,0.0,24.5,26.1,0.62,4.9,0.3,0.4,4.2,97.0,0.0,0.0,89.0,22
2024-10-28,gumgaon,Gumgaon Mine,Monday,10,621,543,78,12.56,Medium,equipment_downtime,0.0,24.3,22.7,0.68,3.6,0.4,1.8,1.4,97.8,0.0,0.0,89.4,21
2024-10-29,gumgaon,Gumgaon Mine,Tuesday,10,622,573,49,7.88,Medium,equipment_downtime,0.0,25.9,22.6,0.614,3.0,1.0,0.5,1.5,98.0,0.0,0.0,92.6,21
2024-10-30,gumgaon,Gumgaon Mine,Wednesday,10,637,559,78,12.24,Medium,equipment_downtime,0.0,25.4,23.4,0.688,4.6,1.0,1.5,2.1,97.2,0.0,0.0,94.8,20
2024-10-31,gumgaon,Gumgaon Mine,Thursday,10,614,536,78,12.7,Medium,equipment_downtime,0.0,22.9,22.7,0.677,5.8,1.5,2.0,2.3,96.4,0.0,0.0,95.8,23
2024-11-01,gumgaon,Gumgaon Mine,Friday,11,640,539,101,15.78,Medium,equipment_downtime,0.0,19.3,23.7,0.628,5.4,0.6,1.8,3.0,96.7,0.0,0.0,90.8,23
2024-11-02,gumgaon,Gumgaon Mine,Saturday,11,631,571,60,9.51,Medium,equipment_downtime,0.0,21.4,22.7,0.575,4.0,0.8,0.3,2.9,97.5,0.0,0.0,99.0,24
2024-11-03,gumgaon,Gumgaon Mine,Sunday,11,614,532,82,13.36,Medium,equipment_downtime,0.0,20.2,22.4,0.703,6.0,0.2,1.4,4.4,96.3,0.0,0.0,92.8,22
2024-11-04,gumgaon,Gumgaon Mine,Monday,11,638,552,86,13.48,Medium,equipment_downtime,0.0,24.8,24.1,0.596,4.7,1.4,1.1,2.2,97.1,0.3,0.0,94.1,21
2024-11-05,gumgaon,Gumgaon Mine,Tuesday,11,610,490,120,19.67,High,equipment_downtime,0.0,24.8,23.7,0.641,5.2,1.4,1.2,2.6,96.8,0.0,0.0,86.1,19
2024-11-06,gumgaon,Gumgaon Mine,Wednesday,11,639,543,96,15.02,Medium,equipment_downtime,2.8,20.6,23.1,0.673,6.2,0.5,3.6,2.1,96.2,0.0,0.0,91.7,22
2024-11-07,gumgaon,Gumgaon Mine,Thursday,11,629,487,142,22.58,High,equipment_downtime,2.4,16.8,23.4,0.592,6.1,1.2,1.2,3.7,96.2,0.0,0.0,86.1,15
2024-11-08,gumgaon,Gumgaon Mine,Friday,11,619,532,87,14.05,Medium,equipment_downtime,0.0,16.0,22.2,0.682,4.7,0.8,1.0,2.9,97.1,1.1,0.0,93.9,24
2024-11-09,gumgaon,Gumgaon Mine,Saturday,11,629,440,189,30.05,High,equipment_downtime,0.0,20.3,23.0,0.675,7.0,0.2,3.8,3.0,95.7,1.8,0.0,96.2,18
2024-11-10,gumgaon,Gumgaon Mine,Sunday,11,639,429,210,32.86,High,equipment_downtime,0.0,19.6,21.7,0.638,16.5,12.1,1.4,3.0,89.8,0.0,0.0,89.5,15
2024-11-11,gumgaon,Gumgaon Mine,Monday,11,647,386,261,40.34,High,equipment_downtime,0.0,16.9,24.9,0.604,12.3,1.8,1.8,8.7,92.4,0.0,0.0,79.1,20
2024-11-12,gumgaon,Gumgaon Mine,Tuesday,11,642,583,59,9.19,Medium,equipment_downtime,0.0,19.7,25.7,0.678,3.4,0.7,0.9,1.8,97.9,0.0,0.0,92.5,21
2024-11-13,gumgaon,Gumgaon Mine,Wednesday,11,609,417,192,31.53,High,equipment_downtime,0.0,18.1,23.4,0.605,12.4,4.0,1.5,6.9,92.3,0.0,0.0,98.1,13
2024-11-14,gumgaon,Gumgaon Mine,Thursday,11,628,524,104,16.56,Medium,equipment_downtime,0.0,19.3,24.3,0.644,9.5,1.5,0.3,7.7,94.1,0.0,0.0,94.5,20
2024-11-15,gumgaon,Gumgaon Mine,Friday,11,634,516,118,18.61,High,equipment_downtime,0.0,17.1,23.8,0.615,6.3,0.9,2.7,2.7,96.1,0.0,0.0,87.9,23
2024-11-16,gumgaon,Gumgaon Mine,Saturday,11,624,423,201,32.21,High,equipment_downtime,0.0,16.3,25.0,0.62,16.9,1.2,11.1,4.6,89.6,0.0,0.0,92.8,15
2024-11-17,gumgaon,Gumgaon Mine,Sunday,11,640,590,50,7.81,Medium,equipment_downtime,0.0,17.3,18.3,0.606,2.9,0.6,0.8,1.5,98.0,0.0,0.0,93.6,24
2024-11-18,gumgaon,Gumgaon Mine,Monday,11,628,510,118,18.79,High,equipment_downtime,0.0,15.8,23.9,0.563,6.3,1.4,1.2,3.7,96.1,0.0,0.0,97.4,22
2024-11-19,gumgaon,Gumgaon Mine,Tuesday,11,630,579,51,8.1,Medium,equipment_downtime,0.0,17.2,24.6,0.606,5.1,0.9,1.8,2.4,96.9,0.0,0.0,93.4,22
2024-11-20,gumgaon,Gumgaon Mine,Wednesday,11,631,425,206,32.65,High,equipment_downtime,0.0,17.5,21.9,0.574,14.1,9.3,0.4,4.4,91.3,0.0,0.0,93.1,16
2024-11-21,gumgaon,Gumgaon Mine,Thursday,11,646,581,65,10.06,Medium,equipment_downtime,0.0,20.4,24.2,0.586,5.8,0.6,0.9,4.3,96.4,0.0,0.0,93.5,23
2024-11-22,gumgaon,Gumgaon Mine,Friday,11,627,551,76,12.12,Medium,equipment_downtime,0.0,15.9,20.4,0.563,5.6,1.1,1.3,3.2,96.5,0.0,0.0,93.8,25
2024-11-23,gumgaon,Gumgaon Mine,Saturday,11,607,549,58,9.56,Medium,equipment_downtime,0.0,14.9,20.7,0.654,3.5,0.8,0.9,1.8,97.8,0.0,0.0,87.0,24
2024-11-24,gumgaon,Gumgaon Mine,Sunday,11,613,557,56,9.14,Medium,equipment_downtime,0.0,17.6,23.2,0.654,2.5,0.7,0.7,1.1,98.0,0.0,0.0,93.7,21
2024-11-25,gumgaon,Gumgaon Mine,Monday,11,658,591,67,10.18,Medium,labor_attendance,0.0,16.8,26.2,0.647,2.2,0.4,0.5,1.3,98.0,0.0,0.0,85.2,25
2024-11-26,gumgaon,Gumgaon Mine,Tuesday,11,637,608,29,4.55,Low,equipment_downtime,0.0,14.2,21.7,0.601,2.4,0.6,0.2,1.6,98.0,0.0,0.0,95.4,26
2024-11-27,gumgaon,Gumgaon Mine,Wednesday,11,658,637,21,3.19,Low,equipment_downtime,0.0,16.6,25.5,0.643,2.3,0.4,0.7,1.2,98.0,0.0,0.0,89.1,28
2024-11-28,gumgaon,Gumgaon Mine,Thursday,11,644,514,130,20.19,High,equipment_downtime,0.0,18.0,23.5,0.493,11.3,1.4,1.9,8.0,93.0,0.2,0.0,97.7,21
2024-11-29,gumgaon,Gumgaon Mine,Friday,11,653,591,62,9.49,Medium,equipment_downtime,14.9,20.0,19.8,0.591,4.5,1.3,0.6,2.6,97.2,0.0,0.0,99.0,24
2024-11-30,gumgaon,Gumgaon Mine,Saturday,11,623,508,115,18.46,High,equipment_downtime,0.0,18.0,22.2,0.616,6.7,1.5,0.9,4.3,95.9,1.2,0.0,96.0,19
2024-12-01,gumgaon,Gumgaon Mine,Sunday,12,653,636,17,2.6,Low,nominal_operations,0.0,16.1,21.5,0.593,3.1,0.4,1.5,1.2,98.0,0.0,0.0,99.0,22
2024-12-02,gumgaon,Gumgaon Mine,Monday,12,647,620,27,4.17,Low,equipment_downtime,0.0,18.0,22.0,0.716,2.1,0.2,0.5,1.4,98.0,0.0,0.0,90.6,26
2024-12-03,gumgaon,Gumgaon Mine,Tuesday,12,646,589,57,8.82,Medium,equipment_downtime,0.1,15.1,23.8,0.63,3.2,1.2,0.6,1.4,98.0,0.0,0.0,94.8,22
2024-12-04,gumgaon,Gumgaon Mine,Wednesday,12,620,573,47,7.58,Medium,equipment_downtime,0.0,15.4,23.4,0.577,4.0,0.5,0.3,3.2,97.5,0.0,0.0,96.1,24
2024-12-05,gumgaon,Gumgaon Mine,Thursday,12,670,588,82,12.24,Medium,equipment_downtime,0.0,10.6,22.8,0.59,5.4,0.8,1.0,3.6,96.7,0.0,0.0,94.0,21
2024-12-06,gumgaon,Gumgaon Mine,Friday,12,667,588,79,11.84,Medium,equipment_downtime,0.0,16.5,24.8,0.594,6.1,0.8,1.6,3.7,96.2,0.0,0.0,94.5,25
2024-12-07,gumgaon,Gumgaon Mine,Saturday,12,635,533,102,16.06,Medium,equipment_downtime,0.0,18.1,22.9,0.616,6.2,1.0,1.3,3.9,96.2,0.0,0.0,90.2,22
2024-12-08,gumgaon,Gumgaon Mine,Sunday,12,660,471,189,28.64,High,equipment_downtime,0.0,16.6,22.4,0.57,15.6,4.4,6.6,4.6,90.4,0.0,0.0,95.9,16
2024-12-09,gumgaon,Gumgaon Mine,Monday,12,634,558,76,11.99,Medium,equipment_downtime,0.0,17.3,21.8,0.586,3.3,0.6,1.2,1.5,98.0,0.0,0.0,89.5,20
2024-12-10,gumgaon,Gumgaon Mine,Tuesday,12,637,580,57,8.95,Medium,equipment_downtime,0.0,15.9,21.3,0.595,3.2,0.9,1.3,1.0,98.0,0.0,0.0,89.5,23
2024-12-11,gumgaon,Gumgaon Mine,Wednesday,12,651,607,44,6.76,Medium,equipment_downtime,0.0,12.8,24.1,0.564,2.0,0.2,0.3,1.5,98.0,0.0,0.0,99.0,23
2024-12-12,gumgaon,Gumgaon Mine,Thursday,12,638,520,118,18.5,High,equipment_downtime,0.0,15.0,21.1,0.693,5.9,1.5,0.4,4.0,96.4,0.0,0.0,97.8,23
2024-12-13,gumgaon,Gumgaon Mine,Friday,12,648,562,86,13.27,Medium,equipment_downtime,0.0,14.0,24.2,0.595,4.5,0.6,1.9,2.0,97.2,0.0,0.0,92.7,22
2024-12-14,gumgaon,Gumgaon Mine,Saturday,12,650,567,83,12.77,Medium,equipment_downtime,0.0,16.7,22.5,0.603,4.1,1.4,1.1,1.6,97.5,0.0,0.0,90.0,24
2024-12-15,gumgaon,Gumgaon Mine,Sunday,12,635,516,119,18.74,High,equipment_downtime,0.0,11.4,24.5,0.577,5.1,0.9,1.3,2.9,96.9,0.0,0.0,91.5,22
2024-12-16,gumgaon,Gumgaon Mine,Monday,12,657,543,114,17.35,Medium,equipment_downtime,0.0,13.3,22.1,0.579,7.3,1.3,1.6,4.4,95.5,0.0,0.0,95.1,21
2024-12-17,gumgaon,Gumgaon Mine,Tuesday,12,669,462,207,30.94,High,equipment_downtime,0.0,16.4,22.2,0.667,9.5,0.8,5.6,3.1,94.1,0.0,0.0,86.4,14
2024-12-18,gumgaon,Gumgaon Mine,Wednesday,12,673,540,133,19.76,High,equipment_downtime,0.0,14.9,21.6,0.542,6.8,1.1,1.5,4.2,95.8,0.0,0.0,90.2,23
2024-12-19,gumgaon,Gumgaon Mine,Thursday,12,665,566,99,14.89,Medium,equipment_downtime,0.0,13.6,23.1,0.563,6.9,1.2,1.7,4.0,95.7,0.0,0.0,95.6,20
2024-12-20,gumgaon,Gumgaon Mine,Friday,12,631,571,60,9.51,Medium,equipment_downtime,0.0,17.8,26.2,0.562,3.8,1.3,0.2,2.3,97.7,0.0,0.0,91.2,23
2024-12-21,gumgaon,Gumgaon Mine,Saturday,12,641,571,70,10.92,Medium,equipment_downtime,0.0,17.0,22.7,0.524,3.4,0.6,0.8,2.0,97.9,0.0,0.0,97.4,21
2024-12-22,gumgaon,Gumgaon Mine,Sunday,12,644,519,125,19.41,High,equipment_downtime,0.0,18.6,24.3,0.558,10.0,4.8,0.6,4.6,93.8,0.0,0.0,91.3,20
2024-12-23,gumgaon,Gumgaon Mine,Monday,12,650,655,0,0.0,Low,nominal_operations,0.0,18.1,21.5,0.607,3.6,1.1,0.8,1.7,97.8,0.0,0.0,93.0,22
2024-12-24,gumgaon,Gumgaon Mine,Tuesday,12,644,623,21,3.26,Low,equipment_downtime,0.0,14.9,24.6,0.571,3.0,0.2,1.8,1.0,98.0,0.0,0.0,92.6,30
2024-12-25,gumgaon,Gumgaon Mine,Wednesday,12,664,546,118,17.77,Medium,equipment_downtime,0.0,14.6,21.8,0.463,5.9,1.4,0.6,3.9,96.4,0.1,0.0,91.1,21
2024-12-26,gumgaon,Gumgaon Mine,Thursday,12,648,537,111,17.13,Medium,equipment_downtime,0.0,19.9,22.2,0.521,4.5,1.0,1.1,2.4,97.2,0.0,0.0,90.3,23
2024-12-27,gumgaon,Gumgaon Mine,Friday,12,660,560,100,15.15,Medium,equipment_downtime,0.0,15.7,24.2,0.511,6.2,1.0,2.2,3.0,96.2,0.0,0.0,88.6,24
2024-12-28,gumgaon,Gumgaon Mine,Saturday,12,661,509,152,23.0,High,equipment_downtime,0.0,21.7,24.2,0.45,5.6,0.3,1.8,3.5,96.5,0.2,0.0,90.0,21
2024-12-29,gumgaon,Gumgaon Mine,Sunday,12,644,345,299,46.43,High,equipment_downtime,0.0,20.1,18.8,0.577,21.9,11.9,0.5,9.5,86.5,0.0,0.0,87.9,18
2024-12-30,gumgaon,Gumgaon Mine,Monday,12,649,615,34,5.24,Low,equipment_downtime,0.0,15.9,25.1,0.507,3.4,0.3,0.9,2.2,97.9,0.0,0.0,92.9,27
2024-12-31,gumgaon,Gumgaon Mine,Tuesday,12,646,483,163,25.23,High,blasting_delays,0.0,20.7,25.0,0.513,3.4,1.3,0.5,1.6,97.9,4.4,0.0,97.9,22
2025-01-01,gumgaon,Gumgaon Mine,Wednesday,1,692,590,102,14.74,Medium,equipment_downtime,0.0,17.0,24.4,0.527,5.2,0.8,1.6,2.8,96.8,0.0,0.0,85.6,24
2025-01-02,gumgaon,Gumgaon Mine,Thursday,1,689,635,54,7.84,Medium,equipment_downtime,0.0,16.0,23.8,0.566,5.6,0.4,1.4,3.8,96.5,0.0,0.0,91.6,28
2025-01-03,gumgaon,Gumgaon Mine,Friday,1,658,599,59,8.97,Medium,equipment_downtime,0.0,17.2,26.1,0.463,5.8,1.4,1.8,2.6,96.4,0.0,0.0,89.9,22
2025-01-04,gumgaon,Gumgaon Mine,Saturday,1,681,642,39,5.73,Low,equipment_downtime,0.0,17.3,22.1,0.561,4.0,0.9,1.2,1.9,97.5,0.0,0.0,92.7,26
2025-01-05,gumgaon,Gumgaon Mine,Sunday,1,706,542,164,23.23,High,equipment_downtime,0.0,16.3,24.4,0.42,5.2,1.0,1.0,3.2,96.8,2.7,0.0,97.0,22
2025-01-06,gumgaon,Gumgaon Mine,Monday,1,662,579,83,12.54,Medium,equipment_downtime,0.0,14.8,23.8,0.541,4.6,0.5,1.2,2.9,97.2,0.0,0.0,98.3,23
2025-01-07,gumgaon,Gumgaon Mine,Tuesday,1,674,623,51,7.57,Medium,equipment_downtime,0.0,18.3,25.6,0.427,4.4,1.4,1.7,1.3,97.3,0.0,0.0,91.2,29
2025-01-08,gumgaon,Gumgaon Mine,Wednesday,1,688,623,65,9.45,Medium,equipment_downtime,0.0,15.0,25.4,0.485,4.0,0.6,1.1,2.3,97.5,0.0,0.0,92.4,25
2025-01-09,gumgaon,Gumgaon Mine,Thursday,1,664,544,120,18.07,High,equipment_downtime,0.0,16.5,22.9,0.507,5.6,0.8,1.3,3.5,96.5,0.0,0.0,90.6,27
2025-01-10,gumgaon,Gumgaon Mine,Friday,1,671,472,199,29.66,High,equipment_downtime,0.0,16.2,26.7,0.55,16.5,3.6,1.9,11.0,89.8,1.4,0.0,92.2,17
2025-01-11,gumgaon,Gumgaon Mine,Saturday,1,677,627,50,7.39,Medium,equipment_downtime,0.0,17.4,23.8,0.502,3.0,0.4,0.7,1.9,98.0,0.0,0.0,92.7,26
2025-01-12,gumgaon,Gumgaon Mine,Sunday,1,699,629,70,10.01,Medium,equipment_downtime,0.0,18.8,25.7,0.529,5.8,1.0,1.4,3.4,96.4,0.0,0.0,93.9,25
2025-01-13,gumgaon,Gumgaon Mine,Monday,1,700,665,35,5.0,Low,equipment_downtime,0.0,18.5,23.5,0.493,3.1,0.4,0.4,2.3,98.0,0.0,0.0,96.3,25
2025-01-14,gumgaon,Gumgaon Mine,Tuesday,1,674,665,9,1.34,Low,nominal_operations,0.0,12.2,24.5,0.505,3.0,0.6,1.0,1.4,98.0,0.0,0.0,94.1,29
2025-01-15,gumgaon,Gumgaon Mine,Wednesday,1,688,587,101,14.68,Medium,equipment_downtime,0.0,15.4,23.5,0.477,4.6,0.3,1.8,2.5,97.2,0.0,0.0,89.8,23
2025-01-16,gumgaon,Gumgaon Mine,Thursday,1,692,619,73,10.55,Medium,equipment_downtime,0.0,17.4,25.2,0.484,3.6,1.3,0.9,1.4,97.8,0.0,0.0,93.2,28
2025-01-17,gumgaon,Gumgaon Mine,Friday,1,684,538,146,21.35,High,labor_attendance,0.0,15.9,22.7,0.457,2.6,0.6,0.6,1.4,98.0,0.0,0.0,81.3,21
2025-01-18,gumgaon,Gumgaon Mine,Saturday,1,669,531,138,20.63,High,equipment_downtime,0.0,13.2,21.3,0.495,7.1,0.7,3.6,2.8,95.6,0.0,0.0,89.4,22
2025-01-19,gumgaon,Gumgaon Mine,Sunday,1,672,470,202,30.06,High,equipment_downtime,0.0,15.5,25.5,0.403,14.0,1.1,5.8,7.1,91.4,0.0,0.0,93.1,21
2025-01-20,gumgaon,Gumgaon Mine,Monday,1,676,610,66,9.76,Medium,equipment_downtime,0.0,19.2,27.0,0.383,5.6,1.1,3.5,1.0,96.5,0.6,0.0,95.1,24
2025-01-21,gumgaon,Gumgaon Mine,Tuesday,1,678,559,119,17.55,Medium,equipment_downtime,0.0,16.0,25.1,0.502,6.2,1.1,0.9,4.2,96.2,0.0,0.0,83.9,24
2025-01-22,gumgaon,Gumgaon Mine,Wednesday,1,669,510,159,23.77,High,equipment_downtime,0.0,17.3,22.9,0.42,11.5,8.0,0.2,3.3,92.9,0.0,0.0,92.2,20
2025-01-23,gumgaon,Gumgaon Mine,Thursday,1,672,638,34,5.06,Low,labor_attendance,0.0,12.1,26.9,0.387,3.0,0.8,1.2,1.0,98.0,0.0,0.0,87.3,26
2025-01-24,gumgaon,Gumgaon Mine,Friday,1,680,616,64,9.41,Medium,equipment_downtime,0.0,11.3,24.8,0.442,4.3,1.3,1.7,1.3,97.3,0.0,0.0,91.4,30
2025-01-25,gumgaon,Gumgaon Mine,Saturday,1,679,620,59,8.69,Medium,equipment_downtime,16.4,22.6,23.5,0.49,5.4,0.3,1.9,3.2,96.7,0.0,0.0,89.6,26
2025-01-26,gumgaon,Gumgaon Mine,Sunday,1,667,582,85,12.74,Medium,equipment_downtime,0.0,17.4,24.1,0.409,6.9,1.1,0.6,5.2,95.7,0.0,0.0,93.2,27
2025-01-27,gumgaon,Gumgaon Mine,Monday,1,668,690,0,0.0,Low,nominal_operations,0.0,17.5,29.1,0.369,3.3,1.2,0.4,1.7,98.0,0.0,0.0,92.4,28
2025-01-28,gumgaon,Gumgaon Mine,Tuesday,1,692,627,65,9.39,Medium,equipment_downtime,0.0,14.0,27.8,0.375,4.8,1.0,1.0,2.8,97.0,0.0,0.0,90.0,26
2025-01-29,gumgaon,Gumgaon Mine,Wednesday,1,675,395,280,41.48,High,equipment_downtime,0.0,11.6,25.4,0.345,19.1,1.2,15.0,2.9,88.2,0.0,0.0,89.2,16
2025-01-30,gumgaon,Gumgaon Mine,Thursday,1,685,615,70,10.22,Medium,equipment_downtime,0.0,16.6,27.0,0.411,3.5,0.3,0.8,2.4,97.8,0.0,0.0,87.3,25
2025-01-31,gumgaon,Gumgaon Mine,Friday,1,681,402,279,40.97,High,equipment_downtime,0.0,13.6,29.5,0.463,17.0,6.7,1.6,8.7,89.5,0.0,0.0,86.0,17
2025-02-01,gumgaon,Gumgaon Mine,Saturday,2,708,680,28,3.95,Low,equipment_downtime,0.0,15.2,23.0,0.333,3.2,0.7,0.9,1.6,98.0,0.0,0.0,99.0,28
2025-02-02,gumgaon,Gumgaon Mine,Sunday,2,721,599,122,16.92,Medium,equipment_downtime,4.0,16.0,24.7,0.403,6.7,1.2,1.8,3.7,95.9,0.0,0.0,94.3,28
2025-02-03,gumgaon,Gumgaon Mine,Monday,2,698,553,145,20.77,High,equipment_downtime,0.0,16.3,25.9,0.437,5.3,0.4,0.4,4.5,96.7,0.0,0.0,84.5,22
2025-02-04,gumgaon,Gumgaon Mine,Tuesday,2,709,633,76,10.72,Medium,equipment_downtime,0.0,16.4,26.3,0.36,7.0,1.6,0.4,5.0,95.7,0.0,0.0,93.4,23
2025-02-05,gumgaon,Gumgaon Mine,Wednesday,2,712,653,59,8.29,Medium,equipment_downtime,0.0,19.3,29.0,0.379,3.3,0.9,0.9,1.5,98.0,0.0,0.0,88.8,28
2025-02-06,gumgaon,Gumgaon Mine,Thursday,2,701,438,263,37.52,High,equipment_downtime,0.0,12.5,26.6,0.415,20.6,12.8,1.2,6.6,87.3,0.0,0.0,92.1,13
2025-02-07,gumgaon,Gumgaon Mine,Friday,2,720,561,159,22.08,High,blasting_delays,0.0,11.6,30.6,0.358,3.2,0.3,1.5,1.4,98.0,4.0,0.0,86.9,21
2025-02-08,gumgaon,Gumgaon Mine,Saturday,2,717,499,218,30.4,High,equipment_downtime,0.0,13.6,27.3,0.37,16.8,2.6,0.7,13.5,89.6,0.0,0.0,90.3,22
2025-02-09,gumgaon,Gumgaon Mine,Sunday,2,702,611,91,12.96,Medium,equipment_downtime,0.0,20.8,25.4,0.312,5.8,1.1,0.7,4.0,96.4,0.0,0.0,89.4,27
2025-02-10,gumgaon,Gumgaon Mine,Monday,2,657,593,64,9.74,Medium,equipment_downtime,0.0,15.3,28.4,0.377,4.5,0.5,0.4,3.6,97.2,0.0,0.0,90.0,23
2025-02-11,gumgaon,Gumgaon Mine,Tuesday,2,730,516,214,29.32,High,equipment_downtime,0.0,16.5,27.3,0.34,16.0,8.9,0.8,6.3,90.1,3.0,0.0,92.5,16
2025-02-12,gumgaon,Gumgaon Mine,Wednesday,2,705,595,110,15.6,Medium,equipment_downtime,1.2,16.8,28.1,0.285,7.2,1.3,1.8,4.1,95.6,0.0,0.0,99.0,23
2025-02-13,gumgaon,Gumgaon Mine,Thursday,2,693,628,65,9.38,Medium,equipment_downtime,0.0,16.1,30.4,0.416,5.5,1.0,0.7,3.8,96.6,0.0,0.0,92.0,23
2025-02-14,gumgaon,Gumgaon Mine,Friday,2,706,657,49,6.94,Medium,equipment_downtime,0.0,15.3,26.7,0.427,4.2,1.4,1.5,1.3,97.4,0.0,0.0,97.1,24
2025-02-15,gumgaon,Gumgaon Mine,Saturday,2,716,662,54,7.54,Medium,equipment_downtime,0.0,20.2,26.4,0.32,3.5,0.4,0.6,2.5,97.8,0.0,0.0,87.7,26
2025-02-16,gumgaon,Gumgaon Mine,Sunday,2,689,602,87,12.63,Medium,equipment_downtime,0.0,9.9,25.8,0.382,5.4,0.2,1.8,3.4,96.7,1.4,0.0,93.8,23
2025-02-17,gumgaon,Gumgaon Mine,Monday,2,696,619,77,11.06,Medium,equipment_downtime,0.0,14.8,29.2,0.393,5.5,1.4,0.9,3.2,96.6,0.0,0.0,91.2,23
2025-02-18,gumgaon,Gumgaon Mine,Tuesday,2,707,608,99,14.0,Medium,equipment_downtime,0.0,18.0,29.0,0.333,6.0,0.8,1.7,3.5,96.3,0.0,0.0,86.7,24
2025-02-19,gumgaon,Gumgaon Mine,Wednesday,2,729,690,39,5.35,Low,equipment_downtime,0.0,16.5,28.6,0.295,3.7,1.0,1.4,1.3,97.7,0.7,0.0,91.9,25
2025-02-20,gumgaon,Gumgaon Mine,Thursday,2,695,611,84,12.09,Medium,equipment_downtime,5.9,15.8,29.1,0.338,6.8,0.9,1.5,4.4,95.8,0.0,0.0,87.7,23
2025-02-21,gumgaon,Gumgaon Mine,Friday,2,695,554,141,20.29,High,equipment_downtime,0.0,13.7,29.4,0.329,16.2,3.4,1.5,11.3,90.0,0.0,0.0,90.3,20
2025-02-22,gumgaon,Gumgaon Mine,Saturday,2,705,610,95,13.48,Medium,equipment_downtime,0.0,24.9,30.3,0.296,6.1,1.2,1.4,3.5,96.2,0.0,0.0,96.9,24
2025-02-23,gumgaon,Gumgaon Mine,Sunday,2,705,627,78,11.06,Medium,equipment_downtime,0.0,15.0,31.9,0.313,6.2,1.4,0.7,4.1,96.2,0.0,0.0,93.9,23
2025-02-24,gumgaon,Gumgaon Mine,Monday,2,699,581,118,16.88,Medium,equipment_downtime,0.0,18.1,30.7,0.37,12.1,0.8,7.5,3.8,92.5,0.0,0.0,92.3,23
2025-02-25,gumgaon,Gumgaon Mine,Tuesday,2,706,517,189,26.77,High,weather_stoppage,29.1,24.5,28.0,0.309,4.2,1.3,1.1,1.8,97.4,0.0,3.6,91.7,19
2025-02-26,gumgaon,Gumgaon Mine,Wednesday,2,688,421,267,38.81,High,equipment_downtime,0.0,23.5,33.5,0.313,21.5,2.5,1.0,18.0,86.7,0.0,0.0,89.9,17
2025-02-27,gumgaon,Gumgaon Mine,Thursday,2,728,675,53,7.28,Medium,equipment_downtime,0.0,19.2,30.5,0.332,3.0,0.7,0.7,1.6,98.0,0.0,0.0,88.5,27
2025-02-28,gumgaon,Gumgaon Mine,Friday,2,706,657,49,6.94,Medium,equipment_downtime,0.0,15.7,32.3,0.329,4.0,0.7,2.0,1.3,97.5,0.0,0.0,91.3,25
2025-03-01,gumgaon,Gumgaon Mine,Saturday,3,722,638,84,11.63,Medium,equipment_downtime,0.0,15.4,30.9,0.296,3.9,0.3,0.8,2.8,97.6,0.0,0.0,96.2,26
2025-03-02,gumgaon,Gumgaon Mine,Sunday,3,714,649,65,9.1,Medium,equipment_downtime,0.0,14.8,29.6,0.257,3.5,1.2,1.2,1.1,97.8,0.0,0.0,88.6,26
2025-03-03,gumgaon,Gumgaon Mine,Monday,3,711,606,105,14.77,Medium,equipment_downtime,0.0,13.7,30.8,0.334,6.0,0.9,1.8,3.3,96.3,0.0,0.0,91.8,28
2025-03-04,gumgaon,Gumgaon Mine,Tuesday,3,739,670,69,9.34,Medium,labor_attendance,0.0,15.7,32.2,0.306,3.4,0.8,0.8,1.8,97.9,0.0,0.0,83.1,32
2025-03-05,gumgaon,Gumgaon Mine,Wednesday,3,745,650,95,12.75,Medium,equipment_downtime,0.0,16.8,27.6,0.349,5.2,0.2,1.3,3.7,96.8,0.0,0.0,94.6,27
2025-03-06,gumgaon,Gumgaon Mine,Thursday,3,730,584,146,20.0,High,equipment_downtime,0.0,17.4,36.0,0.256,8.7,2.5,1.7,4.5,94.6,0.0,0.0,94.0,25
2025-03-07,gumgaon,Gumgaon Mine,Friday,3,727,664,63,8.67,Medium,equipment_downtime,0.0,14.1,33.0,0.244,5.2,0.7,2.0,2.5,96.8,0.0,0.0,91.7,24
2025-03-08,gumgaon,Gumgaon Mine,Saturday,3,736,662,74,10.05,Medium,equipment_downtime,0.0,10.7,31.8,0.268,4.9,0.4,0.2,4.3,97.0,0.0,0.0,95.6,24
2025-03-09,gumgaon,Gumgaon Mine,Sunday,3,720,652,68,9.44,Medium,labor_attendance,0.0,16.3,34.2,0.337,2.9,1.4,0.4,1.1,98.0,0.0,0.0,87.3,29
2025-03-10,gumgaon,Gumgaon Mine,Monday,3,736,677,59,8.02,Medium,equipment_downtime,0.0,14.6,34.2,0.288,2.9,0.8,1.0,1.1,98.0,0.0,0.0,88.6,26
2025-03-11,gumgaon,Gumgaon Mine,Tuesday,3,717,604,113,15.76,Medium,equipment_downtime,0.0,17.7,32.2,0.283,6.3,1.3,1.4,3.6,96.1,0.0,0.0,95.1,21
2025-03-12,gumgaon,Gumgaon Mine,Wednesday,3,717,691,26,3.63,Low,equipment_downtime,0.0,13.8,30.9,0.263,3.6,1.0,0.8,1.8,97.8,0.0,0.0,88.6,25
2025-03-13,gumgaon,Gumgaon Mine,Thursday,3,720,589,131,18.19,High,equipment_downtime,0.0,14.4,30.7,0.255,7.1,1.1,4.7,1.3,95.6,0.0,0.0,91.1,24
2025-03-14,gumgaon,Gumgaon Mine,Friday,3,732,592,140,19.13,High,equipment_downtime,0.0,17.1,35.1,0.299,11.5,1.2,8.4,1.9,92.9,0.0,0.0,93.1,21
2025-03-15,gumgaon,Gumgaon Mine,Saturday,3,703,626,77,10.95,Medium,equipment_downtime,0.0,17.2,33.6,0.306,6.7,1.1,2.0,3.6,95.9,0.0,0.0,90.5,23
2025-03-16,gumgaon,Gumgaon Mine,Sunday,3,741,632,109,14.71,Medium,equipment_downtime,0.0,15.8,31.6,0.318,6.0,1.0,1.5,3.5,96.3,0.0,0.0,99.0,24
2025-03-17,gumgaon,Gumgaon Mine,Monday,3,771,630,141,18.29,High,labor_attendance,0.0,15.0,32.0,0.289,5.3,0.7,2.8,1.8,96.7,0.0,0.0,83.8,22
2025-03-18,gumgaon,Gumgaon Mine,Tuesday,3,738,651,87,11.79,Medium,equipment_downtime,0.0,14.0,33.4,0.266,4.7,1.0,1.4,2.3,97.1,0.0,0.0,90.3,29
2025-03-19,gumgaon,Gumgaon Mine,Wednesday,3,713,649,64,8.98,Medium,equipment_downtime,0.0,15.4,32.7,0.247,2.9,1.4,0.3,1.2,98.0,0.0,0.0,94.0,23
2025-03-20,gumgaon,Gumgaon Mine,Thursday,3,755,722,33,4.37,Low,equipment_downtime,0.0,12.6,35.4,0.226,3.3,1.1,0.3,1.9,98.0,0.0,0.0,93.7,29
2025-03-21,gumgaon,Gumgaon Mine,Friday,3,727,635,92,12.65,Medium,equipment_downtime,0.0,14.5,32.2,0.232,5.5,1.3,1.1,3.1,96.6,0.0,0.0,90.5,27
2025-03-22,gumgaon,Gumgaon Mine,Saturday,3,724,609,115,15.88,Medium,equipment_downtime,0.0,16.7,31.5,0.272,10.2,2.8,1.8,5.6,93.7,0.0,0.0,91.8,24
2025-03-23,gumgaon,Gumgaon Mine,Sunday,3,725,634,91,12.55,Medium,equipment_downtime,0.0,16.9,33.5,0.295,7.0,1.2,1.5,4.3,95.7,0.0,0.0,95.1,22
2025-03-24,gumgaon,Gumgaon Mine,Monday,3,689,589,100,14.51,Medium,equipment_downtime,6.7,14.6,39.1,0.252,4.9,0.7,1.3,2.9,97.0,0.0,0.0,92.1,21
2025-03-25,gumgaon,Gumgaon Mine,Tuesday,3,741,697,44,5.94,Low,equipment_downtime,0.0,13.1,33.1,0.226,4.0,0.8,1.8,1.4,97.5,0.0,0.0,93.7,28
2025-03-26,gumgaon,Gumgaon Mine,Wednesday,3,720,659,61,8.47,Medium,equipment_downtime,0.0,16.3,33.1,0.302,5.5,1.0,0.6,3.9,96.6,0.0,0.0,88.6,26
2025-03-27,gumgaon,Gumgaon Mine,Thursday,3,742,651,91,12.26,Medium,equipment_downtime,0.0,18.7,35.9,0.242,4.4,0.5,0.6,3.3,97.3,0.0,0.0,93.5,25
2025-03-28,gumgaon,Gumgaon Mine,Friday,3,747,704,43,5.76,Low,equipment_downtime,0.0,16.7,35.1,0.222,2.6,0.8,0.5,1.3,98.0,0.0,0.0,94.4,28
2025-03-29,gumgaon,Gumgaon Mine,Saturday,3,734,674,60,8.17,Medium,equipment_downtime,0.0,15.2,34.4,0.223,3.9,0.8,1.9,1.2,97.6,1.1,0.0,99.0,28
2025-03-30,gumgaon,Gumgaon Mine,Sunday,3,728,636,92,12.64,Medium,equipment_downtime,0.0,18.0,35.3,0.18,3.9,1.0,0.6,2.3,97.6,1.6,0.0,91.3,25
2025-03-31,gumgaon,Gumgaon Mine,Monday,3,725,649,76,10.48,Medium,labor_attendance,0.0,15.3,36.8,0.249,2.7,0.2,0.6,1.9,98.0,0.0,0.0,86.7,24
2025-04-01,gumgaon,Gumgaon Mine,Tuesday,4,716,710,6,0.84,Low,nominal_operations,0.0,18.8,36.8,0.204,5.3,0.9,1.7,2.7,96.7,0.0,0.0,92.7,29
2025-04-02,gumgaon,Gumgaon Mine,Wednesday,4,737,665,72,9.77,Medium,equipment_downtime,0.0,19.4,36.8,0.235,2.5,0.3,0.9,1.3,98.0,0.0,0.0,90.0,24
2025-04-03,gumgaon,Gumgaon Mine,Thursday,4,727,630,97,13.34,Medium,equipment_downtime,0.0,19.6,35.8,0.274,6.5,1.3,1.0,4.2,96.0,0.0,0.0,95.3,24
2025-04-04,gumgaon,Gumgaon Mine,Friday,4,724,673,51,7.04,Medium,equipment_downtime,0.0,13.9,38.1,0.286,5.0,0.5,2.5,2.0,96.9,0.0,0.0,93.5,29
2025-04-05,gumgaon,Gumgaon Mine,Saturday,4,758,729,29,3.83,Low,equipment_downtime,0.0,15.6,36.8,0.223,3.3,0.4,1.8,1.1,98.0,0.0,0.0,97.7,29
2025-04-06,gumgaon,Gumgaon Mine,Sunday,4,739,680,59,7.98,Medium,equipment_downtime,0.0,12.8,36.9,0.18,4.4,1.3,1.4,1.7,97.3,0.0,0.0,92.6,28
2025-04-07,gumgaon,Gumgaon Mine,Monday,4,735,641,94,12.79,Medium,equipment_downtime,0.0,15.8,37.1,0.31,4.4,1.2,1.6,1.6,97.3,0.0,0.0,96.6,24
2025-04-08,gumgaon,Gumgaon Mine,Tuesday,4,734,622,112,15.26,Medium,equipment_downtime,0.0,15.7,33.8,0.197,4.7,0.4,1.1,3.2,97.1,0.0,0.0,99.0,28
2025-04-09,gumgaon,Gumgaon Mine,Wednesday,4,714,625,89,12.46,Medium,equipment_downtime,0.0,11.2,35.8,0.217,5.5,1.3,1.7,2.5,96.6,0.3,0.0,91.9,25
2025-04-10,gumgaon,Gumgaon Mine,Thursday,4,748,599,149,19.92,High,equipment_downtime,0.0,17.2,38.4,0.198,12.4,2.6,0.8,9.0,92.3,0.0,0.0,95.9,26
2025-04-11,gumgaon,Gumgaon Mine,Friday,4,721,667,54,7.49,Medium,equipment_downtime,0.0,15.3,37.2,0.201,4.5,0.4,0.9,3.2,97.2,0.0,0.0,97.4,26
2025-04-12,gumgaon,Gumgaon Mine,Saturday,4,745,626,119,15.97,Medium,equipment_downtime,0.0,10.4,38.8,0.253,6.7,0.6,2.0,4.1,95.9,0.0,0.0,88.9,24
2025-04-13,gumgaon,Gumgaon Mine,Sunday,4,730,672,58,7.95,Medium,equipment_downtime,0.0,12.2,34.6,0.18,5.8,1.2,1.4,3.2,96.4,0.0,0.0,94.7,24
2025-04-14,gumgaon,Gumgaon Mine,Monday,4,721,570,151,20.94,High,equipment_downtime,0.0,13.0,33.6,0.251,9.5,5.0,0.7,3.8,94.1,0.0,0.0,87.2,28
2025-04-15,gumgaon,Gumgaon Mine,Tuesday,4,738,473,265,35.91,High,equipment_downtime,0.0,14.9,35.0,0.18,19.5,1.0,1.9,16.6,88.0,0.0,0.0,88.5,15
2025-04-16,gumgaon,Gumgaon Mine,Wednesday,4,737,626,111,15.06,Medium,equipment_downtime,0.0,17.7,37.9,0.18,9.6,1.1,7.4,1.1,94.1,0.0,0.0,92.7,23
2025-04-17,gumgaon,Gumgaon Mine,Thursday,4,733,676,57,7.78,Medium,equipment_downtime,0.0,18.9,36.5,0.196,4.3,0.4,1.3,2.6,97.3,0.0,0.0,91.5,27
2025-04-18,gumgaon,Gumgaon Mine,Friday,4,721,623,98,13.59,Medium,equipment_downtime,0.0,11.8,36.3,0.18,6.5,1.1,1.2,4.2,96.0,0.0,0.0,89.0,27
2025-04-19,gumgaon,Gumgaon Mine,Saturday,4,718,681,37,5.15,Low,equipment_downtime,0.0,19.1,38.0,0.227,3.8,1.2,1.3,1.3,97.7,0.0,0.0,98.7,27
2025-04-20,gumgaon,Gumgaon Mine,Sunday,4,736,617,119,16.17,Medium,labor_attendance,0.0,13.4,40.0,0.18,4.2,1.2,1.6,1.4,97.4,0.0,0.0,84.4,25
2025-04-21,gumgaon,Gumgaon Mine,Monday,4,738,637,101,13.69,Medium,equipment_downtime,0.0,18.0,36.8,0.181,5.4,1.0,0.5,3.9,96.7,0.0,0.0,89.9,28
2025-04-22,gumgaon,Gumgaon Mine,Tuesday,4,741,538,203,27.4,High,equipment_downtime,0.0,12.9,35.9,0.184,17.6,1.0,0.8,15.8,89.1,0.0,0.0,92.4,17
2025-04-23,gumgaon,Gumgaon Mine,Wednesday,4,738,693,45,6.1,Medium,equipment_downtime,0.0,14.6,34.0,0.237,4.8,0.7,1.1,3.0,97.0,0.0,0.0,97.4,29
2025-04-24,gumgaon,Gumgaon Mine,Thursday,4,719,620,99,13.77,Medium,equipment_downtime,0.0,17.0,39.2,0.18,5.7,1.0,1.6,3.1,96.5,1.7,0.0,87.8,26
2025-04-25,gumgaon,Gumgaon Mine,Friday,4,714,595,119,16.67,Medium,equipment_downtime,0.0,14.5,37.4,0.18,4.9,1.4,0.6,2.9,97.0,0.0,0.0,88.4,26
2025-04-26,gumgaon,Gumgaon Mine,Saturday,4,719,574,145,20.17,High,equipment_downtime,0.0,17.7,39.5,0.205,11.4,1.1,8.0,2.3,93.0,0.0,0.0,88.7,23
2025-04-27,gumgaon,Gumgaon Mine,Sunday,4,738,651,87,11.79,Medium,equipment_downtime,0.0,16.1,40.0,0.202,3.4,0.7,1.3,1.4,97.9,0.0,0.0,90.9,23
2025-04-28,gumgaon,Gumgaon Mine,Monday,4,755,662,93,12.32,Medium,equipment_downtime,0.0,18.3,37.6,0.18,2.5,0.8,0.7,1.0,98.0,0.2,0.0,89.1,26
2025-04-29,gumgaon,Gumgaon Mine,Tuesday,4,767,698,69,9.0,Medium,equipment_downtime,0.0,16.4,37.9,0.18,4.8,1.4,0.2,3.2,97.0,0.0,0.0,94.9,26
2025-04-30,gumgaon,Gumgaon Mine,Wednesday,4,742,614,128,17.25,Medium,equipment_downtime,0.0,14.5,37.1,0.271,10.3,2.6,2.3,5.4,93.6,0.0,0.0,90.9,27
2025-05-01,gumgaon,Gumgaon Mine,Thursday,5,730,378,352,48.22,High,equipment_downtime,0.0,15.5,38.1,0.238,29.5,11.7,1.1,16.7,81.8,0.0,0.0,95.5,17
2025-05-02,gumgaon,Gumgaon Mine,Friday,5,709,565,144,20.31,High,equipment_downtime,0.0,16.7,37.5,0.18,4.6,0.4,1.3,2.9,97.2,0.0,0.0,89.1,24
2025-05-03,gumgaon,Gumgaon Mine,Saturday,5,710,678,32,4.51,Low,equipment_downtime,0.0,19.3,36.6,0.253,4.0,0.9,0.6,2.5,97.5,0.0,0.0,92.7,24
2025-05-04,gumgaon,Gumgaon Mine,Sunday,5,699,703,0,0.0,Low,nominal_operations,0.0,12.9,38.1,0.201,3.8,0.5,1.5,1.8,97.7,0.0,0.0,94.2,28
2025-05-05,gumgaon,Gumgaon Mine,Monday,5,704,481,223,31.68,High,equipment_downtime,0.0,17.3,41.2,0.234,16.4,4.8,1.6,10.0,89.9,0.0,0.0,92.7,15
2025-05-06,gumgaon,Gumgaon Mine,Tuesday,5,754,672,82,10.88,Medium,equipment_downtime,0.0,11.0,41.3,0.196,3.1,1.1,0.4,1.6,98.0,0.0,0.0,87.3,26
2025-05-07,gumgaon,Gumgaon Mine,Wednesday,5,710,462,248,34.93,High,equipment_downtime,0.0,16.0,35.6,0.18,19.6,1.4,14.7,3.5,87.9,0.0,0.0,96.6,20
2025-05-08,gumgaon,Gumgaon Mine,Thursday,5,738,677,61,8.27,Medium,equipment_downtime,0.0,16.3,38.4,0.186,3.4,0.4,1.9,1.1,97.9,0.0,0.0,89.3,26
2025-05-09,gumgaon,Gumgaon Mine,Friday,5,717,667,50,6.97,Medium,equipment_downtime,0.0,14.8,42.7,0.212,3.4,0.5,1.1,1.8,97.9,0.0,0.0,93.3,27
2025-05-10,gumgaon,Gumgaon Mine,Saturday,5,727,627,100,13.76,Medium,equipment_downtime,0.0,19.2,35.5,0.22,4.2,0.3,1.3,2.6,97.4,0.0,0.0,93.1,23
2025-05-11,gumgaon,Gumgaon Mine,Sunday,5,716,611,105,14.66,Medium,equipment_downtime,0.0,13.2,37.7,0.18,6.6,1.5,0.7,4.4,95.9,0.0,0.0,96.1,26
2025-05-12,gumgaon,Gumgaon Mine,Monday,5,716,595,121,16.9,Medium,equipment_downtime,6.9,18.6,37.3,0.266,5.5,1.0,1.8,2.7,96.6,0.0,0.0,83.6,23
2025-05-13,gumgaon,Gumgaon Mine,Tuesday,5,725,615,110,15.17,Medium,equipment_downtime,0.0,16.6,41.5,0.206,6.7,0.5,1.7,4.5,95.9,0.0,0.0,90.6,23
2025-05-14,gumgaon,Gumgaon Mine,Wednesday,5,694,642,52,7.49,Medium,equipment_downtime,0.0,16.5,41.3,0.196,4.6,0.5,0.7,3.4,97.2,0.0,0.0,99.0,23
2025-05-15,gumgaon,Gumgaon Mine,Thursday,5,736,608,128,17.39,Medium,equipment_downtime,13.0,19.6,39.2,0.272,3.6,0.5,0.7,2.4,97.8,0.0,0.0,87.9,25
2025-05-16,gumgaon,Gumgaon Mine,Friday,5,721,363,358,49.65,High,equipment_downtime,0.0,10.0,37.3,0.206,24.6,16.1,4.3,4.2,84.8,0.0,0.0,83.9,13
2025-05-17,gumgaon,Gumgaon Mine,Saturday,5,720,663,57,7.92,Medium,equipment_downtime,0.0,18.1,38.7,0.196,5.9,1.0,1.5,3.4,96.4,0.0,0.0,91.9,31
2025-05-18,gumgaon,Gumgaon Mine,Sunday,5,723,635,88,12.17,Medium,equipment_downtime,0.0,14.3,35.3,0.234,8.1,0.7,5.6,1.8,95.0,0.0,0.0,91.2,24
2025-05-19,gumgaon,Gumgaon Mine,Monday,5,714,678,36,5.04,Low,equipment_downtime,0.0,12.7,41.0,0.18,6.0,0.7,1.9,3.4,96.3,0.0,0.0,92.1,26
2025-05-20,gumgaon,Gumgaon Mine,Tuesday,5,726,434,292,40.22,High,equipment_downtime,0.0,16.6,41.8,0.204,22.3,10.3,0.3,11.7,86.2,0.0,0.0,93.7,16
2025-05-21,gumgaon,Gumgaon Mine,Wednesday,5,747,695,52,6.96,Medium,equipment_downtime,0.0,12.2,39.6,0.18,8.1,1.4,2.6,4.1,95.0,0.0,0.0,91.8,30
2025-05-22,gumgaon,Gumgaon Mine,Thursday,5,732,630,102,13.93,Medium,equipment_downtime,0.0,17.8,40.7,0.198,7.0,1.0,3.1,2.9,95.7,0.0,0.0,97.1,23
2025-05-23,gumgaon,Gumgaon Mine,Friday,5,736,679,57,7.74,Medium,equipment_downtime,0.0,15.0,36.7,0.222,4.6,0.4,0.4,3.8,97.2,0.0,0.0,97.1,30
2025-05-24,gumgaon,Gumgaon Mine,Saturday,5,733,575,158,21.56,High,equipment_downtime,0.0,17.0,37.4,0.251,8.1,1.4,1.1,5.6,95.0,0.9,0.0,88.7,23
2025-05-25,gumgaon,Gumgaon Mine,Sunday,5,730,628,102,13.97,Medium,equipment_downtime,0.0,17.7,37.3,0.275,3.1,0.4,0.9,1.8,98.0,1.6,0.0,97.2,25
2025-05-26,gumgaon,Gumgaon Mine,Monday,5,740,706,34,4.59,Low,equipment_downtime,0.0,22.6,40.8,0.18,5.8,0.8,0.7,4.3,96.4,0.0,0.0,94.4,25
2025-05-27,gumgaon,Gumgaon Mine,Tuesday,5,727,679,48,6.6,Medium,equipment_downtime,3.3,21.3,38.5,0.18,4.7,0.3,0.8,3.6,97.1,0.0,0.0,97.4,28
2025-05-28,gumgaon,Gumgaon Mine,Wednesday,5,721,660,61,8.46,Medium,equipment_downtime,2.4,21.0,39.4,0.242,4.7,1.1,0.9,2.7,97.1,0.0,0.0,91.3,24
2025-05-29,gumgaon,Gumgaon Mine,Thursday,5,740,655,85,11.49,Medium,equipment_downtime,5.0,20.7,39.3,0.181,5.4,0.5,1.7,3.2,96.7,0.0,0.0,95.8,24
2025-05-30,gumgaon,Gumgaon Mine,Friday,5,741,623,118,15.92,Medium,equipment_downtime,0.0,17.3,38.2,0.232,6.6,1.9,1.3,3.4,95.9,0.0,0.0,87.3,27
2025-05-31,gumgaon,Gumgaon Mine,Saturday,5,730,693,37,5.07,Low,equipment_downtime,0.0,21.1,36.4,0.207,4.7,0.5,0.4,3.8,97.1,0.0,0.0,93.6,29
2025-06-01,gumgaon,Gumgaon Mine,Sunday,6,682,558,124,18.18,High,equipment_downtime,0.5,20.3,39.6,0.226,5.3,0.7,2.3,2.3,96.7,0.6,0.0,94.4,22
2025-06-02,gumgaon,Gumgaon Mine,Monday,6,720,580,140,19.44,High,blasting_delays,3.9,21.3,37.3,0.188,3.9,0.3,2.0,1.6,97.6,4.3,0.0,99.0,20
2025-06-03,gumgaon,Gumgaon Mine,Tuesday,6,694,607,87,12.54,Medium,equipment_downtime,1.6,21.1,40.4,0.219,3.5,0.7,1.3,1.5,97.8,0.0,0.0,99.0,22
2025-06-04,gumgaon,Gumgaon Mine,Wednesday,6,705,649,56,7.94,Medium,equipment_downtime,16.4,24.4,38.5,0.188,6.0,1.1,1.4,3.5,96.3,0.0,0.0,90.3,26
2025-06-05,gumgaon,Gumgaon Mine,Thursday,6,687,509,178,25.91,High,weather_stoppage,31.5,33.6,36.2,0.18,3.9,0.5,1.6,1.8,97.6,0.0,3.0,97.3,20
2025-06-06,gumgaon,Gumgaon Mine,Friday,6,701,277,424,60.49,High,weather_stoppage,51.2,33.3,33.8,0.278,6.3,1.3,1.0,4.0,96.1,0.0,7.3,92.3,10
2025-06-07,gumgaon,Gumgaon Mine,Saturday,6,706,669,37,5.24,Low,equipment_downtime,3.9,18.4,38.3,0.277,4.7,0.2,1.5,3.0,97.1,0.0,0.0,93.9,25
2025-06-08,gumgaon,Gumgaon Mine,Sunday,6,697,319,378,54.23,High,weather_stoppage,53.3,38.7,31.8,0.301,5.5,0.9,1.3,3.3,96.6,0.0,6.7,93.7,12
2025-06-09,gumgaon,Gumgaon Mine,Monday,6,718,667,51,7.1,Medium,equipment_downtime,13.3,23.3,36.7,0.204,4.1,1.2,0.9,2.0,97.5,0.0,0.0,92.3,28
2025-06-10,gumgaon,Gumgaon Mine,Tuesday,6,710,631,79,11.13,Medium,equipment_downtime,4.3,25.5,38.1,0.253,5.0,0.5,0.9,3.6,96.9,0.0,0.0,97.5,25
2025-06-11,gumgaon,Gumgaon Mine,Wednesday,6,705,102,603,85.53,High,weather_stoppage,110.1,50.4,25.8,0.337,20.2,5.6,10.2,4.4,87.5,0.0,12.0,94.8,7
2025-06-12,gumgaon,Gumgaon Mine,Thursday,6,670,555,115,17.16,Medium,equipment_downtime,4.9,30.5,37.6,0.18,7.4,1.3,2.2,3.9,95.4,0.5,0.0,93.6,21
2025-06-13,gumgaon,Gumgaon Mine,Friday,6,696,654,42,6.03,Medium,equipment_downtime,1.7,23.4,37.5,0.379,2.9,0.7,0.3,1.9,98.0,0.0,0.0,89.4,25
2025-06-14,gumgaon,Gumgaon Mine,Saturday,6,706,373,333,47.17,High,equipment_downtime,4.5,31.3,40.8,0.21,27.7,15.8,0.8,11.1,82.9,0.0,0.0,98.2,16
2025-06-15,gumgaon,Gumgaon Mine,Sunday,6,739,102,637,86.2,High,weather_stoppage,69.2,49.9,33.0,0.215,7.0,1.3,1.6,4.1,95.7,0.0,9.3,93.3,5
2025-06-16,gumgaon,Gumgaon Mine,Monday,6,706,398,308,43.63,High,weather_stoppage,40.5,41.1,33.6,0.249,5.2,0.6,0.5,4.1,96.8,0.0,4.2,95.8,16
2025-06-17,gumgaon,Gumgaon Mine,Tuesday,6,692,404,288,41.62,High,equipment_downtime,8.3,27.6,37.4,0.305,20.8,1.5,2.0,17.3,87.2,0.0,0.0,87.5,17
2025-06-18,gumgaon,Gumgaon Mine,Wednesday,6,713,558,155,21.74,High,blasting_delays,8.0,27.7,36.9,0.18,4.6,1.3,1.8,1.5,97.2,3.2,0.0,88.3,20
2025-06-19,gumgaon,Gumgaon Mine,Thursday,6,724,711,13,1.8,Low,nominal_operations,4.4,31.7,34.0,0.227,2.4,0.6,0.7,1.1,98.0,0.0,0.0,93.3,27
2025-06-20,gumgaon,Gumgaon Mine,Friday,6,710,102,608,85.63,High,weather_stoppage,69.1,43.1,32.1,0.296,5.4,0.6,0.5,4.3,96.7,0.0,9.4,87.2,5
2025-06-21,gumgaon,Gumgaon Mine,Saturday,6,702,653,49,6.98,Medium,equipment_downtime,2.4,26.9,40.5,0.289,5.7,0.9,1.8,3.0,96.5,0.0,0.0,91.2,28
2025-06-22,gumgaon,Gumgaon Mine,Sunday,6,722,613,109,15.1,Medium,equipment_downtime,16.5,29.5,36.9,0.329,6.0,0.9,1.4,3.7,96.3,0.0,0.0,89.3,25
2025-06-23,gumgaon,Gumgaon Mine,Monday,6,706,588,118,16.71,Medium,equipment_downtime,1.6,31.6,42.5,0.355,5.6,0.3,0.9,4.4,96.5,0.0,0.0,99.0,23
2025-06-24,gumgaon,Gumgaon Mine,Tuesday,6,714,654,60,8.4,Medium,equipment_downtime,17.1,37.8,38.3,0.316,5.2,1.0,1.6,2.6,96.8,0.0,0.0,91.6,26
2025-06-25,gumgaon,Gumgaon Mine,Wednesday,6,688,614,74,10.76,Medium,equipment_downtime,3.8,28.4,38.0,0.344,6.2,0.3,1.6,4.3,96.2,0.0,0.0,90.9,24
2025-06-26,gumgaon,Gumgaon Mine,Thursday,6,731,714,17,2.33,Low,nominal_operations,6.0,30.1,35.5,0.228,4.6,0.9,2.0,1.7,97.2,0.0,0.0,90.8,27
2025-06-27,gumgaon,Gumgaon Mine,Friday,6,717,509,208,29.01,High,equipment_downtime,4.3,32.7,36.4,0.306,15.4,6.4,0.5,8.5,90.5,0.0,0.0,91.7,22
2025-06-28,gumgaon,Gumgaon Mine,Saturday,6,696,427,269,38.65,High,equipment_downtime,1.3,30.3,37.6,0.29,19.2,0.4,14.6,4.2,88.1,0.0,0.0,89.2,18
2025-06-29,gumgaon,Gumgaon Mine,Sunday,6,707,605,102,14.43,Medium,equipment_downtime,3.7,38.3,37.9,0.321,6.4,0.9,3.8,1.7,96.0,0.0,0.0,90.0,26
2025-06-30,gumgaon,Gumgaon Mine,Monday,6,727,697,30,4.13,Low,equipment_downtime,0.0,26.3,36.3,0.339,4.4,1.1,0.9,2.4,97.3,0.0,0.0,97.6,32
2025-07-01,gumgaon,Gumgaon Mine,Tuesday,7,671,606,65,9.69,Medium,equipment_downtime,0.8,32.0,37.0,0.274,4.1,1.4,1.5,1.2,97.5,0.0,0.0,88.8,23
2025-07-02,gumgaon,Gumgaon Mine,Wednesday,7,672,688,0,0.0,Low,nominal_operations,14.7,32.2,36.2,0.265,2.4,0.5,0.8,1.1,98.0,0.0,0.0,98.1,27
2025-07-03,gumgaon,Gumgaon Mine,Thursday,7,678,524,154,22.71,High,weather_stoppage,30.1,34.7,35.2,0.296,4.6,1.2,1.5,1.9,97.2,0.0,3.1,93.1,22
2025-07-04,gumgaon,Gumgaon Mine,Friday,7,678,373,305,44.99,High,equipment_downtime,6.1,33.7,35.9,0.315,25.5,12.9,1.1,11.5,84.3,0.0,0.0,93.6,15
2025-07-05,gumgaon,Gumgaon Mine,Saturday,7,666,291,375,56.31,High,weather_stoppage,35.2,41.7,29.7,0.349,12.9,6.4,1.6,4.9,92.0,0.2,3.0,89.3,13
2025-07-06,gumgaon,Gumgaon Mine,Sunday,7,684,667,17,2.49,Low,nominal_operations,17.6,35.8,36.7,0.316,2.9,1.0,0.6,1.3,98.0,0.0,0.0,96.5,26
2025-07-07,gumgaon,Gumgaon Mine,Monday,7,666,551,115,17.27,Medium,weather_stoppage,25.7,40.7,34.4,0.305,2.8,0.7,0.9,1.2,98.0,0.0,1.8,94.6,26
2025-07-08,gumgaon,Gumgaon Mine,Tuesday,7,677,588,89,13.15,Medium,equipment_downtime,2.8,32.2,33.4,0.334,6.3,1.2,1.7,3.4,96.1,0.0,0.0,93.5,24
2025-07-09,gumgaon,Gumgaon Mine,Wednesday,7,678,245,433,63.86,High,weather_stoppage,49.3,45.4,29.4,0.378,5.2,0.5,1.4,3.3,96.8,0.0,5.4,94.1,8
2025-07-10,gumgaon,Gumgaon Mine,Thursday,7,700,572,128,18.29,High,equipment_downtime,4.2,33.4,34.2,0.339,4.3,0.4,1.8,2.1,97.3,0.0,0.0,87.4,25
2025-07-11,gumgaon,Gumgaon Mine,Friday,7,675,396,279,41.33,High,equipment_downtime,0.7,29.7,34.6,0.389,20.1,6.6,5.2,8.3,87.6,0.0,0.0,88.3,18
2025-07-12,gumgaon,Gumgaon Mine,Saturday,7,706,551,155,21.95,High,equipment_downtime,4.1,35.7,36.7,0.347,10.5,0.6,7.5,2.4,93.5,0.0,0.0,88.5,20
2025-07-13,gumgaon,Gumgaon Mine,Sunday,7,663,185,478,72.1,High,weather_stoppage,48.0,49.4,33.2,0.387,3.9,0.5,1.3,2.1,97.6,0.9,5.1,90.4,5
2025-07-14,gumgaon,Gumgaon Mine,Monday,7,666,526,140,21.02,High,equipment_downtime,0.4,35.4,38.7,0.415,9.3,6.4,1.0,1.9,94.3,0.0,0.0,94.0,18
2025-07-15,gumgaon,Gumgaon Mine,Tuesday,7,656,638,18,2.74,Low,nominal_operations,2.4,33.7,38.4,0.353,2.6,1.1,0.5,1.0,98.0,0.0,0.0,91.9,26
2025-07-16,gumgaon,Gumgaon Mine,Wednesday,7,661,603,58,8.77,Medium,equipment_downtime,3.3,33.1,35.3,0.435,3.3,0.3,0.6,2.4,98.0,0.0,0.0,91.2,25
2025-07-17,gumgaon,Gumgaon Mine,Thursday,7,666,102,564,84.68,High,weather_stoppage,115.9,58.0,21.0,0.35,4.4,1.3,0.9,2.2,97.3,0.0,12.0,90.1,5
2025-07-18,gumgaon,Gumgaon Mine,Friday,7,665,559,106,15.94,Medium,equipment_downtime,1.3,31.8,36.3,0.441,5.6,0.8,1.1,3.7,96.5,0.6,0.0,92.7,19
2025-07-19,gumgaon,Gumgaon Mine,Saturday,7,685,568,117,17.08,Medium,labor_attendance,2.5,34.8,39.0,0.44,4.4,1.9,0.4,2.1,97.3,0.0,0.0,84.4,21
2025-07-20,gumgaon,Gumgaon Mine,Sunday,7,666,576,90,13.51,Medium,equipment_downtime,3.4,35.8,36.1,0.405,6.3,1.1,1.2,4.0,96.1,0.6,0.0,91.7,24
2025-07-21,gumgaon,Gumgaon Mine,Monday,7,660,574,86,13.03,Medium,equipment_downtime,2.6,33.9,37.1,0.382,6.6,1.3,1.7,3.6,95.9,0.0,0.0,99.0,20
2025-07-22,gumgaon,Gumgaon Mine,Tuesday,7,654,527,127,19.42,High,blasting_delays,1.9,38.8,36.9,0.416,5.9,0.9,1.6,3.4,96.4,3.5,0.0,95.1,22
2025-07-23,gumgaon,Gumgaon Mine,Wednesday,7,672,264,408,60.71,High,weather_stoppage,36.3,46.9,31.8,0.309,3.5,1.0,0.8,1.7,97.8,0.0,3.8,81.0,8
2025-07-24,gumgaon,Gumgaon Mine,Thursday,7,688,458,230,33.43,High,equipment_downtime,14.3,45.3,37.6,0.401,14.7,8.4,1.1,5.2,90.9,0.0,0.0,96.6,17
2025-07-25,gumgaon,Gumgaon Mine,Friday,7,695,655,40,5.76,Low,equipment_downtime,0.9,32.5,34.8,0.352,3.2,0.7,1.4,1.1,98.0,0.0,0.0,91.5,25
2025-07-26,gumgaon,Gumgaon Mine,Saturday,7,692,628,64,9.25,Medium,equipment_downtime,2.0,35.0,35.9,0.414,6.6,1.3,1.9,3.4,95.9,0.0,0.0,91.8,24
2025-07-27,gumgaon,Gumgaon Mine,Sunday,7,690,573,117,16.96,Medium,equipment_downtime,2.4,36.8,37.7,0.444,4.2,1.4,1.1,1.7,97.4,0.0,0.0,86.0,21
2025-07-28,gumgaon,Gumgaon Mine,Monday,7,660,360,300,45.45,High,weather_stoppage,29.6,44.0,34.0,0.425,4.8,1.4,1.4,2.0,97.0,0.0,3.5,85.5,12
2025-07-29,gumgaon,Gumgaon Mine,Tuesday,7,672,551,121,18.01,High,equipment_downtime,2.7,36.9,38.6,0.413,3.7,0.5,1.6,1.6,97.7,0.0,0.0,91.2,24
2025-07-30,gumgaon,Gumgaon Mine,Wednesday,7,684,546,138,20.18,High,equipment_downtime,11.8,38.3,35.2,0.369,9.6,3.5,1.0,5.1,94.1,0.0,0.0,88.4,20
2025-07-31,gumgaon,Gumgaon Mine,Thursday,7,688,544,144,20.93,High,equipment_downtime,15.7,40.3,34.6,0.414,5.4,1.3,2.0,2.1,96.7,0.0,0.0,88.0,21
2025-08-01,gumgaon,Gumgaon Mine,Friday,8,633,526,107,16.9,Medium,equipment_downtime,4.3,36.7,37.6,0.464,5.0,0.4,0.6,4.0,96.9,0.0,0.0,98.3,19
2025-08-02,gumgaon,Gumgaon Mine,Saturday,8,661,586,75,11.35,Medium,labor_attendance,2.6,38.1,35.5,0.413,3.0,0.8,0.9,1.3,98.0,0.0,0.0,85.2,26
2025-08-03,gumgaon,Gumgaon Mine,Sunday,8,662,442,220,33.23,High,weather_stoppage,26.2,46.6,29.3,0.453,4.8,1.0,1.9,1.9,97.0,0.0,2.9,91.4,16
2025-08-04,gumgaon,Gumgaon Mine,Monday,8,630,564,66,10.48,Medium,equipment_downtime,15.1,38.0,29.6,0.409,6.0,1.4,1.7,2.9,96.3,0.0,0.0,98.8,22
2025-08-05,gumgaon,Gumgaon Mine,Tuesday,8,682,641,41,6.01,Medium,equipment_downtime,4.0,33.6,36.0,0.409,5.1,0.9,2.0,2.2,96.9,0.0,0.0,92.5,31
2025-08-06,gumgaon,Gumgaon Mine,Wednesday,8,631,509,122,19.33,High,equipment_downtime,1.0,40.2,35.5,0.494,5.3,0.3,1.1,3.9,96.7,1.6,0.0,88.2,15
2025-08-07,gumgaon,Gumgaon Mine,Thursday,8,637,476,161,25.27,High,equipment_downtime,1.3,37.7,34.4,0.469,10.0,1.0,7.4,1.6,93.8,0.0,0.0,91.3,21
2025-08-08,gumgaon,Gumgaon Mine,Friday,8,630,550,80,12.7,Medium,equipment_downtime,4.2,40.0,33.0,0.485,3.1,0.8,0.9,1.4,98.0,0.0,0.0,89.2,21
2025-08-09,gumgaon,Gumgaon Mine,Saturday,8,668,590,78,11.68,Medium,weather_stoppage,19.5,43.8,31.8,0.459,2.7,1.0,0.3,1.4,98.0,0.0,0.0,94.4,26
2025-08-10,gumgaon,Gumgaon Mine,Sunday,8,661,317,344,52.04,High,weather_stoppage,35.3,50.4,29.1,0.481,4.4,0.5,1.3,2.6,97.3,0.0,4.5,95.1,10
2025-08-11,gumgaon,Gumgaon Mine,Monday,8,667,537,130,19.49,High,equipment_downtime,2.1,42.1,32.3,0.489,5.3,0.5,1.5,3.3,96.7,0.0,0.0,87.4,24
2025-08-12,gumgaon,Gumgaon Mine,Tuesday,8,666,243,423,63.51,High,weather_stoppage,43.6,48.9,30.5,0.559,4.0,1.1,0.7,2.2,97.5,0.0,5.6,88.3,13
2025-08-13,gumgaon,Gumgaon Mine,Wednesday,8,651,565,86,13.21,Medium,equipment_downtime,4.9,39.5,34.4,0.503,4.7,0.9,1.1,2.7,97.1,0.0,0.0,96.8,23
2025-08-14,gumgaon,Gumgaon Mine,Thursday,8,644,553,91,14.13,Medium,labor_attendance,0.7,37.6,33.8,0.434,2.9,0.3,1.0,1.6,98.0,0.0,0.0,86.6,23
2025-08-15,gumgaon,Gumgaon Mine,Friday,8,656,102,554,84.45,High,equipment_downtime,4.7,37.5,30.6,0.508,46.1,25.1,0.8,20.2,71.5,0.0,0.0,92.5,6
2025-08-16,gumgaon,Gumgaon Mine,Saturday,8,646,620,26,4.02,Low,equipment_downtime,4.7,35.3,32.4,0.5,3.2,0.3,1.2,1.7,98.0,0.0,0.0,92.9,22
2025-08-17,gumgaon,Gumgaon Mine,Sunday,8,659,490,169,25.64,High,equipment_downtime,3.9,37.8,34.6,0.524,11.0,4.3,0.4,6.3,93.2,0.0,0.0,99.0,17
2025-08-18,gumgaon,Gumgaon Mine,Monday,8,670,605,65,9.7,Medium,equipment_downtime,4.5,36.5,35.2,0.494,6.0,0.5,1.0,4.5,96.3,0.0,0.0,96.1,26
2025-08-19,gumgaon,Gumgaon Mine,Tuesday,8,641,452,189,29.49,High,equipment_downtime,4.7,40.2,30.0,0.458,13.4,5.2,1.2,7.0,91.7,0.0,0.0,91.1,18
2025-08-20,gumgaon,Gumgaon Mine,Wednesday,8,627,584,43,6.86,Medium,equipment_downtime,2.3,38.0,34.3,0.437,2.6,0.4,0.2,2.0,98.0,0.0,0.0,96.0,24
2025-08-21,gumgaon,Gumgaon Mine,Thursday,8,638,549,89,13.95,Medium,equipment_downtime,1.5,37.8,28.2,0.543,4.8,1.4,1.4,2.0,97.0,1.2,0.0,95.8,22
2025-08-22,gumgaon,Gumgaon Mine,Friday,8,660,344,316,47.88,High,weather_stoppage,35.7,44.1,31.2,0.496,5.5,1.4,1.6,2.5,96.6,0.0,3.5,89.3,15
2025-08-23,gumgaon,Gumgaon Mine,Saturday,8,676,516,160,23.67,High,equipment_downtime,6.1,40.1,30.2,0.478,5.4,0.4,1.6,3.4,96.7,0.0,0.0,88.7,22
2025-08-24,gumgaon,Gumgaon Mine,Sunday,8,650,385,265,40.77,High,equipment_downtime,1.2,37.4,33.4,0.443,18.2,3.5,1.4,13.3,88.8,0.0,0.0,88.1,18
2025-08-25,gumgaon,Gumgaon Mine,Monday,8,646,524,122,18.89,High,equipment_downtime,2.9,39.2,31.2,0.504,4.0,1.3,0.9,1.8,97.5,0.0,0.0,86.3,22
2025-08-26,gumgaon,Gumgaon Mine,Tuesday,8,655,140,515,78.63,High,weather_stoppage,54.9,51.4,21.9,0.522,5.3,1.4,0.5,3.4,96.7,0.0,6.6,95.7,6
2025-08-27,gumgaon,Gumgaon Mine,Wednesday,8,642,642,0,0.0,Low,nominal_operations,3.0,38.9,32.0,0.52,3.8,1.4,0.8,1.6,97.7,0.0,0.0,99.0,24
2025-08-28,gumgaon,Gumgaon Mine,Thursday,8,650,631,19,2.92,Low,nominal_operations,3.5,37.6,31.0,0.542,4.1,1.1,1.2,1.8,97.5,0.0,0.0,98.9,26
2025-08-29,gumgaon,Gumgaon Mine,Friday,8,661,575,86,13.01,Medium,equipment_downtime,3.5,36.8,29.5,0.478,6.4,0.9,1.7,3.8,96.0,0.0,0.0,92.0,25
2025-08-30,gumgaon,Gumgaon Mine,Saturday,8,672,102,570,84.82,High,weather_stoppage,58.4,52.3,24.7,0.567,5.6,1.0,1.1,3.5,96.5,0.0,8.3,99.0,5
2025-08-31,gumgaon,Gumgaon Mine,Sunday,8,648,578,70,10.8,Medium,equipment_downtime,4.9,35.1,33.7,0.527,4.7,0.6,2.0,2.1,97.1,0.0,0.0,90.4,24
2025-09-01,gumgaon,Gumgaon Mine,Monday,9,644,102,542,84.16,High,equipment_downtime,30.7,49.3,26.2,0.512,29.1,14.9,1.0,13.2,82.0,0.0,3.3,96.6,5
2025-09-02,gumgaon,Gumgaon Mine,Tuesday,9,629,520,109,17.33,Medium,equipment_downtime,4.1,38.7,29.0,0.557,6.2,1.3,0.8,4.1,96.2,0.0,0.0,93.3,22
2025-09-03,gumgaon,Gumgaon Mine,Wednesday,9,635,515,120,18.9,High,equipment_downtime,4.7,40.2,29.9,0.498,7.1,1.3,3.8,2.0,95.6,0.0,0.0,93.0,20
2025-09-04,gumgaon,Gumgaon Mine,Thursday,9,611,514,97,15.88,Medium,equipment_downtime,3.9,37.9,30.1,0.51,7.4,1.1,1.8,4.5,95.4,0.0,0.0,98.6,19
2025-09-05,gumgaon,Gumgaon Mine,Friday,9,660,636,24,3.64,Low,equipment_downtime,1.2,37.6,28.8,0.537,4.2,0.6,0.4,3.2,97.4,0.1,0.0,91.7,21
2025-09-06,gumgaon,Gumgaon Mine,Saturday,9,625,371,254,40.64,High,weather_stoppage,34.1,49.6,29.7,0.61,5.4,0.7,0.9,3.8,96.7,0.0,2.9,95.4,16
2025-09-07,gumgaon,Gumgaon Mine,Sunday,9,620,335,285,45.97,High,equipment_downtime,25.0,43.7,27.4,0.52,14.5,4.5,0.5,9.5,91.0,0.9,0.0,89.8,14
2025-09-08,gumgaon,Gumgaon Mine,Monday,9,622,539,83,13.34,Medium,equipment_downtime,1.1,33.4,29.1,0.595,4.8,0.5,0.3,4.0,97.0,0.0,0.0,98.4,23
2025-09-09,gumgaon,Gumgaon Mine,Tuesday,9,611,417,194,31.75,High,equipment_downtime,3.6,40.6,27.7,0.664,10.0,0.6,6.3,3.1,93.8,1.5,0.0,92.5,19
2025-09-10,gumgaon,Gumgaon Mine,Wednesday,9,627,526,101,16.11,Medium,equipment_downtime,3.3,37.0,32.6,0.57,6.5,0.5,1.5,4.5,96.0,0.0,0.0,93.9,17
2025-09-11,gumgaon,Gumgaon Mine,Thursday,9,650,562,88,13.54,Medium,equipment_downtime,4.8,36.5,27.7,0.496,4.6,0.9,1.2,2.5,97.2,0.0,0.0,89.8,24
2025-09-12,gumgaon,Gumgaon Mine,Friday,9,635,296,339,53.39,High,weather_stoppage,34.3,48.0,24.5,0.583,5.3,0.9,1.4,3.0,96.7,0.0,3.6,90.7,8
2025-09-13,gumgaon,Gumgaon Mine,Saturday,9,629,463,166,26.39,High,equipment_downtime,10.4,43.5,25.6,0.54,9.3,1.5,3.4,4.4,94.3,0.0,0.0,89.0,19
2025-09-14,gumgaon,Gumgaon Mine,Sunday,9,635,523,112,17.64,Medium,equipment_downtime,2.0,36.8,26.6,0.56,4.5,1.3,2.0,1.2,97.2,0.0,0.0,89.0,22
2025-09-15,gumgaon,Gumgaon Mine,Monday,9,625,506,119,19.04,High,equipment_downtime,0.4,33.5,26.0,0.559,10.5,2.9,1.9,5.7,93.5,0.0,0.0,99.0,17
2025-09-16,gumgaon,Gumgaon Mine,Tuesday,9,632,483,149,23.58,High,equipment_downtime,19.4,43.5,28.9,0.591,4.9,0.5,1.7,2.7,97.0,0.0,0.0,87.8,22
2025-09-17,gumgaon,Gumgaon Mine,Wednesday,9,625,561,64,10.24,Medium,equipment_downtime,1.7,38.5,30.6,0.625,4.2,0.6,1.3,2.3,97.4,0.0,0.0,95.2,19
2025-09-18,gumgaon,Gumgaon Mine,Thursday,9,616,552,64,10.39,Medium,equipment_downtime,2.8,39.7,26.2,0.614,4.3,1.3,1.4,1.6,97.3,0.0,0.0,92.3,22
2025-09-19,gumgaon,Gumgaon Mine,Friday,9,637,573,64,10.05,Medium,equipment_downtime,4.8,37.3,26.9,0.585,5.5,0.9,0.6,4.0,96.6,0.0,0.0,89.2,25
2025-09-20,gumgaon,Gumgaon Mine,Saturday,9,627,155,472,75.28,High,weather_stoppage,53.6,50.9,21.8,0.591,2.9,1.2,0.5,1.2,98.0,0.0,6.0,91.7,6
2025-09-21,gumgaon,Gumgaon Mine,Sunday,9,646,376,270,41.8,High,equipment_downtime,0.1,33.1,27.5,0.536,18.5,7.5,0.5,10.5,88.6,0.0,0.0,88.4,14
2025-09-22,gumgaon,Gumgaon Mine,Monday,9,609,102,507,83.25,High,weather_stoppage,35.7,50.4,24.9,0.602,13.3,0.6,11.0,1.7,91.8,0.0,4.4,93.8,5
2025-09-23,gumgaon,Gumgaon Mine,Tuesday,9,643,557,86,13.37,Medium,equipment_downtime,10.2,37.5,27.6,0.543,6.2,0.8,1.2,4.2,96.2,0.0,0.0,95.4,21
2025-09-24,gumgaon,Gumgaon Mine,Wednesday,9,616,329,287,46.59,High,weather_stoppage,32.4,43.4,27.7,0.525,6.3,0.7,1.4,4.2,96.1,0.0,3.6,91.0,14
2025-09-25,gumgaon,Gumgaon Mine,Thursday,9,622,555,67,10.77,Medium,equipment_downtime,15.4,40.1,27.0,0.651,5.7,0.9,1.9,2.9,96.5,0.0,0.0,90.4,21
2025-09-26,gumgaon,Gumgaon Mine,Friday,9,638,583,55,8.62,Medium,equipment_downtime,2.9,29.7,25.0,0.668,2.6,0.5,0.7,1.4,98.0,0.0,0.0,88.9,26
2025-09-27,gumgaon,Gumgaon Mine,Saturday,9,647,611,36,5.56,Low,equipment_downtime,5.5,38.3,23.9,0.586,3.4,1.0,0.3,2.1,97.9,0.0,0.0,98.5,26
2025-09-28,gumgaon,Gumgaon Mine,Sunday,9,647,570,77,11.9,Medium,equipment_downtime,2.0,32.7,27.7,0.603,5.5,1.4,1.2,2.9,96.6,0.0,0.0,91.7,23
2025-09-29,gumgaon,Gumgaon Mine,Monday,9,621,541,80,12.88,Medium,equipment_downtime,3.2,35.6,30.5,0.621,3.4,0.8,1.3,1.3,97.9,0.0,0.0,91.2,23
2025-09-30,gumgaon,Gumgaon Mine,Tuesday,9,626,512,114,18.21,High,equipment_downtime,4.9,35.6,25.3,0.694,5.0,0.3,1.3,3.4,96.9,0.6,0.0,96.0,21
2025-10-01,gumgaon,Gumgaon Mine,Wednesday,10,633,497,136,21.48,High,equipment_downtime,0.0,35.7,24.8,0.59,6.8,1.1,1.7,4.0,95.8,0.0,0.0,88.3,20
2025-10-02,gumgaon,Gumgaon Mine,Thursday,10,631,567,64,10.14,Medium,equipment_downtime,0.0,29.8,27.2,0.603,7.0,0.5,2.4,4.1,95.7,0.0,0.0,96.0,26
2025-10-03,gumgaon,Gumgaon Mine,Friday,10,622,413,209,33.6,High,blasting_delays,0.0,28.1,26.4,0.617,3.9,1.2,0.9,1.8,97.6,6.0,0.0,96.2,18
2025-10-04,gumgaon,Gumgaon Mine,Saturday,10,630,509,121,19.21,High,equipment_downtime,0.0,31.9,28.8,0.715,7.6,0.6,3.1,3.9,95.3,0.0,0.0,86.8,22
2025-10-05,gumgaon,Gumgaon Mine,Sunday,10,615,575,40,6.5,Medium,equipment_downtime,0.0,34.6,25.5,0.59,3.0,0.5,1.4,1.1,98.0,0.0,0.0,97.0,24
2025-10-06,gumgaon,Gumgaon Mine,Monday,10,609,596,13,2.13,Low,nominal_operations,0.0,27.4,26.5,0.609,4.3,0.9,0.2,3.2,97.3,0.0,0.0,94.3,24
2025-10-07,gumgaon,Gumgaon Mine,Tuesday,10,618,560,58,9.39,Medium,equipment_downtime,0.0,28.9,24.6,0.637,4.4,1.4,0.5,2.5,97.3,0.0,0.0,91.8,22
2025-10-08,gumgaon,Gumgaon Mine,Wednesday,10,622,558,64,10.29,Medium,equipment_downtime,0.0,32.5,24.8,0.578,2.8,0.2,0.9,1.7,98.0,0.0,0.0,92.5,21
2025-10-09,gumgaon,Gumgaon Mine,Thursday,10,618,386,232,37.54,High,equipment_downtime,0.0,31.6,25.5,0.643,18.1,5.9,1.3,10.9,88.8,0.0,0.0,93.6,15
2025-10-10,gumgaon,Gumgaon Mine,Friday,10,613,553,60,9.79,Medium,equipment_downtime,0.0,31.8,25.5,0.6,2.8,0.3,1.3,1.2,98.0,0.0,0.0,89.8,20
2025-10-11,gumgaon,Gumgaon Mine,Saturday,10,631,561,70,11.09,Medium,equipment_downtime,0.0,32.2,26.3,0.621,5.1,0.7,1.2,3.2,96.9,0.0,0.0,95.4,20
2025-10-12,gumgaon,Gumgaon Mine,Sunday,10,628,614,14,2.23,Low,nominal_operations,0.0,27.2,22.9,0.673,3.0,0.7,0.7,1.6,98.0,0.0,0.0,98.6,26
2025-10-13,gumgaon,Gumgaon Mine,Monday,10,628,526,102,16.24,Medium,equipment_downtime,0.0,31.3,28.4,0.623,4.1,0.6,1.5,2.0,97.5,0.0,0.0,87.3,20
2025-10-14,gumgaon,Gumgaon Mine,Tuesday,10,655,556,99,15.11,Medium,equipment_downtime,0.0,29.8,25.9,0.67,8.2,1.1,4.1,3.0,94.9,0.0,0.0,92.1,20
2025-10-15,gumgaon,Gumgaon Mine,Wednesday,10,642,491,151,23.52,High,equipment_downtime,0.0,26.9,23.6,0.662,7.5,1.4,2.9,3.2,95.4,0.0,0.0,85.6,21
2025-10-16,gumgaon,Gumgaon Mine,Thursday,10,611,515,96,15.71,Medium,equipment_downtime,0.0,29.1,25.8,0.642,6.8,0.6,1.9,4.3,95.8,0.0,0.0,90.1,21
2025-10-17,gumgaon,Gumgaon Mine,Friday,10,625,519,106,16.96,Medium,equipment_downtime,0.0,28.4,23.9,0.626,7.4,1.4,1.5,4.5,95.4,0.0,0.0,90.3,25
2025-10-18,gumgaon,Gumgaon Mine,Saturday,10,614,268,346,56.35,High,equipment_downtime,0.0,26.8,28.4,0.653,27.5,18.5,1.4,7.6,83.0,0.0,0.0,99.0,14
2025-10-19,gumgaon,Gumgaon Mine,Sunday,10,639,582,57,8.92,Medium,equipment_downtime,0.0,28.5,26.3,0.668,3.5,0.3,1.5,1.7,97.8,0.0,0.0,87.2,25
2025-10-20,gumgaon,Gumgaon Mine,Monday,10,607,338,269,44.32,High,equipment_downtime,0.0,28.2,24.4,0.543,19.6,14.3,1.2,4.1,87.9,0.0,0.0,86.7,11
2025-10-21,gumgaon,Gumgaon Mine,Tuesday,10,644,536,108,16.77,Medium,equipment_downtime,0.0,20.8,23.0,0.616,4.2,0.3,1.8,2.1,97.4,0.0,0.0,87.9,19
2025-10-22,gumgaon,Gumgaon Mine,Wednesday,10,619,552,67,10.82,Medium,equipment_downtime,0.0,23.7,24.9,0.671,5.7,0.7,1.3,3.7,96.5,0.0,0.0,93.7,23
2025-10-23,gumgaon,Gumgaon Mine,Thursday,10,638,532,106,16.61,Medium,equipment_downtime,0.0,27.7,29.3,0.627,7.2,1.1,2.0,4.1,95.6,0.0,0.0,91.6,20
2025-10-24,gumgaon,Gumgaon Mine,Friday,10,617,566,51,8.27,Medium,equipment_downtime,0.0,26.2,24.3,0.699,3.8,0.7,0.9,2.2,97.7,0.0,0.0,97.0,22
2025-10-25,gumgaon,Gumgaon Mine,Saturday,10,634,358,276,43.53,High,equipment_downtime,0.0,25.0,22.8,0.608,24.2,3.5,1.3,19.4,85.1,0.0,0.0,93.8,17
2025-10-26,gumgaon,Gumgaon Mine,Sunday,10,629,544,85,13.51,Medium,equipment_downtime,0.0,26.4,25.0,0.631,4.5,0.5,1.9,2.1,97.2,0.0,0.0,88.6,20
2025-10-27,gumgaon,Gumgaon Mine,Monday,10,608,536,72,11.84,Medium,equipment_downtime,0.0,27.8,20.3,0.646,5.4,1.2,1.8,2.4,96.7,0.0,0.0,87.2,22
2025-10-28,gumgaon,Gumgaon Mine,Tuesday,10,618,576,42,6.8,Medium,equipment_downtime,0.0,23.6,27.1,0.64,5.3,0.9,1.9,2.5,96.7,0.0,0.0,99.0,23
2025-10-29,gumgaon,Gumgaon Mine,Wednesday,10,634,506,128,20.19,High,equipment_downtime,0.0,19.4,21.5,0.636,12.0,0.9,6.9,4.2,92.6,0.0,0.0,96.6,21
2025-10-30,gumgaon,Gumgaon Mine,Thursday,10,654,520,134,20.49,High,equipment_downtime,0.0,24.5,21.4,0.62,5.6,0.8,1.1,3.7,96.5,0.0,0.0,86.1,21
2025-10-31,gumgaon,Gumgaon Mine,Friday,10,645,651,0,0.0,Low,nominal_operations,0.0,21.7,21.3,0.657,2.9,0.5,0.5,1.9,98.0,0.0,0.0,97.8,26
2025-11-01,gumgaon,Gumgaon Mine,Saturday,11,635,590,45,7.09,Medium,equipment_downtime,0.0,23.3,24.1,0.663,6.1,1.2,2.7,2.2,96.2,0.0,0.0,91.8,25
2025-11-02,gumgaon,Gumgaon Mine,Sunday,11,632,544,88,13.92,Medium,equipment_downtime,0.0,20.0,23.4,0.56,5.8,0.4,1.4,4.0,96.4,0.0,0.0,95.3,19
2025-11-03,gumgaon,Gumgaon Mine,Monday,11,654,573,81,12.39,Medium,equipment_downtime,0.0,20.8,22.6,0.561,5.1,0.7,1.8,2.6,96.9,0.2,0.0,91.3,22
2025-11-04,gumgaon,Gumgaon Mine,Tuesday,11,644,564,80,12.42,Medium,equipment_downtime,0.0,23.3,25.4,0.645,3.8,0.7,0.5,2.6,97.7,0.0,0.0,99.0,22
2025-11-05,gumgaon,Gumgaon Mine,Wednesday,11,611,559,52,8.51,Medium,equipment_downtime,0.0,22.3,25.4,0.675,3.1,0.7,1.1,1.3,98.0,0.0,0.0,90.4,21
2025-11-06,gumgaon,Gumgaon Mine,Thursday,11,631,536,95,15.06,Medium,equipment_downtime,0.0,15.3,24.1,0.664,5.7,0.4,0.9,4.4,96.5,0.0,0.0,90.3,21
2025-11-07,gumgaon,Gumgaon Mine,Friday,11,667,513,154,23.09,High,equipment_downtime,0.0,20.0,21.4,0.646,9.3,3.9,1.9,3.5,94.3,0.0,0.0,87.1,19
2025-11-08,gumgaon,Gumgaon Mine,Saturday,11,640,550,90,14.06,Medium,equipment_downtime,0.0,18.7,22.8,0.662,3.7,0.6,1.9,1.2,97.7,0.0,0.0,87.8,23
2025-11-09,gumgaon,Gumgaon Mine,Sunday,11,612,558,54,8.82,Medium,equipment_downtime,0.0,18.3,25.4,0.647,4.9,0.8,0.3,3.8,97.0,0.0,0.0,97.6,22
2025-11-10,gumgaon,Gumgaon Mine,Monday,11,622,559,63,10.13,Medium,equipment_downtime,0.0,19.1,24.2,0.679,4.7,1.3,1.9,1.5,97.1,0.0,0.0,85.7,24
2025-11-11,gumgaon,Gumgaon Mine,Tuesday,11,627,576,51,8.13,Medium,equipment_downtime,0.0,18.5,27.0,0.643,4.1,1.3,0.2,2.6,97.5,0.0,0.0,92.6,24
2025-11-12,gumgaon,Gumgaon Mine,Wednesday,11,629,602,27,4.29,Low,equipment_downtime,0.0,20.4,24.1,0.561,3.6,0.2,1.1,2.3,97.8,0.0,0.0,91.3,22
2025-11-13,gumgaon,Gumgaon Mine,Thursday,11,627,549,78,12.44,Medium,equipment_downtime,0.0,15.8,22.2,0.545,4.5,0.9,2.0,1.6,97.2,0.0,0.0,91.8,18
2025-11-14,gumgaon,Gumgaon Mine,Friday,11,642,515,127,19.78,High,equipment_downtime,0.0,20.6,23.6,0.603,5.8,0.9,0.9,4.0,96.4,0.0,0.0,87.9,22
2025-11-15,gumgaon,Gumgaon Mine,Saturday,11,630,561,69,10.95,Medium,equipment_downtime,0.0,13.8,22.8,0.667,4.0,0.6,0.3,3.1,97.5,1.2,0.0,92.7,22
2025-11-16,gumgaon,Gumgaon Mine,Sunday,11,640,615,25,3.91,Low,equipment_downtime,0.0,14.1,23.6,0.559,3.3,0.8,0.3,2.2,98.0,0.0,0.0,93.0,20
2025-11-17,gumgaon,Gumgaon Mine,Monday,11,607,504,103,16.97,Medium,equipment_downtime,1.7,17.0,23.4,0.614,6.4,1.0,1.9,3.5,96.0,0.0,0.0,96.0,23
2025-11-18,gumgaon,Gumgaon Mine,Tuesday,11,635,597,38,5.98,Low,equipment_downtime,0.0,16.6,22.7,0.63,4.0,0.9,1.7,1.4,97.5,0.0,0.0,91.1,25
2025-11-19,gumgaon,Gumgaon Mine,Wednesday,11,656,601,55,8.38,Medium,equipment_downtime,0.0,16.0,22.2,0.668,3.9,1.1,1.5,1.3,97.6,0.0,0.0,86.4,21
2025-11-20,gumgaon,Gumgaon Mine,Thursday,11,630,539,91,14.44,Medium,equipment_downtime,0.0,17.0,22.2,0.609,3.7,0.4,0.2,3.1,97.7,0.0,0.0,90.4,22
2025-11-21,gumgaon,Gumgaon Mine,Friday,11,607,541,66,10.87,Medium,equipment_downtime,0.0,16.7,25.1,0.648,3.7,0.2,1.5,2.0,97.7,0.0,0.0,92.1,22
2025-11-22,gumgaon,Gumgaon Mine,Saturday,11,652,523,129,19.79,High,equipment_downtime,0.0,16.5,26.2,0.679,8.5,0.4,5.1,3.0,94.8,0.0,0.0,98.7,20
2025-11-23,gumgaon,Gumgaon Mine,Sunday,11,620,508,112,18.06,High,equipment_downtime,18.6,17.3,20.4,0.564,5.2,0.4,3.3,1.5,96.8,0.0,0.0,88.3,19
2025-11-24,gumgaon,Gumgaon Mine,Monday,11,599,534,65,10.85,Medium,equipment_downtime,0.0,15.5,23.3,0.604,4.0,0.5,1.6,1.9,97.5,0.0,0.0,91.3,22
2025-11-25,gumgaon,Gumgaon Mine,Tuesday,11,627,561,66,10.53,Medium,equipment_downtime,0.0,16.4,22.8,0.651,5.6,0.6,1.7,3.3,96.5,0.0,0.0,93.8,24
2025-11-26,gumgaon,Gumgaon Mine,Wednesday,11,623,560,63,10.11,Medium,equipment_downtime,0.0,17.3,21.8,0.65,4.9,1.3,1.2,2.4,97.0,0.0,0.0,96.5,20
2025-11-27,gumgaon,Gumgaon Mine,Thursday,11,628,524,104,16.56,Medium,blasting_delays,0.0,19.9,21.5,0.557,3.3,0.3,1.6,1.4,98.0,2.6,0.0,87.3,23
2025-11-28,gumgaon,Gumgaon Mine,Friday,11,647,520,127,19.63,High,equipment_downtime,0.0,18.3,22.7,0.635,8.3,2.3,1.3,4.7,94.9,0.0,0.0,89.1,23
2025-11-29,gumgaon,Gumgaon Mine,Saturday,11,639,517,122,19.09,High,equipment_downtime,0.0,17.4,23.7,0.559,4.0,0.5,0.7,2.8,97.5,0.0,0.0,89.5,20
2025-11-30,gumgaon,Gumgaon Mine,Sunday,11,636,332,304,47.8,High,equipment_downtime,0.0,19.2,24.4,0.571,24.3,5.2,0.4,18.7,85.0,0.0,0.0,98.0,11
2025-12-01,gumgaon,Gumgaon Mine,Monday,12,666,608,58,8.71,Medium,equipment_downtime,0.0,14.8,22.8,0.62,5.1,1.1,1.8,2.2,96.9,0.0,0.0,88.6,25
2025-12-02,gumgaon,Gumgaon Mine,Tuesday,12,657,450,207,31.51,High,equipment_downtime,0.0,15.5,19.6,0.601,15.8,8.6,1.6,5.6,90.2,0.0,0.0,92.7,18
2025-12-03,gumgaon,Gumgaon Mine,Wednesday,12,654,597,57,8.72,Medium,equipment_downtime,0.0,19.9,19.8,0.583,5.0,0.8,0.7,3.5,96.9,0.4,0.0,89.7,25
2025-12-04,gumgaon,Gumgaon Mine,Thursday,12,613,580,33,5.38,Low,equipment_downtime,0.0,14.4,17.4,0.57,4.9,1.4,1.8,1.7,97.0,0.0,0.0,94.7,22
2025-12-05,gumgaon,Gumgaon Mine,Friday,12,642,552,90,14.02,Medium,equipment_downtime,0.0,17.2,20.6,0.605,7.7,0.7,5.1,1.9,95.2,0.0,0.0,94.1,24
2025-12-06,gumgaon,Gumgaon Mine,Saturday,12,629,550,79,12.56,Medium,equipment_downtime,0.0,17.1,23.5,0.657,6.3,1.2,1.4,3.7,96.1,0.0,0.0,98.2,21
2025-12-07,gumgaon,Gumgaon Mine,Sunday,12,668,586,82,12.28,Medium,equipment_downtime,0.0,17.8,20.4,0.574,3.8,0.7,1.7,1.4,97.7,0.0,0.0,95.8,21
2025-12-08,gumgaon,Gumgaon Mine,Monday,12,647,625,22,3.4,Low,equipment_downtime,0.0,21.4,23.2,0.566,3.0,1.2,0.6,1.2,98.0,0.0,0.0,96.4,26
2025-12-09,gumgaon,Gumgaon Mine,Tuesday,12,666,539,127,19.07,High,equipment_downtime,0.0,13.9,18.4,0.566,5.2,0.6,1.6,3.0,96.8,0.0,0.0,90.2,20
2025-12-10,gumgaon,Gumgaon Mine,Wednesday,12,664,562,102,15.36,Medium,equipment_downtime,0.0,14.3,18.6,0.596,7.1,1.1,1.5,4.5,95.6,0.0,0.0,92.8,23
2025-12-11,gumgaon,Gumgaon Mine,Thursday,12,650,526,124,19.08,High,equipment_downtime,0.0,16.5,18.3,0.61,6.6,0.7,1.6,4.3,95.9,0.0,0.0,88.8,21
2025-12-12,gumgaon,Gumgaon Mine,Friday,12,670,567,103,15.37,Medium,equipment_downtime,0.0,16.4,26.7,0.603,4.8,0.8,1.3,2.7,97.0,0.0,0.0,91.9,20
2025-12-13,gumgaon,Gumgaon Mine,Saturday,12,652,569,83,12.73,Medium,equipment_downtime,0.0,15.4,21.7,0.491,6.2,0.7,1.1,4.4,96.2,0.7,0.0,96.7,24
2025-12-14,gumgaon,Gumgaon Mine,Sunday,12,664,602,62,9.34,Medium,equipment_downtime,0.0,13.9,20.7,0.578,3.6,0.7,0.4,2.5,97.8,0.0,0.0,94.6,22
2025-12-15,gumgaon,Gumgaon Mine,Monday,12,626,494,132,21.09,High,equipment_downtime,0.0,17.8,23.4,0.516,6.6,1.4,1.7,3.5,95.9,0.0,0.0,95.6,24
2025-12-16,gumgaon,Gumgaon Mine,Tuesday,12,664,640,24,3.61,Low,equipment_downtime,0.0,17.4,22.2,0.612,3.5,0.5,1.3,1.7,97.8,0.0,0.0,97.2,26
2025-12-17,gumgaon,Gumgaon Mine,Wednesday,12,657,332,325,49.47,High,equipment_downtime,0.0,10.7,21.6,0.567,25.2,14.2,1.9,9.1,84.4,1.3,0.0,94.4,15
2025-12-18,gumgaon,Gumgaon Mine,Thursday,12,654,569,85,13.0,Medium,equipment_downtime,1.3,17.3,23.9,0.538,4.5,1.1,0.5,2.9,97.2,0.0,0.0,92.4,23
2025-12-19,gumgaon,Gumgaon Mine,Friday,12,658,559,99,15.05,Medium,equipment_downtime,0.0,15.5,23.0,0.579,5.6,0.4,1.9,3.3,96.5,0.0,0.0,99.0,18
2025-12-20,gumgaon,Gumgaon Mine,Saturday,12,653,570,83,12.71,Medium,equipment_downtime,13.6,17.8,22.6,0.559,5.3,0.7,1.2,3.4,96.7,0.0,0.0,95.7,27
2025-12-21,gumgaon,Gumgaon Mine,Sunday,12,639,234,405,63.38,High,equipment_downtime,0.0,14.2,25.2,0.538,31.9,22.1,0.8,9.0,80.3,0.0,0.0,91.2,8
2025-12-22,gumgaon,Gumgaon Mine,Monday,12,633,549,84,13.27,Medium,equipment_downtime,0.0,17.4,23.6,0.515,4.7,0.8,1.8,2.1,97.1,0.0,0.0,87.6,21
2025-12-23,gumgaon,Gumgaon Mine,Tuesday,12,662,647,15,2.27,Low,nominal_operations,0.0,14.5,22.6,0.495,2.7,0.3,0.8,1.6,98.0,0.0,0.0,96.7,25
2025-12-24,gumgaon,Gumgaon Mine,Wednesday,12,638,556,82,12.85,Medium,equipment_downtime,0.0,16.2,24.1,0.544,5.2,0.4,1.8,3.0,96.8,0.0,0.0,93.3,20
2025-12-25,gumgaon,Gumgaon Mine,Thursday,12,648,478,170,26.23,High,equipment_downtime,0.0,17.8,19.5,0.593,13.8,4.7,1.8,7.3,91.5,0.0,0.0,94.8,17
2025-12-26,gumgaon,Gumgaon Mine,Friday,12,633,571,62,9.79,Medium,equipment_downtime,0.0,17.8,22.2,0.472,4.8,1.1,1.7,2.0,97.0,0.0,0.0,96.6,24
2025-12-27,gumgaon,Gumgaon Mine,Saturday,12,649,575,74,11.4,Medium,equipment_downtime,0.0,16.2,21.7,0.558,5.4,0.3,1.2,3.9,96.7,0.0,0.0,86.0,23
2025-12-28,gumgaon,Gumgaon Mine,Sunday,12,647,571,76,11.75,Medium,equipment_downtime,0.0,15.6,24.5,0.543,5.7,1.1,0.8,3.8,96.5,0.0,0.0,92.8,27
2025-12-29,gumgaon,Gumgaon Mine,Monday,12,659,596,63,9.56,Medium,equipment_downtime,0.0,9.4,23.1,0.552,3.4,0.7,1.2,1.5,97.9,0.0,0.0,91.3,26
2025-12-30,gumgaon,Gumgaon Mine,Tuesday,12,664,579,85,12.8,Medium,equipment_downtime,0.0,15.1,24.2,0.503,6.9,1.3,1.7,3.9,95.7,0.0,0.0,88.6,21
2023-01-01,mansar,Mansar Mine,Sunday,1,757,711,46,6.08,Medium,equipment_downtime,0.0,14.7,25.7,0.549,4.3,1.1,0.8,2.4,97.9,0.0,0.0,94.7,27
2023-01-02,mansar,Mansar Mine,Monday,1,752,668,84,11.17,Medium,equipment_downtime,0.0,17.9,22.3,0.572,3.9,0.7,2.0,1.2,98.0,0.0,0.0,88.8,31
2023-01-03,mansar,Mansar Mine,Tuesday,1,766,697,69,9.01,Medium,equipment_downtime,0.0,17.3,24.2,0.499,5.1,0.7,0.6,3.8,97.5,0.0,0.0,88.7,27
2023-01-04,mansar,Mansar Mine,Wednesday,1,751,633,118,15.71,Medium,equipment_downtime,0.0,14.4,24.1,0.498,5.0,0.2,2.0,2.8,97.6,0.0,0.0,88.2,27
2023-01-05,mansar,Mansar Mine,Thursday,1,776,717,59,7.6,Medium,equipment_downtime,0.0,15.5,24.4,0.543,5.7,1.4,0.7,3.6,97.2,0.0,0.0,89.1,28
2023-01-06,mansar,Mansar Mine,Friday,1,756,479,277,36.64,High,equipment_downtime,0.0,14.0,25.6,0.481,18.2,11.4,1.4,5.4,91.1,1.0,0.0,88.1,23
2023-01-07,mansar,Mansar Mine,Saturday,1,771,684,87,11.28,Medium,equipment_downtime,0.0,13.1,23.1,0.446,6.6,1.0,1.2,4.4,96.8,0.0,0.0,91.8,26
2023-01-08,mansar,Mansar Mine,Sunday,1,781,705,76,9.73,Medium,equipment_downtime,0.0,14.8,25.7,0.456,5.9,1.0,1.0,3.9,97.1,0.0,0.0,91.2,26
2023-01-09,mansar,Mansar Mine,Monday,1,796,688,108,13.57,Medium,equipment_downtime,9.2,18.7,24.2,0.524,5.8,0.9,1.7,3.2,97.2,0.0,0.0,94.4,25
2023-01-10,mansar,Mansar Mine,Tuesday,1,763,698,65,8.52,Medium,equipment_downtime,0.0,13.9,22.6,0.471,3.3,0.4,1.0,1.9,98.0,0.0,0.0,92.3,24
2023-01-11,mansar,Mansar Mine,Wednesday,1,767,732,35,4.56,Low,equipment_downtime,0.0,17.2,23.0,0.488,4.3,1.1,0.4,2.8,97.9,0.0,0.0,93.5,26
2023-01-12,mansar,Mansar Mine,Thursday,1,774,662,112,14.47,Medium,equipment_downtime,0.0,14.4,24.1,0.543,4.4,1.3,2.0,1.1,97.9,0.0,0.0,95.3,33
2023-01-13,mansar,Mansar Mine,Friday,1,773,748,25,3.23,Low,equipment_downtime,0.2,16.0,26.7,0.525,2.5,0.7,0.5,1.3,98.0,0.0,0.0,96.2,31
2023-01-14,mansar,Mansar Mine,Saturday,1,762,519,243,31.89,High,equipment_downtime,7.4,15.4,21.9,0.51,10.6,0.4,6.8,3.4,94.8,2.3,0.0,89.8,20
2023-01-15,mansar,Mansar Mine,Sunday,1,757,626,131,17.31,Medium,equipment_downtime,0.0,18.2,25.9,0.523,6.2,0.5,1.5,4.2,97.0,0.0,0.0,86.6,24
2023-01-16,mansar,Mansar Mine,Monday,1,743,692,51,6.86,Medium,equipment_downtime,0.0,17.5,25.1,0.424,5.3,1.0,2.8,1.5,97.4,0.0,0.0,94.9,26
2023-01-17,mansar,Mansar Mine,Tuesday,1,763,586,177,23.2,High,equipment_downtime,0.0,16.3,24.8,0.402,15.0,1.8,1.3,11.9,92.7,0.0,0.0,91.5,24
2023-01-18,mansar,Mansar Mine,Wednesday,1,766,650,116,15.14,Medium,equipment_downtime,0.0,15.2,27.6,0.496,4.3,0.8,0.3,3.2,97.9,0.0,0.0,90.6,28
2023-01-19,mansar,Mansar Mine,Thursday,1,775,727,48,6.19,Medium,equipment_downtime,0.0,17.0,27.0,0.454,4.7,0.6,1.9,2.2,97.7,0.0,0.0,91.6,33
2023-01-20,mansar,Mansar Mine,Friday,1,725,628,97,13.38,Medium,equipment_downtime,0.0,13.1,26.7,0.411,6.1,0.4,1.9,3.8,97.0,0.0,0.0,90.8,22
2023-01-21,mansar,Mansar Mine,Saturday,1,754,369,385,51.06,High,equipment_downtime,0.0,11.6,27.8,0.463,24.9,19.9,1.0,4.0,87.9,0.0,0.0,89.9,14
2023-01-22,mansar,Mansar Mine,Sunday,1,779,707,72,9.24,Medium,equipment_downtime,1.9,14.7,24.7,0.443,5.6,1.5,1.9,2.2,97.3,0.0,0.0,93.0,28
2023-01-23,mansar,Mansar Mine,Monday,1,766,681,85,11.1,Medium,equipment_downtime,0.0,12.0,24.7,0.41,3.4,0.2,0.5,2.7,98.0,0.0,0.0,91.5,28
2023-01-24,mansar,Mansar Mine,Tuesday,1,776,696,80,10.31,Medium,equipment_downtime,2.9,15.8,27.1,0.462,4.5,0.3,0.3,3.9,97.8,0.0,0.0,96.4,28
2023-01-25,mansar,Mansar Mine,Wednesday,1,754,703,51,6.76,Medium,equipment_downtime,0.0,10.5,21.9,0.497,4.7,0.9,1.0,2.8,97.7,1.3,0.0,99.0,28
2023-01-26,mansar,Mansar Mine,Thursday,1,757,531,226,29.85,High,equipment_downtime,0.0,18.9,25.7,0.423,9.6,3.8,2.0,3.8,95.3,4.9,0.0,92.6,19
2023-01-27,mansar,Mansar Mine,Friday,1,765,626,139,18.17,High,equipment_downtime,0.0,17.7,27.2,0.44,6.1,0.5,1.7,3.9,97.0,1.5,0.0,89.1,24
2023-01-28,mansar,Mansar Mine,Saturday,1,773,591,182,23.54,High,equipment_downtime,0.0,15.8,25.7,0.401,8.9,0.4,5.8,2.7,95.7,1.4,0.0,99.0,23
2023-01-29,mansar,Mansar Mine,Sunday,1,747,625,122,16.33,Medium,equipment_downtime,0.0,19.6,25.3,0.363,6.4,1.2,2.9,2.3,96.9,0.0,0.0,89.1,24
2023-01-30,mansar,Mansar Mine,Monday,1,767,582,185,24.12,High,equipment_downtime,0.0,17.2,24.8,0.389,12.1,3.1,1.8,7.2,94.1,0.8,0.0,96.2,23
2023-01-31,mansar,Mansar Mine,Tuesday,1,773,601,172,22.25,High,blasting_delays,0.0,11.8,28.9,0.374,4.2,1.2,0.4,2.6,98.0,3.6,0.0,89.7,28
2023-02-01,mansar,Mansar Mine,Wednesday,2,768,711,57,7.42,Medium,equipment_downtime,0.0,16.9,25.0,0.347,2.3,0.2,0.5,1.6,98.0,0.0,0.0,88.8,30
2023-02-02,mansar,Mansar Mine,Thursday,2,789,679,110,13.94,Medium,labor_attendance,0.0,17.9,26.7,0.393,3.9,0.4,2.0,1.5,98.0,0.0,0.0,85.9,30
2023-02-03,mansar,Mansar Mine,Friday,2,788,741,47,5.96,Low,equipment_downtime,0.0,16.3,28.9,0.452,5.8,0.8,2.0,3.0,97.2,0.0,0.0,98.5,30
2023-02-04,mansar,Mansar Mine,Saturday,2,797,622,175,21.96,High,blasting_delays,0.0,15.0,29.1,0.378,5.5,1.4,0.7,3.4,97.3,4.1,0.0,93.3,24
2023-02-05,mansar,Mansar Mine,Sunday,2,777,652,125,16.09,Medium,equipment_downtime,0.0,13.8,26.1,0.386,4.9,1.1,1.2,2.6,97.6,1.2,0.0,96.2,28
2023-02-06,mansar,Mansar Mine,Monday,2,778,703,75,9.64,Medium,equipment_downtime,0.0,9.5,26.9,0.337,5.5,0.5,1.8,3.2,97.3,0.0,0.0,94.2,28
2023-02-07,mansar,Mansar Mine,Tuesday,2,762,691,71,9.32,Medium,equipment_downtime,0.0,13.2,25.9,0.381,6.5,0.8,1.7,4.0,96.8,0.0,0.0,93.0,27
2023-02-08,mansar,Mansar Mine,Wednesday,2,817,686,131,16.03,Medium,equipment_downtime,0.0,15.0,28.2,0.354,10.7,1.0,1.8,7.9,94.8,0.0,0.0,92.9,24
2023-02-09,mansar,Mansar Mine,Thursday,2,791,659,132,16.69,Medium,equipment_downtime,0.0,20.0,28.1,0.436,4.1,0.2,1.8,2.1,98.0,0.0,0.0,90.5,26
2023-02-10,mansar,Mansar Mine,Friday,2,810,463,347,42.84,High,equipment_downtime,0.0,13.9,27.2,0.396,21.5,2.9,1.6,17.0,89.5,0.0,0.0,86.4,20
2023-02-11,mansar,Mansar Mine,Saturday,2,780,727,53,6.79,Medium,equipment_downtime,0.0,13.0,27.4,0.36,3.7,0.6,0.4,2.7,98.0,0.0,0.0,88.3,31
2023-02-12,mansar,Mansar Mine,Sunday,2,755,626,129,17.09,Medium,equipment_downtime,0.0,16.8,31.8,0.329,9.8,1.2,5.8,2.8,95.2,0.0,0.0,93.5,26
2023-02-13,mansar,Mansar Mine,Monday,2,784,752,32,4.08,Low,equipment_downtime,0.0,19.9,30.3,0.354,3.0,1.3,0.3,1.4,98.0,0.0,0.0,87.9,30
2023-02-14,mansar,Mansar Mine,Tuesday,2,788,216,572,72.59,High,equipment_downtime,0.0,19.5,28.0,0.284,29.0,8.5,1.5,19.0,85.9,6.0,0.0,89.8,9
2023-02-15,mansar,Mansar Mine,Wednesday,2,778,738,40,5.14,Low,equipment_downtime,0.0,13.9,30.1,0.353,4.0,1.2,1.6,1.2,98.0,0.6,0.0,92.4,29
2023-02-16,mansar,Mansar Mine,Thursday,2,775,728,47,6.06,Medium,equipment_downtime,0.0,17.6,27.9,0.422,5.3,0.4,1.2,3.7,97.4,0.0,0.0,92.6,25
2023-02-17,mansar,Mansar Mine,Friday,2,792,666,126,15.91,Medium,equipment_downtime,0.0,16.5,30.0,0.283,5.7,1.3,0.7,3.7,97.2,0.0,0.0,91.1,28
2023-02-18,mansar,Mansar Mine,Saturday,2,780,585,195,25.0,High,equipment_downtime,0.0,15.1,26.6,0.332,12.7,7.1,0.8,4.8,93.8,0.0,0.0,93.8,23
2023-02-19,mansar,Mansar Mine,Sunday,2,797,648,149,18.7,High,equipment_downtime,0.0,15.1,28.3,0.338,9.4,0.3,5.4,3.7,95.4,0.0,0.0,94.6,22
2023-02-20,mansar,Mansar Mine,Monday,2,768,745,23,2.99,Low,equipment_downtime,0.0,16.0,31.4,0.287,5.2,1.3,0.8,3.1,97.5,0.0,0.0,91.8,27
2023-02-21,mansar,Mansar Mine,Tuesday,2,797,700,97,12.17,Medium,equipment_downtime,0.0,18.5,32.2,0.315,6.3,1.0,0.9,4.4,96.9,0.0,0.0,88.9,29
2023-02-22,mansar,Mansar Mine,Wednesday,2,793,668,125,15.76,Medium,equipment_downtime,0.0,13.1,29.2,0.411,4.9,0.3,0.7,3.9,97.6,0.0,0.0,86.3,28
2023-02-23,mansar,Mansar Mine,Thursday,2,783,777,6,0.77,Low,nominal_operations,0.0,20.3,28.4,0.379,2.8,0.2,0.9,1.7,98.0,0.0,0.0,95.4,31
2023-02-24,mansar,Mansar Mine,Friday,2,777,646,131,16.86,Medium,equipment_downtime,0.0,16.4,30.9,0.347,5.8,1.6,1.5,2.7,97.2,0.0,0.0,91.1,22
2023-02-25,mansar,Mansar Mine,Saturday,2,784,310,474,60.46,High,equipment_downtime,0.0,15.5,29.4,0.277,32.6,4.2,6.9,21.5,84.1,0.0,0.0,95.4,14
2023-02-26,mansar,Mansar Mine,Sunday,2,787,701,86,10.93,Medium,equipment_downtime,0.0,13.4,28.3,0.301,6.2,1.3,0.4,4.5,97.0,0.0,0.0,94.6,28
2023-02-27,mansar,Mansar Mine,Monday,2,800,708,92,11.5,Medium,equipment_downtime,0.0,13.7,31.9,0.281,4.9,0.3,1.3,3.3,97.6,0.4,0.0,90.1,26
2023-02-28,mansar,Mansar Mine,Tuesday,2,805,647,158,19.63,High,equipment_downtime,0.0,15.6,30.4,0.263,10.0,2.2,2.9,4.9,95.1,1.3,0.0,92.8,27
2023-03-01,mansar,Mansar Mine,Wednesday,3,828,803,25,3.02,Low,equipment_downtime,0.0,17.3,31.7,0.267,2.9,0.6,1.2,1.1,98.0,0.0,0.0,93.0,34
2023-03-02,mansar,Mansar Mine,Thursday,3,840,804,36,4.29,Low,equipment_downtime,0.0,24.7,28.8,0.248,2.7,0.3,0.7,1.7,98.0,0.0,0.0,92.9,30
2023-03-03,mansar,Mansar Mine,Friday,3,831,775,56,6.74,Medium,equipment_downtime,0.0,15.5,31.5,0.33,4.9,1.0,0.8,3.1,97.6,0.0,0.0,92.0,33
2023-03-04,mansar,Mansar Mine,Saturday,3,814,779,35,4.3,Low,equipment_downtime,0.0,13.1,33.5,0.268,3.5,1.0,1.1,1.4,98.0,0.0,0.0,91.2,32
2023-03-05,mansar,Mansar Mine,Sunday,3,800,674,126,15.75,Medium,equipment_downtime,0.0,17.2,32.2,0.224,5.2,0.4,1.9,2.9,97.5,0.0,0.0,88.8,29
2023-03-06,mansar,Mansar Mine,Monday,3,819,688,131,16.0,Medium,labor_attendance,0.0,19.2,29.3,0.229,4.0,0.5,0.7,2.8,98.0,0.7,0.0,85.2,24
2023-03-07,mansar,Mansar Mine,Tuesday,3,807,576,231,28.62,High,equipment_downtime,0.0,18.4,31.3,0.282,15.8,1.0,5.7,9.1,92.3,0.0,0.0,91.5,24
2023-03-08,mansar,Mansar Mine,Wednesday,3,822,797,25,3.04,Low,equipment_downtime,0.0,16.2,31.4,0.242,2.4,1.0,0.2,1.2,98.0,0.0,0.0,91.4,33
2023-03-09,mansar,Mansar Mine,Thursday,3,810,793,17,2.1,Low,nominal_operations,0.0,18.8,33.6,0.262,4.1,0.9,0.8,2.4,98.0,0.0,0.0,94.6,32
2023-03-10,mansar,Mansar Mine,Friday,3,808,661,147,18.19,High,labor_attendance,0.0,15.5,28.8,0.28,3.5,0.7,1.6,1.2,98.0,0.0,0.0,83.8,27
2023-03-11,mansar,Mansar Mine,Saturday,3,817,700,117,14.32,Medium,equipment_downtime,0.0,14.7,34.1,0.318,5.1,1.1,0.9,3.1,97.5,0.0,0.0,86.5,30
2023-03-12,mansar,Mansar Mine,Sunday,3,800,743,57,7.12,Medium,equipment_downtime,0.0,15.2,29.7,0.3,3.7,1.2,0.6,1.9,98.0,0.0,0.0,93.4,31
2023-03-13,mansar,Mansar Mine,Monday,3,793,729,64,8.07,Medium,equipment_downtime,0.0,9.4,31.9,0.283,6.7,1.3,2.0,3.4,96.7,0.0,0.0,89.8,32
2023-03-14,mansar,Mansar Mine,Tuesday,3,796,752,44,5.53,Low,equipment_downtime,0.0,12.8,33.4,0.292,4.2,1.1,0.9,2.2,98.0,0.0,0.0,92.8,32
2023-03-15,mansar,Mansar Mine,Wednesday,3,787,704,83,10.55,Medium,equipment_downtime,0.0,21.8,34.1,0.297,5.5,1.0,1.0,3.5,97.3,0.0,0.0,93.0,26
2023-03-16,mansar,Mansar Mine,Thursday,3,817,536,281,34.39,High,equipment_downtime,0.0,17.7,34.7,0.269,19.7,11.7,1.8,6.2,90.4,0.0,0.0,88.8,22
2023-03-17,mansar,Mansar Mine,Friday,3,801,458,343,42.82,High,equipment_downtime,0.0,18.1,32.3,0.254,18.6,1.1,1.2,16.3,90.9,0.0,0.0,83.8,21
2023-03-18,mansar,Mansar Mine,Saturday,3,819,784,35,4.27,Low,equipment_downtime,0.0,15.6,28.7,0.249,5.2,1.2,0.9,3.1,97.5,0.0,0.0,93.0,32
2023-03-19,mansar,Mansar Mine,Sunday,3,794,729,65,8.19,Medium,equipment_downtime,0.0,17.6,30.6,0.28,3.8,0.2,1.7,1.9,98.0,0.0,0.0,86.9,30
2023-03-20,mansar,Mansar Mine,Monday,3,788,684,104,13.2,Medium,equipment_downtime,0.0,15.5,31.6,0.34,4.7,1.4,1.1,2.2,97.7,0.0,0.0,90.8,29
2023-03-21,mansar,Mansar Mine,Tuesday,3,838,807,31,3.7,Low,equipment_downtime,0.0,18.6,33.9,0.18,3.4,0.7,0.9,1.8,98.0,0.0,0.0,91.7,33
2023-03-22,mansar,Mansar Mine,Wednesday,3,831,748,83,9.99,Medium,equipment_downtime,0.0,15.4,34.3,0.22,6.0,0.3,1.9,3.8,97.1,0.0,0.0,95.7,30
2023-03-23,mansar,Mansar Mine,Thursday,3,804,669,135,16.79,Medium,equipment_downtime,0.0,17.7,35.3,0.307,8.7,0.6,6.4,1.7,95.8,3.0,0.0,93.1,33
2023-03-24,mansar,Mansar Mine,Friday,3,829,767,62,7.48,Medium,equipment_downtime,0.0,11.7,32.8,0.27,5.5,0.5,0.6,4.4,97.3,0.0,0.0,93.8,35
2023-03-25,mansar,Mansar Mine,Saturday,3,813,778,35,4.31,Low,equipment_downtime,0.0,13.8,33.3,0.208,4.1,1.4,1.0,1.7,98.0,0.0,0.0,94.6,32
2023-03-26,mansar,Mansar Mine,Sunday,3,816,739,77,9.44,Medium,equipment_downtime,0.0,14.0,34.7,0.258,4.2,1.0,0.7,2.5,98.0,0.0,0.0,89.1,29
2023-03-27,mansar,Mansar Mine,Monday,3,794,667,127,15.99,Medium,equipment_downtime,0.0,9.9,34.2,0.201,10.7,1.0,1.2,8.5,94.8,0.0,0.0,99.0,30
2023-03-28,mansar,Mansar Mine,Tuesday,3,818,754,64,7.82,Medium,equipment_downtime,0.0,18.6,36.6,0.244,5.8,0.8,0.8,4.2,97.2,0.0,0.0,90.8,28
2023-03-29,mansar,Mansar Mine,Wednesday,3,826,748,78,9.44,Medium,equipment_downtime,0.0,12.0,32.7,0.342,6.1,0.6,1.4,4.1,97.0,0.0,0.0,93.1,28
2023-03-30,mansar,Mansar Mine,Thursday,3,836,759,77,9.21,Medium,equipment_downtime,0.0,17.8,35.1,0.259,4.0,0.2,0.3,3.5,98.0,0.0,0.0,93.3,30
2023-03-31,mansar,Mansar Mine,Friday,3,786,709,77,9.8,Medium,equipment_downtime,0.0,14.6,35.8,0.265,6.8,0.6,1.9,4.3,96.7,0.0,0.0,99.0,30
2023-04-01,mansar,Mansar Mine,Saturday,4,841,779,62,7.37,Medium,equipment_downtime,0.0,17.2,35.5,0.28,4.0,1.1,1.5,1.4,98.0,0.0,0.0,90.6,30
2023-04-02,mansar,Mansar Mine,Sunday,4,835,717,118,14.13,Medium,equipment_downtime,0.0,19.0,33.5,0.225,5.8,1.3,0.8,3.7,97.2,0.0,0.0,87.2,28
2023-04-03,mansar,Mansar Mine,Monday,4,821,688,133,16.2,Medium,equipment_downtime,0.0,16.4,36.3,0.218,6.0,1.0,1.0,4.0,97.1,0.0,0.0,89.8,26
2023-04-04,mansar,Mansar Mine,Tuesday,4,805,564,241,29.94,High,equipment_downtime,5.9,20.8,36.7,0.203,16.2,10.7,1.0,4.5,92.1,0.0,0.0,99.0,24
2023-04-05,mansar,Mansar Mine,Wednesday,4,828,719,109,13.16,Medium,equipment_downtime,0.0,15.0,39.3,0.335,3.3,1.1,0.9,1.3,98.0,0.0,0.0,89.2,28
2023-04-06,mansar,Mansar Mine,Thursday,4,818,753,65,7.95,Medium,equipment_downtime,0.0,13.5,37.9,0.24,4.2,1.0,1.0,2.2,98.0,0.0,0.0,94.7,30
2023-04-07,mansar,Mansar Mine,Friday,4,840,719,121,14.4,Medium,equipment_downtime,0.0,13.2,38.3,0.235,5.6,0.3,0.9,4.4,97.3,0.0,0.0,93.0,29
2023-04-08,mansar,Mansar Mine,Saturday,4,797,682,115,14.43,Medium,equipment_downtime,0.0,17.2,35.1,0.228,5.2,1.4,1.6,2.2,97.5,0.9,0.0,93.2,27
2023-04-09,mansar,Mansar Mine,Sunday,4,810,727,83,10.25,Medium,equipment_downtime,0.0,15.5,36.2,0.18,5.3,1.3,0.9,3.1,97.4,0.0,0.0,92.9,33
2023-04-10,mansar,Mansar Mine,Monday,4,823,711,112,13.61,Medium,equipment_downtime,0.0,19.4,38.9,0.184,6.2,1.1,0.8,4.3,97.0,0.0,0.0,89.2,28
2023-04-11,mansar,Mansar Mine,Tuesday,4,841,736,105,12.49,Medium,equipment_downtime,0.0,14.9,37.4,0.185,6.7,1.4,1.1,4.2,96.7,0.0,0.0,90.1,35
2023-04-12,mansar,Mansar Mine,Wednesday,4,807,779,28,3.47,Low,equipment_downtime,0.0,17.8,37.8,0.18,4.0,0.3,1.0,2.7,98.0,0.0,0.0,92.4,33
2023-04-13,mansar,Mansar Mine,Thursday,4,828,766,62,7.49,Medium,equipment_downtime,0.0,14.9,38.7,0.191,5.0,1.4,0.7,2.9,97.6,0.0,0.0,90.8,33
2023-04-14,mansar,Mansar Mine,Friday,4,831,723,108,13.0,Medium,equipment_downtime,0.0,13.8,37.5,0.18,3.5,1.0,1.2,1.3,98.0,0.0,0.0,99.0,28
2023-04-15,mansar,Mansar Mine,Saturday,4,818,717,101,12.35,Medium,blasting_delays,0.0,15.2,37.0,0.223,2.4,0.6,0.5,1.3,98.0,1.8,0.0,92.5,31
2023-04-16,mansar,Mansar Mine,Sunday,4,816,765,51,6.25,Medium,equipment_downtime,0.0,14.3,37.9,0.192,4.8,0.8,1.7,2.3,97.7,0.0,0.0,93.4,27
2023-04-17,mansar,Mansar Mine,Monday,4,825,778,47,5.7,Low,equipment_downtime,0.0,13.5,41.0,0.275,3.2,0.3,1.5,1.4,98.0,0.0,0.0,94.7,31
2023-04-18,mansar,Mansar Mine,Tuesday,4,810,748,62,7.65,Medium,equipment_downtime,4.1,18.7,37.7,0.18,2.4,0.2,0.8,1.4,98.0,0.1,0.0,89.0,31
2023-04-19,mansar,Mansar Mine,Wednesday,4,834,772,62,7.43,Medium,equipment_downtime,0.0,19.2,36.8,0.18,4.6,1.3,1.6,1.7,97.8,0.0,0.0,95.0,28
2023-04-20,mansar,Mansar Mine,Thursday,4,812,597,215,26.48,High,blasting_delays,0.0,18.9,35.0,0.216,5.2,0.8,1.0,3.4,97.5,3.6,0.0,92.4,23
2023-04-21,mansar,Mansar Mine,Friday,4,842,752,90,10.69,Medium,equipment_downtime,0.0,13.7,36.0,0.18,6.2,0.6,1.6,4.0,97.0,0.0,0.0,92.0,29
2023-04-22,mansar,Mansar Mine,Saturday,4,836,723,113,13.52,Medium,equipment_downtime,0.0,11.0,35.7,0.235,4.2,0.8,1.8,1.6,98.0,0.0,0.0,94.5,30
2023-04-23,mansar,Mansar Mine,Sunday,4,819,748,71,8.67,Medium,equipment_downtime,0.0,17.1,40.6,0.188,4.6,1.2,1.8,1.6,97.8,1.1,0.0,97.4,32
2023-04-24,mansar,Mansar Mine,Monday,4,826,648,178,21.55,High,equipment_downtime,0.2,16.5,39.7,0.18,13.0,2.9,1.6,8.5,93.7,0.0,0.0,91.1,24
2023-04-25,mansar,Mansar Mine,Tuesday,4,822,760,62,7.54,Medium,equipment_downtime,0.0,17.6,37.4,0.18,5.3,0.4,0.7,4.2,97.4,0.0,0.0,91.7,29
2023-04-26,mansar,Mansar Mine,Wednesday,4,813,588,225,27.68,High,equipment_downtime,0.0,18.4,36.7,0.189,10.5,1.0,8.2,1.3,94.9,0.0,0.0,94.1,25
2023-04-27,mansar,Mansar Mine,Thursday,4,851,672,179,21.03,High,equipment_downtime,0.0,17.9,39.0,0.18,10.1,1.2,5.0,3.9,95.1,1.2,0.0,97.6,28
2023-04-28,mansar,Mansar Mine,Friday,4,789,671,118,14.96,Medium,equipment_downtime,0.0,15.8,38.5,0.27,4.5,0.6,1.0,2.9,97.8,0.0,0.0,85.9,29
2023-04-29,mansar,Mansar Mine,Saturday,4,857,845,12,1.4,Low,nominal_operations,0.0,13.7,37.4,0.201,3.7,1.1,0.4,2.2,98.0,0.0,0.0,92.4,37
2023-04-30,mansar,Mansar Mine,Sunday,4,819,782,37,4.52,Low,equipment_downtime,0.0,14.0,36.8,0.18,4.3,0.5,0.3,3.5,97.9,0.0,0.0,92.6,27
2023-05-01,mansar,Mansar Mine,Monday,5,811,746,65,8.01,Medium,equipment_downtime,0.0,14.9,38.8,0.217,2.3,0.4,0.4,1.5,98.0,0.0,0.0,91.0,31
2023-05-02,mansar,Mansar Mine,Tuesday,5,797,754,43,5.4,Low,equipment_downtime,1.0,14.6,36.7,0.194,3.9,1.4,0.8,1.7,98.0,0.0,0.0,95.4,32
2023-05-03,mansar,Mansar Mine,Wednesday,5,785,717,68,8.66,Medium,equipment_downtime,0.0,18.1,41.4,0.24,2.9,1.1,0.7,1.1,98.0,0.0,0.0,96.8,29
2023-05-04,mansar,Mansar Mine,Thursday,5,832,715,117,14.06,Medium,equipment_downtime,0.0,15.7,38.6,0.239,6.9,0.5,2.5,3.9,96.6,0.0,0.0,89.1,27
2023-05-05,mansar,Mansar Mine,Friday,5,840,456,384,45.71,High,equipment_downtime,0.0,16.9,38.9,0.18,20.1,7.7,1.5,10.9,90.2,0.0,0.0,87.6,17
2023-05-06,mansar,Mansar Mine,Saturday,5,820,732,88,10.73,Medium,equipment_downtime,0.0,15.6,35.6,0.277,5.8,0.9,0.5,4.4,97.2,0.0,0.0,90.6,31
2023-05-07,mansar,Mansar Mine,Sunday,5,808,738,70,8.66,Medium,labor_attendance,5.4,18.6,38.3,0.212,2.1,0.8,0.3,1.0,98.0,0.0,0.0,87.8,31
2023-05-08,mansar,Mansar Mine,Monday,5,832,737,95,11.42,Medium,equipment_downtime,0.0,16.8,41.1,0.18,4.6,0.9,1.9,1.8,97.8,0.5,0.0,97.3,31
2023-05-09,mansar,Mansar Mine,Tuesday,5,791,718,73,9.23,Medium,equipment_downtime,0.0,15.4,37.6,0.197,4.8,0.4,3.2,1.2,97.7,0.0,0.0,89.3,26
2023-05-10,mansar,Mansar Mine,Wednesday,5,835,790,45,5.39,Low,equipment_downtime,0.0,16.0,38.1,0.228,2.1,0.7,0.3,1.1,98.0,0.0,0.0,95.0,29
2023-05-11,mansar,Mansar Mine,Thursday,5,807,726,81,10.04,Medium,equipment_downtime,1.8,17.4,39.0,0.231,2.9,1.0,0.9,1.0,98.0,0.0,0.0,93.3,30
2023-05-12,mansar,Mansar Mine,Friday,5,812,738,74,9.11,Medium,equipment_downtime,0.0,17.4,36.9,0.181,3.5,1.2,0.8,1.5,98.0,0.0,0.0,89.0,25
2023-05-13,mansar,Mansar Mine,Saturday,5,833,600,233,27.97,High,equipment_downtime,0.0,13.2,39.2,0.228,14.1,6.7,1.2,6.2,93.1,0.0,0.0,91.5,25
2023-05-14,mansar,Mansar Mine,Sunday,5,823,743,80,9.72,Medium,equipment_downtime,0.0,19.1,37.2,0.294,3.5,0.7,1.7,1.1,98.0,0.0,0.0,90.4,31
2023-05-15,mansar,Mansar Mine,Monday,5,829,712,117,14.11,Medium,equipment_downtime,0.0,15.8,43.2,0.181,5.0,1.4,0.7,2.9,97.6,0.0,0.0,90.0,28
2023-05-16,mansar,Mansar Mine,Tuesday,5,809,706,103,12.73,Medium,equipment_downtime,0.0,16.7,39.3,0.246,5.2,1.1,1.5,2.6,97.5,0.0,0.0,92.1,30
2023-05-17,mansar,Mansar Mine,Wednesday,5,802,772,30,3.74,Low,equipment_downtime,0.0,13.8,38.7,0.18,4.1,0.5,1.9,1.7,98.0,0.0,0.0,96.9,32
2023-05-18,mansar,Mansar Mine,Thursday,5,794,718,76,9.57,Medium,equipment_downtime,0.0,17.5,38.9,0.18,4.5,0.3,1.5,2.7,97.8,0.0,0.0,89.2,30
2023-05-19,mansar,Mansar Mine,Friday,5,807,706,101,12.52,Medium,equipment_downtime,0.0,12.3,41.1,0.191,2.6,1.1,0.4,1.1,98.0,0.0,0.0,88.9,29
2023-05-20,mansar,Mansar Mine,Saturday,5,801,696,105,13.11,Medium,equipment_downtime,0.0,15.2,41.3,0.18,4.6,1.2,0.2,3.2,97.8,0.0,0.0,89.9,29
2023-05-21,mansar,Mansar Mine,Sunday,5,817,747,70,8.57,Medium,equipment_downtime,0.0,14.1,42.1,0.217,2.4,0.2,1.2,1.0,98.0,0.0,0.0,97.2,24
2023-05-22,mansar,Mansar Mine,Monday,5,785,677,108,13.76,Medium,equipment_downtime,0.0,11.8,37.6,0.207,3.6,0.4,0.5,2.7,98.0,0.0,0.0,88.7,28
2023-05-23,mansar,Mansar Mine,Tuesday,5,794,714,80,10.08,Medium,equipment_downtime,1.3,20.3,37.6,0.19,4.8,1.2,0.8,2.8,97.7,0.0,0.0,92.3,28
2023-05-24,mansar,Mansar Mine,Wednesday,5,810,737,73,9.01,Medium,equipment_downtime,0.0,16.9,41.5,0.22,5.9,0.9,1.2,3.8,97.1,0.0,0.0,91.5,32
2023-05-25,mansar,Mansar Mine,Thursday,5,798,777,21,2.63,Low,equipment_downtime,0.0,16.5,42.6,0.237,3.2,0.6,0.2,2.4,98.0,0.0,0.0,96.0,33
2023-05-26,mansar,Mansar Mine,Friday,5,806,721,85,10.55,Medium,equipment_downtime,0.0,21.6,38.7,0.209,4.2,1.3,0.6,2.3,98.0,0.0,0.0,89.7,30
2023-05-27,mansar,Mansar Mine,Saturday,5,801,738,63,7.87,Medium,equipment_downtime,0.0,15.4,40.8,0.215,5.4,0.3,1.7,3.4,97.4,0.0,0.0,90.2,32
2023-05-28,mansar,Mansar Mine,Sunday,5,812,689,123,15.15,Medium,equipment_downtime,0.0,16.5,41.7,0.282,8.9,0.8,1.3,6.8,95.7,0.0,0.0,88.0,25
2023-05-29,mansar,Mansar Mine,Monday,5,785,670,115,14.65,Medium,equipment_downtime,0.0,17.9,37.1,0.198,6.4,0.9,1.4,4.1,96.9,0.0,0.0,93.5,29
2023-05-30,mansar,Mansar Mine,Tuesday,5,823,718,105,12.76,Medium,equipment_downtime,0.0,16.3,39.2,0.213,5.7,0.8,0.6,4.3,97.2,0.0,0.0,98.1,29
2023-05-31,mansar,Mansar Mine,Wednesday,5,799,699,100,12.52,Medium,equipment_downtime,0.0,20.9,36.2,0.232,7.1,1.5,1.1,4.5,96.5,0.0,0.0,94.1,31
2023-06-01,mansar,Mansar Mine,Thursday,6,783,754,29,3.7,Low,equipment_downtime,2.8,23.0,37.3,0.196,2.5,0.2,1.2,1.1,98.0,0.0,0.0,94.0,31
2023-06-02,mansar,Mansar Mine,Friday,6,792,573,219,27.65,High,equipment_downtime,0.6,21.9,40.5,0.287,9.6,3.6,0.6,5.4,95.3,0.0,0.0,85.1,26
2023-06-03,mansar,Mansar Mine,Saturday,6,773,571,202,26.13,High,weather_stoppage,30.8,30.4,36.3,0.201,5.4,0.6,1.2,3.6,97.4,0.0,2.8,97.7,19
2023-06-04,mansar,Mansar Mine,Sunday,6,776,714,62,7.99,Medium,equipment_downtime,13.8,23.7,38.1,0.18,4.2,1.3,1.2,1.7,98.0,0.0,0.0,92.7,27
2023-06-05,mansar,Mansar Mine,Monday,6,786,657,129,16.41,Medium,weather_stoppage,26.1,29.8,38.4,0.276,5.2,0.2,1.3,3.7,97.5,0.0,2.1,91.5,27
2023-06-06,mansar,Mansar Mine,Tuesday,6,813,784,29,3.57,Low,equipment_downtime,13.6,27.6,36.9,0.21,3.8,0.4,0.2,3.2,98.0,0.0,0.0,95.2,34
2023-06-07,mansar,Mansar Mine,Wednesday,6,788,728,60,7.61,Medium,equipment_downtime,2.7,21.8,36.0,0.258,5.0,0.7,0.7,3.6,97.6,0.0,0.0,90.1,33
2023-06-08,mansar,Mansar Mine,Thursday,6,799,530,269,33.67,High,equipment_downtime,25.1,30.3,36.8,0.26,8.4,3.2,1.9,3.3,95.9,2.3,2.1,97.0,19
2023-06-09,mansar,Mansar Mine,Friday,6,803,765,38,4.73,Low,equipment_downtime,4.9,25.7,36.7,0.311,3.4,0.2,2.2,1.0,98.0,0.0,0.0,98.7,31
2023-06-10,mansar,Mansar Mine,Saturday,6,808,261,547,67.7,High,weather_stoppage,49.5,34.2,31.2,0.302,9.3,5.4,0.3,3.6,95.5,3.6,5.5,88.9,10
2023-06-11,mansar,Mansar Mine,Sunday,6,821,748,73,8.89,Medium,equipment_downtime,1.0,26.5,39.9,0.269,7.0,1.5,1.6,3.9,96.6,0.0,0.0,97.3,36
2023-06-12,mansar,Mansar Mine,Monday,6,769,724,45,5.85,Low,equipment_downtime,1.0,26.0,39.7,0.234,5.2,0.5,1.7,3.0,97.5,0.0,0.0,93.8,28
2023-06-13,mansar,Mansar Mine,Tuesday,6,797,649,148,18.57,High,equipment_downtime,12.2,24.1,37.4,0.285,6.0,0.7,1.6,3.7,97.1,0.0,0.0,88.7,30
2023-06-14,mansar,Mansar Mine,Wednesday,6,788,725,63,7.99,Medium,equipment_downtime,4.5,24.3,37.8,0.233,3.8,0.2,0.4,3.2,98.0,0.0,0.0,99.0,29
2023-06-15,mansar,Mansar Mine,Thursday,6,800,729,71,8.88,Medium,equipment_downtime,1.1,26.6,41.2,0.333,3.4,0.3,1.1,2.0,98.0,0.0,0.0,94.6,27
2023-06-16,mansar,Mansar Mine,Friday,6,791,519,272,34.39,High,weather_stoppage,28.3,34.1,38.0,0.211,5.0,1.3,1.8,1.9,97.6,0.0,2.8,86.6,17
2023-06-17,mansar,Mansar Mine,Saturday,6,804,715,89,11.07,Medium,equipment_downtime,1.3,22.7,37.1,0.283,6.6,0.8,1.4,4.4,96.8,0.0,0.0,89.5,26
2023-06-18,mansar,Mansar Mine,Sunday,6,766,490,276,36.03,High,equipment_downtime,1.5,31.4,38.8,0.249,20.1,3.3,0.8,16.0,90.2,0.0,0.0,97.5,18
2023-06-19,mansar,Mansar Mine,Monday,6,778,674,104,13.37,Medium,equipment_downtime,1.2,27.7,39.9,0.262,9.3,2.5,1.5,5.3,95.5,0.0,0.0,94.1,27
2023-06-20,mansar,Mansar Mine,Tuesday,6,767,331,436,56.84,High,equipment_downtime,16.6,34.1,38.6,0.271,31.4,21.7,1.4,8.3,84.7,0.0,0.0,94.8,16
2023-06-21,mansar,Mansar Mine,Wednesday,6,774,554,220,28.42,High,weather_stoppage,26.5,37.6,35.6,0.237,6.6,1.5,0.6,4.5,96.8,0.0,2.7,92.2,22
2023-06-22,mansar,Mansar Mine,Thursday,6,784,764,20,2.55,Low,nominal_operations,17.2,28.1,37.9,0.307,3.0,0.5,1.4,1.1,98.0,0.0,0.0,97.4,34
2023-06-23,mansar,Mansar Mine,Friday,6,804,641,163,20.27,High,equipment_downtime,6.4,30.9,37.7,0.322,6.4,0.4,1.5,4.5,96.9,0.0,0.0,87.5,28
2023-06-24,mansar,Mansar Mine,Saturday,6,780,699,81,10.38,Medium,equipment_downtime,3.4,27.8,41.0,0.25,4.6,0.5,1.3,2.8,97.8,0.0,0.0,89.4,29
2023-06-25,mansar,Mansar Mine,Sunday,6,780,707,73,9.36,Medium,equipment_downtime,3.2,27.1,39.6,0.321,5.5,0.6,0.8,4.1,97.3,0.0,0.0,88.3,29
2023-06-26,mansar,Mansar Mine,Monday,6,780,689,91,11.67,Medium,equipment_downtime,8.2,32.1,36.5,0.327,6.0,0.5,2.2,3.3,97.1,0.0,0.0,95.0,27
2023-06-27,mansar,Mansar Mine,Tuesday,6,768,575,193,25.13,High,equipment_downtime,3.9,28.5,38.9,0.331,6.4,1.4,3.1,1.9,96.9,0.0,0.0,83.4,24
2023-06-28,mansar,Mansar Mine,Wednesday,6,777,378,399,51.35,High,equipment_downtime,5.1,31.2,37.0,0.244,22.6,0.4,1.1,21.1,89.0,0.0,0.0,84.2,11
2023-06-29,mansar,Mansar Mine,Thursday,6,788,114,674,85.53,High,weather_stoppage,67.1,49.7,28.5,0.204,8.6,5.0,1.6,2.0,95.8,0.0,9.2,96.5,5
2023-06-30,mansar,Mansar Mine,Friday,6,786,682,104,13.23,Medium,equipment_downtime,2.5,30.5,38.4,0.258,5.5,0.5,1.6,3.4,97.3,0.0,0.0,92.2,27
2023-07-01,mansar,Mansar Mine,Saturday,7,733,694,39,5.32,Low,equipment_downtime,17.8,38.5,37.3,0.301,3.0,0.9,0.6,1.5,98.0,0.0,0.0,91.0,29
2023-07-02,mansar,Mansar Mine,Sunday,7,792,775,17,2.15,Low,nominal_operations,11.3,33.1,36.4,0.293,3.5,1.2,0.6,1.7,98.0,0.0,0.0,94.6,31
2023-07-03,mansar,Mansar Mine,Monday,7,757,530,227,29.99,High,equipment_downtime,2.2,28.7,40.1,0.362,13.7,8.6,0.6,4.5,93.3,0.0,0.0,92.4,19
2023-07-04,mansar,Mansar Mine,Tuesday,7,739,644,95,12.86,Medium,equipment_downtime,0.4,31.8,38.5,0.356,3.7,1.0,0.6,2.1,98.0,0.0,0.0,90.9,25
2023-07-05,mansar,Mansar Mine,Wednesday,7,771,114,657,85.21,High,weather_stoppage,72.7,49.9,26.8,0.332,15.2,5.8,1.8,7.6,92.6,0.0,10.7,92.7,5
2023-07-06,mansar,Mansar Mine,Thursday,7,754,679,75,9.95,Medium,equipment_downtime,12.9,34.8,37.8,0.319,3.3,1.4,0.4,1.5,98.0,0.0,0.0,89.7,26
2023-07-07,mansar,Mansar Mine,Friday,7,753,432,321,42.63,High,weather_stoppage,38.8,40.7,34.4,0.278,7.6,4.3,1.3,2.0,96.3,0.0,4.1,99.0,19
2023-07-08,mansar,Mansar Mine,Saturday,7,753,653,100,13.28,Medium,equipment_downtime,2.2,33.9,36.0,0.292,5.5,0.9,1.5,3.1,97.3,0.0,0.0,91.1,27
2023-07-09,mansar,Mansar Mine,Sunday,7,785,217,568,72.36,High,weather_stoppage,46.2,42.4,31.7,0.335,8.0,5.6,1.4,1.0,96.1,1.6,6.4,89.5,7
2023-07-10,mansar,Mansar Mine,Monday,7,739,634,105,14.21,Medium,equipment_downtime,1.3,29.5,36.4,0.344,4.4,0.9,1.3,2.2,97.9,0.0,0.0,88.5,21
2023-07-11,mansar,Mansar Mine,Tuesday,7,738,600,138,18.7,High,labor_attendance,4.5,40.0,35.1,0.312,4.8,1.0,0.7,3.1,97.7,0.0,0.0,84.2,23
2023-07-12,mansar,Mansar Mine,Wednesday,7,772,114,658,85.23,High,weather_stoppage,61.9,49.6,29.0,0.385,9.5,6.8,1.6,1.1,95.4,0.0,8.4,94.5,6
2023-07-13,mansar,Mansar Mine,Thursday,7,766,684,82,10.7,Medium,equipment_downtime,1.5,31.1,37.2,0.323,5.2,0.8,1.7,2.7,97.5,0.0,0.0,93.4,27
2023-07-14,mansar,Mansar Mine,Friday,7,749,573,176,23.5,High,equipment_downtime,2.1,38.4,36.4,0.341,11.6,1.2,0.6,9.8,94.3,0.0,0.0,96.9,23
2023-07-15,mansar,Mansar Mine,Saturday,7,747,591,156,20.88,High,equipment_downtime,16.9,41.8,36.5,0.295,4.6,1.0,0.6,3.0,97.8,1.1,0.0,89.9,24
2023-07-16,mansar,Mansar Mine,Sunday,7,767,680,87,11.34,Medium,equipment_downtime,3.8,39.3,38.7,0.342,4.4,0.5,0.8,3.1,97.9,0.0,0.0,92.2,26
2023-07-17,mansar,Mansar Mine,Monday,7,744,661,83,11.16,Medium,equipment_downtime,2.6,37.0,36.5,0.328,5.6,1.0,1.6,3.0,97.3,0.0,0.0,89.4,24
2023-07-18,mansar,Mansar Mine,Tuesday,7,772,756,16,2.07,Low,nominal_operations,19.3,39.3,32.3,0.459,5.7,0.3,1.7,3.7,97.2,0.0,0.0,93.8,29
2023-07-19,mansar,Mansar Mine,Wednesday,7,765,550,215,28.1,High,equipment_downtime,9.2,34.2,38.5,0.274,13.7,6.1,0.9,6.7,93.3,0.0,0.0,91.8,23
2023-07-20,mansar,Mansar Mine,Thursday,7,753,646,107,14.21,Medium,equipment_downtime,2.5,37.2,37.3,0.423,6.6,2.8,1.6,2.2,96.8,0.0,0.0,93.8,26
2023-07-21,mansar,Mansar Mine,Friday,7,795,725,70,8.81,Medium,equipment_downtime,3.0,35.4,36.3,0.432,3.5,0.4,0.7,2.4,98.0,0.7,0.0,95.4,29
2023-07-22,mansar,Mansar Mine,Saturday,7,760,616,144,18.95,High,equipment_downtime,13.6,40.6,33.9,0.408,6.0,1.5,1.9,2.6,97.1,0.0,0.0,97.7,19
2023-07-23,mansar,Mansar Mine,Sunday,7,756,667,89,11.77,Medium,equipment_downtime,4.3,37.8,35.5,0.42,5.9,0.5,1.1,4.3,97.1,0.0,0.0,96.8,25
2023-07-24,mansar,Mansar Mine,Monday,7,765,661,104,13.59,Medium,equipment_downtime,4.7,34.4,35.4,0.424,6.7,0.9,1.5,4.3,96.7,0.0,0.0,98.9,26
2023-07-25,mansar,Mansar Mine,Tuesday,7,786,658,128,16.28,Medium,equipment_downtime,17.7,42.1,34.1,0.396,7.3,1.0,1.9,4.4,96.4,0.0,0.0,91.4,23
2023-07-26,mansar,Mansar Mine,Wednesday,7,752,706,46,6.12,Medium,equipment_downtime,0.6,31.7,35.2,0.374,4.7,0.6,1.4,2.7,97.7,0.0,0.0,97.8,30
2023-07-27,mansar,Mansar Mine,Thursday,7,772,239,533,69.04,High,weather_stoppage,45.7,47.6,27.7,0.363,7.3,3.1,1.9,2.3,96.4,0.0,5.8,89.7,7
2023-07-28,mansar,Mansar Mine,Friday,7,772,672,100,12.95,Medium,equipment_downtime,0.3,36.9,38.9,0.397,5.8,1.2,1.2,3.4,97.2,0.0,0.0,88.1,26
2023-07-29,mansar,Mansar Mine,Saturday,7,774,601,173,22.35,High,equipment_downtime,3.6,36.2,32.8,0.384,11.4,0.9,8.9,1.6,94.4,0.0,0.0,90.9,24
2023-07-30,mansar,Mansar Mine,Sunday,7,768,610,158,20.57,High,equipment_downtime,3.4,39.9,34.2,0.341,10.3,1.0,6.8,2.5,95.0,0.0,0.0,88.2,22
2023-07-31,mansar,Mansar Mine,Monday,7,758,646,112,14.78,Medium,equipment_downtime,5.0,39.9,33.4,0.48,5.3,1.4,0.2,3.7,97.4,0.0,0.0,98.2,27
2023-08-01,mansar,Mansar Mine,Tuesday,8,709,615,94,13.26,Medium,equipment_downtime,2.1,41.2,37.0,0.394,4.5,1.5,0.6,2.4,97.8,0.0,0.0,99.0,24
2023-08-02,mansar,Mansar Mine,Wednesday,8,714,503,211,29.55,High,weather_stoppage,24.9,47.1,32.1,0.334,5.5,1.1,1.6,2.8,97.3,0.0,0.0,94.6,15
2023-08-03,mansar,Mansar Mine,Thursday,8,739,119,620,83.9,High,weather_stoppage,44.3,48.4,30.8,0.491,10.0,7.3,0.6,2.1,95.1,0.0,6.4,88.3,5
2023-08-04,mansar,Mansar Mine,Friday,8,732,114,618,84.43,High,weather_stoppage,50.7,49.0,28.7,0.452,9.8,6.3,0.8,2.7,95.2,0.0,6.3,88.3,5
2023-08-05,mansar,Mansar Mine,Saturday,8,726,424,302,41.6,High,weather_stoppage,27.0,42.9,31.5,0.472,10.4,2.4,0.9,7.1,94.9,0.0,2.5,90.8,17
2023-08-06,mansar,Mansar Mine,Sunday,8,711,632,79,11.11,Medium,equipment_downtime,3.7,37.1,31.2,0.463,2.8,0.6,1.0,1.2,98.0,0.0,0.0,94.9,28
2023-08-07,mansar,Mansar Mine,Monday,8,729,649,80,10.97,Medium,equipment_downtime,0.9,39.6,31.9,0.414,5.7,1.0,1.8,2.9,97.2,0.0,0.0,99.0,25
2023-08-08,mansar,Mansar Mine,Tuesday,8,741,635,106,14.3,Medium,equipment_downtime,4.1,37.4,33.5,0.466,3.4,0.9,1.2,1.3,98.0,0.0,0.0,88.2,26
2023-08-09,mansar,Mansar Mine,Wednesday,8,726,636,90,12.4,Medium,equipment_downtime,3.4,42.5,34.3,0.376,5.7,1.3,1.7,2.7,97.2,0.0,0.0,90.9,26
2023-08-10,mansar,Mansar Mine,Thursday,8,707,592,115,16.27,Medium,equipment_downtime,3.7,34.1,34.7,0.4,6.4,0.6,1.7,4.1,96.9,0.0,0.0,87.6,23
2023-08-11,mansar,Mansar Mine,Friday,8,759,114,645,84.98,High,weather_stoppage,85.6,58.0,24.2,0.485,5.7,2.7,2.0,1.0,97.2,0.3,11.8,88.7,5
2023-08-12,mansar,Mansar Mine,Saturday,8,734,593,141,19.21,High,equipment_downtime,2.2,41.4,33.5,0.447,6.2,0.3,1.7,4.2,97.0,0.0,0.0,92.1,25
2023-08-13,mansar,Mansar Mine,Sunday,8,747,622,125,16.73,Medium,equipment_downtime,5.1,38.4,30.5,0.489,6.7,0.7,4.8,1.2,96.7,0.0,0.0,89.0,23
2023-08-14,mansar,Mansar Mine,Monday,8,745,508,237,31.81,High,equipment_downtime,2.8,40.3,34.7,0.524,12.2,0.9,9.9,1.4,94.1,0.0,0.0,99.0,23
2023-08-15,mansar,Mansar Mine,Tuesday,8,724,114,610,84.25,High,weather_stoppage,65.9,52.3,25.4,0.474,7.1,2.8,1.7,2.6,96.5,0.0,8.9,92.7,5
2023-08-16,mansar,Mansar Mine,Wednesday,8,737,547,190,25.78,High,equipment_downtime,7.8,40.7,30.0,0.441,8.4,0.5,3.8,4.1,95.9,0.0,0.0,88.6,22
2023-08-17,mansar,Mansar Mine,Thursday,8,733,688,45,6.14,Medium,equipment_downtime,2.1,38.2,33.5,0.479,2.4,0.7,0.4,1.3,98.0,0.3,0.0,92.9,28
2023-08-18,mansar,Mansar Mine,Friday,8,740,634,106,14.32,Medium,equipment_downtime,2.8,38.1,32.6,0.507,6.5,0.5,3.2,2.8,96.8,0.0,0.0,99.0,28
2023-08-19,mansar,Mansar Mine,Saturday,8,721,114,607,84.19,High,weather_stoppage,51.8,50.2,26.9,0.558,12.1,6.6,2.3,3.2,94.1,0.0,6.3,86.8,6
2023-08-20,mansar,Mansar Mine,Sunday,8,714,461,253,35.43,High,equipment_downtime,1.9,38.6,30.8,0.538,15.3,7.4,1.0,6.9,92.5,1.5,0.0,95.6,14
2023-08-21,mansar,Mansar Mine,Monday,8,737,594,143,19.4,High,equipment_downtime,0.3,43.7,32.5,0.471,5.1,1.0,1.7,2.4,97.5,0.0,0.0,95.6,25
2023-08-22,mansar,Mansar Mine,Tuesday,8,742,605,137,18.46,High,labor_attendance,4.9,37.1,33.1,0.528,2.9,1.1,0.4,1.4,98.0,0.0,0.0,83.6,25
2023-08-23,mansar,Mansar Mine,Wednesday,8,722,398,324,44.88,High,weather_stoppage,33.4,46.3,29.2,0.504,2.5,0.5,0.7,1.3,98.0,0.0,4.0,93.4,15
2023-08-24,mansar,Mansar Mine,Thursday,8,725,611,114,15.72,Medium,equipment_downtime,3.2,36.3,31.1,0.454,5.5,0.7,0.5,4.3,97.3,0.0,0.0,89.6,24
2023-08-25,mansar,Mansar Mine,Friday,8,710,611,99,13.94,Medium,equipment_downtime,4.4,40.2,30.6,0.485,3.8,0.7,0.3,2.8,98.0,0.0,0.0,99.0,23
2023-08-26,mansar,Mansar Mine,Saturday,8,755,685,70,9.27,Medium,equipment_downtime,0.1,37.0,29.7,0.511,3.0,0.4,1.1,1.5,98.0,0.0,0.0,89.9,24
2023-08-27,mansar,Mansar Mine,Sunday,8,718,601,117,16.3,Medium,equipment_downtime,0.2,34.7,30.3,0.491,5.4,0.2,1.4,3.8,97.4,0.0,0.0,91.5,23
2023-08-28,mansar,Mansar Mine,Monday,8,735,192,543,73.88,High,weather_stoppage,45.8,50.8,23.4,0.506,7.3,4.0,0.4,2.9,96.4,0.0,6.2,87.9,6
2023-08-29,mansar,Mansar Mine,Tuesday,8,727,380,347,47.73,High,weather_stoppage,30.8,46.7,28.7,0.468,5.2,0.2,1.3,3.7,97.5,0.0,3.6,97.4,16
2023-08-30,mansar,Mansar Mine,Wednesday,8,708,114,594,83.9,High,weather_stoppage,62.6,55.8,25.4,0.457,9.8,6.1,0.9,2.8,95.2,0.0,8.5,94.1,5
2023-08-31,mansar,Mansar Mine,Thursday,8,731,682,49,6.7,Medium,equipment_downtime,3.5,36.4,29.6,0.593,3.4,0.4,1.0,2.0,98.0,0.0,0.0,98.2,30
2023-09-01,mansar,Mansar Mine,Friday,9,710,606,104,14.65,Medium,equipment_downtime,2.6,38.9,28.6,0.495,7.5,5.2,0.5,1.8,96.3,0.0,0.0,91.5,27
2023-09-02,mansar,Mansar Mine,Saturday,9,746,576,170,22.79,High,equipment_downtime,0.9,36.7,30.9,0.549,8.9,0.9,6.0,2.0,95.7,2.4,0.0,89.9,23
2023-09-03,mansar,Mansar Mine,Sunday,9,720,226,494,68.61,High,weather_stoppage,38.0,46.7,25.8,0.446,11.6,6.5,1.3,3.8,94.3,0.0,4.4,91.7,11
2023-09-04,mansar,Mansar Mine,Monday,9,731,114,617,84.4,High,weather_stoppage,62.4,56.1,21.8,0.549,11.1,5.8,1.0,4.3,94.6,0.0,7.6,93.6,5
2023-09-05,mansar,Mansar Mine,Tuesday,9,696,662,34,4.89,Low,equipment_downtime,2.4,37.7,29.3,0.464,3.4,0.4,0.8,2.2,98.0,0.0,0.0,93.4,28
2023-09-06,mansar,Mansar Mine,Wednesday,9,709,652,57,8.04,Medium,equipment_downtime,1.1,41.7,29.7,0.536,3.6,0.7,1.9,1.0,98.0,0.0,0.0,99.0,27
2023-09-07,mansar,Mansar Mine,Thursday,9,701,396,305,43.51,High,weather_stoppage,28.8,47.7,24.5,0.554,4.4,1.0,1.5,1.9,97.9,0.0,2.8,90.2,15
2023-09-08,mansar,Mansar Mine,Friday,9,717,437,280,39.05,High,weather_stoppage,26.7,46.5,24.2,0.587,4.0,0.6,1.7,1.7,98.0,0.7,1.8,85.6,15
2023-09-09,mansar,Mansar Mine,Saturday,9,700,371,329,47.0,High,equipment_downtime,25.4,40.9,28.5,0.58,12.4,1.3,7.8,3.3,94.0,2.4,2.1,90.6,13
2023-09-10,mansar,Mansar Mine,Sunday,9,713,239,474,66.48,High,weather_stoppage,41.8,50.2,22.4,0.548,6.9,3.8,1.1,2.0,96.6,0.3,5.2,90.5,8
2023-09-11,mansar,Mansar Mine,Monday,9,697,434,263,37.73,High,equipment_downtime,2.7,39.6,27.6,0.549,15.7,8.8,0.9,6.0,92.3,0.0,0.0,96.9,21
2023-09-12,mansar,Mansar Mine,Tuesday,9,709,431,278,39.21,High,weather_stoppage,25.5,41.3,24.1,0.647,6.9,0.3,2.9,3.7,96.6,0.0,3.4,95.3,17
2023-09-13,mansar,Mansar Mine,Wednesday,9,677,553,124,18.32,High,equipment_downtime,2.8,40.9,29.2,0.508,5.9,0.5,1.5,3.9,97.1,0.0,0.0,92.5,18
2023-09-14,mansar,Mansar Mine,Thursday,9,726,114,612,84.3,High,weather_stoppage,63.2,55.8,22.8,0.55,10.8,4.8,1.8,4.2,94.7,0.0,8.1,92.1,5
2023-09-15,mansar,Mansar Mine,Friday,9,728,588,140,19.23,High,equipment_downtime,3.7,37.9,28.0,0.614,5.7,0.8,1.1,3.8,97.2,0.0,0.0,86.4,23
2023-09-16,mansar,Mansar Mine,Saturday,9,713,614,99,13.88,Medium,equipment_downtime,4.7,39.5,25.7,0.63,5.3,0.7,0.8,3.8,97.4,0.0,0.0,88.7,24
2023-09-17,mansar,Mansar Mine,Sunday,9,683,575,108,15.81,Medium,equipment_downtime,3.5,35.9,28.8,0.62,5.8,1.0,1.2,3.6,97.2,0.0,0.0,89.4,28
2023-09-18,mansar,Mansar Mine,Monday,9,707,662,45,6.36,Medium,equipment_downtime,1.4,37.8,26.0,0.619,2.5,1.1,0.2,1.2,98.0,0.0,0.0,98.3,27
2023-09-19,mansar,Mansar Mine,Tuesday,9,692,578,114,16.47,Medium,labor_attendance,1.7,38.3,31.7,0.605,3.1,0.3,1.0,1.8,98.0,0.0,0.0,85.4,22
2023-09-20,mansar,Mansar Mine,Wednesday,9,710,685,25,3.52,Low,equipment_downtime,10.0,38.2,27.1,0.577,3.7,0.4,0.9,2.4,98.0,0.0,0.0,94.8,26
2023-09-21,mansar,Mansar Mine,Thursday,9,730,430,300,41.1,High,equipment_downtime,19.2,38.1,26.0,0.609,18.3,7.3,1.4,9.6,91.1,0.0,0.0,93.2,16
2023-09-22,mansar,Mansar Mine,Friday,9,697,660,37,5.31,Low,equipment_downtime,3.2,34.2,28.5,0.606,2.6,1.3,0.2,1.1,98.0,0.0,0.0,97.6,27
2023-09-23,mansar,Mansar Mine,Saturday,9,705,247,458,64.96,High,weather_stoppage,43.0,45.4,20.1,0.631,8.5,4.7,1.8,2.0,95.9,0.0,4.9,92.0,11
2023-09-24,mansar,Mansar Mine,Sunday,9,725,114,611,84.28,High,weather_stoppage,86.6,58.0,16.0,0.64,10.5,6.2,0.8,3.5,94.9,6.0,11.2,91.0,5
2023-09-25,mansar,Mansar Mine,Monday,9,706,580,126,17.85,Medium,equipment_downtime,2.5,35.0,27.5,0.63,7.9,0.3,6.2,1.4,96.2,0.0,0.0,93.5,23
2023-09-26,mansar,Mansar Mine,Tuesday,9,699,566,133,19.03,High,equipment_downtime,3.1,37.9,26.1,0.602,8.1,1.1,4.8,2.2,96.1,0.0,0.0,89.4,27
2023-09-27,mansar,Mansar Mine,Wednesday,9,715,670,45,6.29,Medium,equipment_downtime,4.9,34.7,27.3,0.606,4.1,1.4,1.6,1.1,98.0,0.0,0.0,87.0,27
2023-09-28,mansar,Mansar Mine,Thursday,9,702,626,76,10.83,Medium,equipment_downtime,12.2,34.4,24.8,0.528,5.2,1.2,1.0,3.0,97.5,0.2,0.0,93.9,22
2023-09-29,mansar,Mansar Mine,Friday,9,693,328,365,52.67,High,weather_stoppage,33.6,46.7,24.0,0.604,6.2,0.3,1.7,4.2,97.0,0.0,4.1,99.0,14
2023-09-30,mansar,Mansar Mine,Saturday,9,695,404,291,41.87,High,equipment_downtime,1.1,38.8,30.6,0.671,14.7,2.7,0.4,11.6,92.8,0.0,0.0,88.5,17
2023-10-01,mansar,Mansar Mine,Sunday,10,707,608,99,14.0,Medium,equipment_downtime,0.0,28.9,25.4,0.712,5.0,0.3,1.8,2.9,97.6,0.0,0.0,93.5,23
2023-10-02,mansar,Mansar Mine,Monday,10,733,596,137,18.69,High,equipment_downtime,0.0,37.3,27.2,0.579,6.6,0.7,0.6,5.3,96.8,0.0,0.0,90.8,22
2023-10-03,mansar,Mansar Mine,Tuesday,10,685,570,115,16.79,Medium,equipment_downtime,0.0,30.0,25.0,0.606,3.9,0.9,1.6,1.4,98.0,0.0,0.0,94.6,24
2023-10-04,mansar,Mansar Mine,Wednesday,10,707,596,111,15.7,Medium,equipment_downtime,0.0,30.9,27.4,0.615,3.6,0.6,1.8,1.2,98.0,0.0,0.0,87.3,25
2023-10-05,mansar,Mansar Mine,Thursday,10,690,359,331,47.97,High,equipment_downtime,0.0,31.9,28.9,0.596,25.9,18.5,1.4,6.0,87.4,0.0,0.0,93.9,15
2023-10-06,mansar,Mansar Mine,Friday,10,706,519,187,26.49,High,equipment_downtime,0.0,27.8,26.1,0.642,10.3,0.8,5.1,4.4,95.0,1.6,0.0,89.7,20
2023-10-07,mansar,Mansar Mine,Saturday,10,721,567,154,21.36,High,equipment_downtime,0.0,29.9,27.8,0.535,4.9,1.1,0.9,2.9,97.6,0.0,0.0,85.4,22
2023-10-08,mansar,Mansar Mine,Sunday,10,724,644,80,11.05,Medium,labor_attendance,0.0,33.0,27.4,0.674,2.7,0.3,1.4,1.0,98.0,0.0,0.0,86.0,29
2023-10-09,mansar,Mansar Mine,Monday,10,682,618,64,9.38,Medium,equipment_downtime,0.0,27.9,23.1,0.619,6.0,0.7,1.8,3.5,97.1,0.0,0.0,95.6,24
2023-10-10,mansar,Mansar Mine,Tuesday,10,685,660,25,3.65,Low,equipment_downtime,0.0,30.0,25.4,0.711,5.9,0.5,1.7,3.7,97.1,0.0,0.0,92.9,27
2023-10-11,mansar,Mansar Mine,Wednesday,10,696,695,1,0.14,Low,nominal_operations,0.0,28.6,23.5,0.676,2.8,0.4,0.3,2.1,98.0,0.0,0.0,89.5,26
2023-10-12,mansar,Mansar Mine,Thursday,10,690,618,72,10.43,Medium,equipment_downtime,0.0,34.4,26.6,0.737,4.5,0.7,0.7,3.1,97.8,0.0,0.0,96.9,24
2023-10-13,mansar,Mansar Mine,Friday,10,678,605,73,10.77,Medium,equipment_downtime,0.0,35.8,23.9,0.619,4.5,0.8,0.3,3.4,97.8,0.0,0.0,97.8,22
2023-10-14,mansar,Mansar Mine,Saturday,10,706,551,155,21.95,High,equipment_downtime,0.0,31.5,24.5,0.643,10.9,0.8,6.5,3.6,94.7,0.0,0.0,96.7,21
2023-10-15,mansar,Mansar Mine,Sunday,10,678,176,502,74.04,High,equipment_downtime,0.0,30.8,22.8,0.631,35.6,31.8,0.7,3.1,82.7,0.0,0.0,91.6,6
2023-10-16,mansar,Mansar Mine,Monday,10,655,536,119,18.17,High,equipment_downtime,1.6,32.0,23.4,0.594,4.3,0.9,0.9,2.5,97.9,0.0,0.0,94.0,16
2023-10-17,mansar,Mansar Mine,Tuesday,10,706,631,75,10.62,Medium,equipment_downtime,0.0,28.6,20.9,0.7,4.6,1.3,0.5,2.8,97.8,0.0,0.0,95.6,24
2023-10-18,mansar,Mansar Mine,Wednesday,10,706,590,116,16.43,Medium,equipment_downtime,0.0,29.1,23.9,0.645,4.1,0.4,0.7,3.0,98.0,0.0,0.0,86.4,24
2023-10-19,mansar,Mansar Mine,Thursday,10,686,602,84,12.24,Medium,equipment_downtime,0.0,27.0,26.1,0.616,2.4,0.5,0.8,1.1,98.0,0.0,0.0,89.8,27
2023-10-20,mansar,Mansar Mine,Friday,10,690,602,88,12.75,Medium,equipment_downtime,0.0,25.2,26.3,0.639,4.7,0.5,0.9,3.3,97.7,0.0,0.0,90.7,27
2023-10-21,mansar,Mansar Mine,Saturday,10,719,695,24,3.34,Low,equipment_downtime,0.0,23.0,23.0,0.613,2.6,0.6,0.6,1.4,98.0,0.0,0.0,96.8,28
2023-10-22,mansar,Mansar Mine,Sunday,10,678,526,152,22.42,High,equipment_downtime,0.0,28.8,21.2,0.594,7.5,1.4,1.7,4.4,96.3,0.8,0.0,92.3,25
2023-10-23,mansar,Mansar Mine,Monday,10,696,607,89,12.79,Medium,equipment_downtime,0.0,25.5,27.1,0.654,4.3,1.4,1.9,1.0,97.9,0.0,0.0,93.4,24
2023-10-24,mansar,Mansar Mine,Tuesday,10,701,636,65,9.27,Medium,equipment_downtime,0.0,18.7,24.6,0.669,5.6,1.4,0.7,3.5,97.3,0.0,0.0,91.4,27
2023-10-25,mansar,Mansar Mine,Wednesday,10,707,597,110,15.56,Medium,blasting_delays,0.0,23.0,24.6,0.703,5.9,0.5,1.6,3.8,97.1,4.4,0.0,91.5,23
2023-10-26,mansar,Mansar Mine,Thursday,10,697,330,367,52.65,High,equipment_downtime,0.0,28.2,22.3,0.627,24.3,11.1,0.3,12.9,88.2,0.0,0.0,89.0,11
2023-10-27,mansar,Mansar Mine,Friday,10,687,513,174,25.33,High,equipment_downtime,0.0,25.2,22.1,0.613,6.0,1.3,1.2,3.5,97.1,2.6,0.0,96.4,20
2023-10-28,mansar,Mansar Mine,Saturday,10,704,586,118,16.76,Medium,equipment_downtime,0.0,25.8,21.9,0.644,6.6,1.0,2.8,2.8,96.8,1.8,0.0,92.2,23
2023-10-29,mansar,Mansar Mine,Sunday,10,706,673,33,4.67,Low,equipment_downtime,0.0,24.3,23.9,0.671,5.7,1.0,1.1,3.6,97.2,0.0,0.0,91.6,27
2023-10-30,mansar,Mansar Mine,Monday,10,684,631,53,7.75,Medium,equipment_downtime,0.0,24.8,21.4,0.602,3.2,1.1,1.1,1.0,98.0,0.0,0.0,96.2,23
2023-10-31,mansar,Mansar Mine,Tuesday,10,703,623,80,11.38,Medium,equipment_downtime,0.0,28.1,24.4,0.653,5.4,1.5,0.5,3.4,97.4,0.0,0.0,96.0,24
2023-11-01,mansar,Mansar Mine,Wednesday,11,707,611,96,13.58,Medium,equipment_downtime,22.5,28.2,18.7,0.659,4.4,0.6,1.4,2.4,97.9,0.0,0.0,97.6,22
2023-11-02,mansar,Mansar Mine,Thursday,11,703,630,73,10.38,Medium,equipment_downtime,0.7,26.7,21.8,0.602,6.6,0.5,1.7,4.4,96.8,0.3,0.0,95.9,30
2023-11-03,mansar,Mansar Mine,Friday,11,706,631,75,10.62,Medium,equipment_downtime,0.0,16.5,22.8,0.736,6.1,1.5,1.2,3.4,97.0,0.0,0.0,93.8,24
2023-11-04,mansar,Mansar Mine,Saturday,11,702,512,190,27.07,High,blasting_delays,0.0,22.5,21.9,0.674,5.2,1.3,1.3,2.6,97.5,3.2,0.0,87.9,22
2023-11-05,mansar,Mansar Mine,Sunday,11,696,598,98,14.08,Medium,equipment_downtime,0.0,19.9,23.5,0.626,4.8,0.7,0.3,3.8,97.7,0.0,0.0,92.7,22
2023-11-06,mansar,Mansar Mine,Monday,11,692,307,385,55.64,High,equipment_downtime,0.0,18.6,21.8,0.587,26.6,8.4,1.2,17.0,87.0,0.0,0.0,96.7,9
2023-11-07,mansar,Mansar Mine,Tuesday,11,716,455,261,36.45,High,blasting_delays,0.0,18.6,23.1,0.624,7.5,1.5,0.6,5.4,96.3,6.0,0.0,90.8,19
2023-11-08,mansar,Mansar Mine,Wednesday,11,708,570,138,19.49,High,equipment_downtime,0.0,23.0,19.9,0.739,5.9,0.6,1.7,3.6,97.1,0.0,0.0,88.9,26
2023-11-09,mansar,Mansar Mine,Thursday,11,689,591,98,14.22,Medium,equipment_downtime,0.0,21.9,23.1,0.58,4.9,0.8,0.9,3.2,97.6,0.0,0.0,87.8,22
2023-11-10,mansar,Mansar Mine,Friday,11,701,623,78,11.13,Medium,equipment_downtime,0.0,19.5,21.6,0.639,6.0,0.7,1.9,3.4,97.1,0.0,0.0,95.4,24
2023-11-11,mansar,Mansar Mine,Saturday,11,705,605,100,14.18,Medium,equipment_downtime,0.0,16.8,23.6,0.615,5.3,1.2,0.4,3.7,97.4,0.0,0.0,95.9,25
2023-11-12,mansar,Mansar Mine,Sunday,11,730,556,174,23.84,High,equipment_downtime,0.0,19.2,22.2,0.596,6.6,0.9,3.0,2.7,96.8,1.5,0.0,89.6,20
2023-11-13,mansar,Mansar Mine,Monday,11,717,637,80,11.16,Medium,equipment_downtime,0.0,18.8,23.0,0.569,5.1,0.6,0.9,3.6,97.5,0.0,0.0,95.0,27
2023-11-14,mansar,Mansar Mine,Tuesday,11,723,672,51,7.05,Medium,equipment_downtime,0.0,18.1,21.8,0.66,3.0,0.7,1.0,1.3,98.0,0.0,0.0,90.1,27
2023-11-15,mansar,Mansar Mine,Wednesday,11,731,623,108,14.77,Medium,equipment_downtime,0.0,14.7,23.8,0.645,5.2,0.7,0.5,4.0,97.5,0.0,0.0,89.7,28
2023-11-16,mansar,Mansar Mine,Thursday,11,701,530,171,24.39,High,equipment_downtime,0.0,24.6,22.1,0.664,7.5,4.6,0.4,2.5,96.3,0.0,0.0,88.2,24
2023-11-17,mansar,Mansar Mine,Friday,11,665,556,109,16.39,Medium,equipment_downtime,0.0,16.7,21.7,0.579,4.8,0.8,1.2,2.8,97.7,0.1,0.0,98.8,20
2023-11-18,mansar,Mansar Mine,Saturday,11,714,558,156,21.85,High,equipment_downtime,8.6,18.7,17.9,0.577,10.0,0.8,7.2,2.0,95.1,0.0,0.0,91.0,24
2023-11-19,mansar,Mansar Mine,Sunday,11,729,654,75,10.29,Medium,equipment_downtime,0.0,11.2,21.8,0.698,4.7,1.0,1.4,2.3,97.7,0.5,0.0,92.7,28
2023-11-20,mansar,Mansar Mine,Monday,11,686,620,66,9.62,Medium,equipment_downtime,0.0,16.3,21.8,0.633,5.1,0.8,1.4,2.9,97.5,0.0,0.0,99.0,28
2023-11-21,mansar,Mansar Mine,Tuesday,11,714,478,236,33.05,High,equipment_downtime,0.5,15.0,25.4,0.605,10.4,6.8,1.3,2.3,94.9,0.0,0.0,86.6,22
2023-11-22,mansar,Mansar Mine,Wednesday,11,697,522,175,25.11,High,equipment_downtime,0.0,18.8,22.1,0.599,9.1,2.5,1.9,4.7,95.6,1.5,0.0,89.9,22
2023-11-23,mansar,Mansar Mine,Thursday,11,681,651,30,4.41,Low,equipment_downtime,14.4,17.5,23.4,0.536,4.4,1.4,0.5,2.5,97.9,0.0,0.0,96.5,24
2023-11-24,mansar,Mansar Mine,Friday,11,705,607,98,13.9,Medium,equipment_downtime,0.0,14.6,20.5,0.619,5.6,1.1,1.9,2.6,97.3,0.1,0.0,89.6,22
2023-11-25,mansar,Mansar Mine,Saturday,11,701,597,104,14.84,Medium,equipment_downtime,0.0,20.0,25.0,0.584,5.1,0.5,0.6,4.0,97.5,0.0,0.0,95.2,22
2023-11-26,mansar,Mansar Mine,Sunday,11,697,631,66,9.47,Medium,equipment_downtime,0.0,14.4,25.5,0.631,3.4,0.6,1.0,1.8,98.0,0.0,0.0,91.2,28
2023-11-27,mansar,Mansar Mine,Monday,11,685,383,302,44.09,High,equipment_downtime,0.0,16.8,21.8,0.54,22.1,11.9,5.6,4.6,89.2,0.0,0.0,88.7,15
2023-11-28,mansar,Mansar Mine,Tuesday,11,702,487,215,30.63,High,equipment_downtime,0.0,17.8,21.9,0.647,14.0,0.6,9.6,3.8,93.2,0.0,0.0,97.8,18
2023-11-29,mansar,Mansar Mine,Wednesday,11,683,594,89,13.03,Medium,equipment_downtime,0.0,15.8,23.0,0.577,6.7,1.5,1.6,3.6,96.7,0.0,0.0,90.7,26
2023-11-30,mansar,Mansar Mine,Thursday,11,726,619,107,14.74,Medium,equipment_downtime,3.2,18.3,21.1,0.535,3.9,1.2,1.1,1.6,98.0,0.0,0.0,94.5,27
2023-12-01,mansar,Mansar Mine,Friday,12,733,654,79,10.78,Medium,equipment_downtime,0.0,14.4,22.9,0.687,5.0,0.8,0.3,3.9,97.6,0.0,0.0,91.1,23
2023-12-02,mansar,Mansar Mine,Saturday,12,715,635,80,11.19,Medium,equipment_downtime,0.0,17.2,24.9,0.556,5.9,1.3,0.3,4.3,97.1,0.0,0.0,89.5,27
2023-12-03,mansar,Mansar Mine,Sunday,12,719,393,326,45.34,High,equipment_downtime,0.0,17.2,18.6,0.561,24.9,2.3,1.7,20.9,87.9,0.0,0.0,90.7,14
2023-12-04,mansar,Mansar Mine,Monday,12,749,762,0,0.0,Low,nominal_operations,0.0,20.2,19.8,0.535,4.1,1.2,0.4,2.5,98.0,0.0,0.0,92.6,32
2023-12-05,mansar,Mansar Mine,Tuesday,12,736,684,52,7.07,Medium,equipment_downtime,0.0,19.0,23.4,0.551,4.5,0.7,1.6,2.2,97.8,0.0,0.0,98.8,26
2023-12-06,mansar,Mansar Mine,Wednesday,12,742,355,387,52.16,High,equipment_downtime,0.0,13.4,21.9,0.63,26.4,9.5,1.4,15.5,87.1,0.0,0.0,86.9,13
2023-12-07,mansar,Mansar Mine,Thursday,12,724,651,73,10.08,Medium,equipment_downtime,0.0,18.8,26.7,0.592,4.6,0.3,1.9,2.4,97.8,0.0,0.0,91.2,26
2023-12-08,mansar,Mansar Mine,Friday,12,724,471,253,34.94,High,equipment_downtime,0.0,15.6,22.1,0.58,16.6,5.6,0.3,10.7,91.9,0.0,0.0,96.1,18
2023-12-09,mansar,Mansar Mine,Saturday,12,722,659,63,8.73,Medium,equipment_downtime,0.0,17.0,22.5,0.592,4.1,1.1,1.1,1.9,98.0,0.0,0.0,88.8,29
2023-12-10,mansar,Mansar Mine,Sunday,12,745,693,52,6.98,Medium,equipment_downtime,0.0,15.6,22.9,0.586,2.8,0.5,0.4,1.9,98.0,0.0,0.0,96.8,27
2023-12-11,mansar,Mansar Mine,Monday,12,739,644,95,12.86,Medium,equipment_downtime,0.0,16.6,23.7,0.521,4.8,0.7,1.4,2.7,97.7,0.0,0.0,86.4,29
2023-12-12,mansar,Mansar Mine,Tuesday,12,751,629,122,16.25,Medium,equipment_downtime,0.0,15.4,24.2,0.557,4.4,0.9,1.6,1.9,97.9,0.0,0.0,95.2,25
2023-12-13,mansar,Mansar Mine,Wednesday,12,702,612,90,12.82,Medium,equipment_downtime,0.0,13.4,21.7,0.572,5.3,1.4,1.8,2.1,97.4,0.0,0.0,96.3,23
2023-12-14,mansar,Mansar Mine,Thursday,12,718,688,30,4.18,Low,equipment_downtime,0.0,18.4,24.3,0.498,3.2,1.5,0.3,1.4,98.0,0.0,0.0,93.3,25
2023-12-15,mansar,Mansar Mine,Friday,12,702,656,46,6.55,Medium,equipment_downtime,5.4,20.1,20.4,0.541,3.5,1.0,1.1,1.4,98.0,0.0,0.0,92.6,26
2023-12-16,mansar,Mansar Mine,Saturday,12,730,626,104,14.25,Medium,equipment_downtime,0.0,13.2,25.6,0.554,6.2,1.3,0.7,4.2,97.0,0.0,0.0,98.4,28
2023-12-17,mansar,Mansar Mine,Sunday,12,728,560,168,23.08,High,equipment_downtime,0.0,16.1,24.9,0.615,10.3,1.3,5.0,4.0,95.0,0.8,0.0,90.1,19
2023-12-18,mansar,Mansar Mine,Monday,12,715,490,225,31.47,High,equipment_downtime,0.0,18.1,21.7,0.605,14.3,3.1,5.0,6.2,93.0,0.0,0.0,94.9,18
2023-12-19,mansar,Mansar Mine,Tuesday,12,733,651,82,11.19,Medium,equipment_downtime,0.0,18.4,20.5,0.526,6.9,0.9,1.9,4.1,96.6,0.0,0.0,98.4,27
2023-12-20,mansar,Mansar Mine,Wednesday,12,735,618,117,15.92,Medium,equipment_downtime,3.3,13.8,24.0,0.557,5.9,1.0,1.6,3.3,97.1,0.0,0.0,96.3,21
2023-12-21,mansar,Mansar Mine,Thursday,12,734,666,68,9.26,Medium,equipment_downtime,0.0,12.4,24.9,0.562,4.3,0.8,1.0,2.5,97.9,0.0,0.0,89.7,28
2023-12-22,mansar,Mansar Mine,Friday,12,731,657,74,10.12,Medium,equipment_downtime,0.0,15.4,23.5,0.577,4.1,0.7,1.5,1.9,98.0,0.0,0.0,92.1,27
2023-12-23,mansar,Mansar Mine,Saturday,12,733,686,47,6.41,Medium,equipment_downtime,0.0,13.1,22.4,0.592,3.9,0.7,0.8,2.4,98.0,0.0,0.0,93.5,26
2023-12-24,mansar,Mansar Mine,Sunday,12,735,580,155,21.09,High,blasting_delays,0.0,15.6,23.0,0.545,4.7,1.0,1.7,2.0,97.7,3.9,0.0,92.4,19
2023-12-25,mansar,Mansar Mine,Monday,12,743,682,61,8.21,Medium,equipment_downtime,0.0,10.2,24.2,0.511,5.5,0.5,1.6,3.4,97.3,0.0,0.0,94.5,26
2023-12-26,mansar,Mansar Mine,Tuesday,12,748,658,90,12.03,Medium,equipment_downtime,0.0,10.9,20.8,0.526,3.5,1.2,1.1,1.2,98.0,0.0,0.0,91.3,26
2023-12-27,mansar,Mansar Mine,Wednesday,12,736,685,51,6.93,Medium,equipment_downtime,0.0,18.2,25.2,0.579,5.5,0.3,1.5,3.7,97.3,0.0,0.0,90.3,27
2023-12-28,mansar,Mansar Mine,Thursday,12,722,697,25,3.46,Low,equipment_downtime,0.0,19.1,24.0,0.569,3.2,0.8,1.1,1.3,98.0,0.0,0.0,88.9,30
2023-12-29,mansar,Mansar Mine,Friday,12,736,555,181,24.59,High,blasting_delays,0.0,9.5,25.4,0.471,6.7,0.6,0.3,5.8,96.7,4.4,0.0,94.9,19
2023-12-30,mansar,Mansar Mine,Saturday,12,710,640,70,9.86,Medium,equipment_downtime,0.0,17.3,23.1,0.515,2.5,0.4,0.4,1.7,98.0,0.0,0.0,94.5,26
2023-12-31,mansar,Mansar Mine,Sunday,12,718,682,36,5.01,Low,equipment_downtime,0.0,13.4,22.1,0.531,3.4,0.8,1.5,1.1,98.0,0.0,0.0,89.9,23
2024-01-01,mansar,Mansar Mine,Monday,1,756,622,134,17.72,Medium,equipment_downtime,5.8,17.6,21.2,0.519,5.6,1.2,2.7,1.7,97.3,0.0,0.0,89.8,26
2024-01-02,mansar,Mansar Mine,Tuesday,1,776,723,53,6.83,Medium,equipment_downtime,0.0,14.5,21.2,0.551,3.5,1.2,0.7,1.6,98.0,0.0,0.0,95.0,32
2024-01-03,mansar,Mansar Mine,Wednesday,1,758,683,75,9.89,Medium,equipment_downtime,0.0,17.8,23.2,0.471,4.9,0.4,1.1,3.4,97.6,0.0,0.0,87.4,26
2024-01-04,mansar,Mansar Mine,Thursday,1,758,719,39,5.15,Low,equipment_downtime,0.0,17.8,24.3,0.52,3.3,0.3,1.2,1.8,98.0,0.0,0.0,97.8,27
2024-01-05,mansar,Mansar Mine,Friday,1,765,639,126,16.47,Medium,equipment_downtime,0.0,12.9,25.0,0.509,5.8,1.3,1.1,3.4,97.2,0.0,0.0,86.1,27
2024-01-06,mansar,Mansar Mine,Saturday,1,723,651,72,9.96,Medium,equipment_downtime,0.0,14.7,23.7,0.443,8.0,0.9,4.0,3.1,96.1,0.0,0.0,98.7,27
2024-01-07,mansar,Mansar Mine,Sunday,1,749,650,99,13.22,Medium,equipment_downtime,0.0,12.0,27.5,0.485,6.0,0.5,1.8,3.7,97.1,0.0,0.0,89.7,27
2024-01-08,mansar,Mansar Mine,Monday,1,769,681,88,11.44,Medium,equipment_downtime,0.0,12.6,24.1,0.518,6.4,1.2,1.8,3.4,96.9,2.0,0.0,93.1,25
2024-01-09,mansar,Mansar Mine,Tuesday,1,767,677,90,11.73,Medium,equipment_downtime,0.0,13.9,24.9,0.487,4.7,0.6,1.0,3.1,97.7,0.0,0.0,88.2,26
2024-01-10,mansar,Mansar Mine,Wednesday,1,740,668,72,9.73,Medium,equipment_downtime,0.0,13.7,24.5,0.497,5.9,0.8,1.5,3.6,97.1,0.0,0.0,92.7,24
2024-01-11,mansar,Mansar Mine,Thursday,1,748,679,69,9.22,Medium,equipment_downtime,0.0,16.7,23.8,0.419,5.7,1.1,0.6,4.0,97.2,0.0,0.0,91.9,28
2024-01-12,mansar,Mansar Mine,Friday,1,775,650,125,16.13,Medium,equipment_downtime,10.3,19.1,27.0,0.485,5.0,0.8,2.2,2.0,97.6,0.0,0.0,93.5,25
2024-01-13,mansar,Mansar Mine,Saturday,1,745,479,266,35.7,High,equipment_downtime,0.0,15.3,24.1,0.503,14.0,0.9,1.4,11.7,93.2,0.1,0.0,84.2,18
2024-01-14,mansar,Mansar Mine,Sunday,1,739,484,255,34.51,High,equipment_downtime,0.0,21.3,22.9,0.554,16.5,8.7,3.1,4.7,92.0,0.0,0.0,96.1,21
2024-01-15,mansar,Mansar Mine,Monday,1,732,585,147,20.08,High,equipment_downtime,0.0,18.8,24.2,0.548,10.0,0.7,5.0,4.3,95.1,0.0,0.0,97.4,23
2024-01-16,mansar,Mansar Mine,Tuesday,1,743,223,520,69.99,High,equipment_downtime,0.0,17.7,22.7,0.497,35.0,2.8,1.2,31.0,82.9,0.0,0.0,92.4,10
2024-01-17,mansar,Mansar Mine,Wednesday,1,766,556,210,27.42,High,equipment_downtime,0.0,11.9,26.6,0.478,11.4,0.3,7.7,3.4,94.4,0.0,0.0,90.4,23
2024-01-18,mansar,Mansar Mine,Thursday,1,760,715,45,5.92,Low,equipment_downtime,0.0,14.5,26.4,0.411,5.0,0.4,0.3,4.3,97.6,0.0,0.0,93.9,30
2024-01-19,mansar,Mansar Mine,Friday,1,750,648,102,13.6,Medium,equipment_downtime,8.7,18.5,21.6,0.408,5.5,0.7,1.7,3.1,97.3,0.1,0.0,89.5,29
2024-01-20,mansar,Mansar Mine,Saturday,1,757,688,69,9.11,Medium,equipment_downtime,0.0,17.6,22.4,0.405,3.8,0.4,0.9,2.5,98.0,0.0,0.0,89.0,29
2024-01-21,mansar,Mansar Mine,Sunday,1,763,676,87,11.4,Medium,equipment_downtime,0.0,11.8,27.3,0.491,5.4,1.2,1.8,2.4,97.4,0.0,0.0,95.4,26
2024-01-22,mansar,Mansar Mine,Monday,1,763,693,70,9.17,Medium,equipment_downtime,0.0,16.1,26.3,0.456,4.1,1.2,1.2,1.7,98.0,0.0,0.0,92.1,26
2024-01-23,mansar,Mansar Mine,Tuesday,1,738,498,240,32.52,High,equipment_downtime,0.0,17.6,26.9,0.473,15.5,3.8,0.2,11.5,92.4,0.0,0.0,95.7,21
2024-01-24,mansar,Mansar Mine,Wednesday,1,815,713,102,12.52,Medium,equipment_downtime,0.0,17.1,29.9,0.412,4.0,0.2,1.9,1.9,98.0,0.0,0.0,98.6,29
2024-01-25,mansar,Mansar Mine,Thursday,1,775,674,101,13.03,Medium,equipment_downtime,0.0,12.7,24.6,0.41,4.8,1.3,1.0,2.5,97.7,0.0,0.0,94.1,27
2024-01-26,mansar,Mansar Mine,Friday,1,766,320,446,58.22,High,equipment_downtime,0.0,17.2,28.4,0.425,23.7,17.4,0.9,5.4,88.5,1.4,0.0,83.8,13
2024-01-27,mansar,Mansar Mine,Saturday,1,778,729,49,6.3,Medium,equipment_downtime,0.0,12.7,25.7,0.417,3.9,0.7,0.4,2.8,98.0,0.0,0.0,96.6,28
2024-01-28,mansar,Mansar Mine,Sunday,1,725,648,77,10.62,Medium,equipment_downtime,0.0,20.4,26.0,0.376,3.7,0.2,1.5,2.0,98.0,0.0,0.0,95.5,27
2024-01-29,mansar,Mansar Mine,Monday,1,764,692,72,9.42,Medium,equipment_downtime,0.0,17.2,28.2,0.357,3.5,0.6,0.8,2.1,98.0,0.0,0.0,94.1,29
2024-01-30,mansar,Mansar Mine,Tuesday,1,750,681,69,9.2,Medium,equipment_downtime,0.0,14.3,26.0,0.445,3.0,1.2,0.5,1.3,98.0,0.0,0.0,94.2,25
2024-01-31,mansar,Mansar Mine,Wednesday,1,769,715,54,7.02,Medium,equipment_downtime,0.0,15.2,28.4,0.457,4.8,1.2,1.5,2.1,97.7,0.0,0.0,94.6,30
2024-02-01,mansar,Mansar Mine,Thursday,2,783,688,95,12.13,Medium,equipment_downtime,0.0,17.6,29.5,0.428,5.7,1.4,1.3,3.0,97.2,0.0,0.0,88.4,28
2024-02-02,mansar,Mansar Mine,Friday,2,810,747,63,7.78,Medium,equipment_downtime,0.0,16.2,26.6,0.433,6.1,0.8,1.3,4.0,97.0,0.0,0.0,95.3,26
2024-02-03,mansar,Mansar Mine,Saturday,2,787,729,58,7.37,Medium,equipment_downtime,0.0,18.2,26.3,0.358,6.3,0.7,1.4,4.2,96.9,0.0,0.0,90.2,32
2024-02-04,mansar,Mansar Mine,Sunday,2,812,684,128,15.76,Medium,equipment_downtime,0.0,16.5,27.7,0.452,5.6,0.6,1.9,3.1,97.3,0.0,0.0,85.4,27
2024-02-05,mansar,Mansar Mine,Monday,2,782,726,56,7.16,Medium,equipment_downtime,0.0,14.6,28.2,0.439,4.0,0.5,1.6,1.9,98.0,0.0,0.0,91.4,32
2024-02-06,mansar,Mansar Mine,Tuesday,2,783,764,19,2.43,Low,nominal_operations,0.0,16.2,27.6,0.455,4.6,0.7,0.4,3.5,97.8,0.0,0.0,94.5,29
2024-02-07,mansar,Mansar Mine,Wednesday,2,787,749,38,4.83,Low,equipment_downtime,0.0,16.2,31.6,0.259,5.5,0.4,1.2,3.9,97.3,0.0,0.0,95.5,30
2024-02-08,mansar,Mansar Mine,Thursday,2,788,665,123,15.61,Medium,equipment_downtime,0.0,16.1,28.0,0.435,6.5,1.0,1.5,4.0,96.8,0.0,0.0,90.5,28
2024-02-09,mansar,Mansar Mine,Friday,2,812,768,44,5.42,Low,equipment_downtime,0.0,14.3,28.4,0.358,6.7,2.8,1.3,2.6,96.7,0.0,0.0,95.3,33
2024-02-10,mansar,Mansar Mine,Saturday,2,799,744,55,6.88,Medium,equipment_downtime,0.0,16.1,27.7,0.393,5.0,1.2,0.6,3.2,97.6,0.0,0.0,93.4,33
2024-02-11,mansar,Mansar Mine,Sunday,2,798,654,144,18.05,High,equipment_downtime,0.0,17.3,27.6,0.372,7.9,1.4,3.3,3.2,96.2,0.0,0.0,90.0,27
2024-02-12,mansar,Mansar Mine,Monday,2,803,774,29,3.61,Low,equipment_downtime,0.0,19.4,28.6,0.371,4.4,1.1,1.1,2.2,97.9,0.0,0.0,95.6,30
2024-02-13,mansar,Mansar Mine,Tuesday,2,798,744,54,6.77,Medium,equipment_downtime,0.0,10.5,31.6,0.344,4.7,0.4,2.0,2.3,97.7,0.0,0.0,90.6,29
2024-02-14,mansar,Mansar Mine,Wednesday,2,796,711,85,10.68,Medium,equipment_downtime,0.0,16.9,26.5,0.37,5.4,1.3,1.5,2.6,97.4,1.4,0.0,98.5,28
2024-02-15,mansar,Mansar Mine,Thursday,2,764,577,187,24.48,High,equipment_downtime,0.0,18.6,30.3,0.349,6.1,1.4,1.7,3.0,97.0,0.0,0.0,85.9,22
2024-02-16,mansar,Mansar Mine,Friday,2,781,797,0,0.0,Low,nominal_operations,0.0,13.1,27.9,0.357,4.4,0.4,0.2,3.8,97.9,0.0,0.0,94.2,32
2024-02-17,mansar,Mansar Mine,Saturday,2,783,645,138,17.62,Medium,blasting_delays,0.0,16.8,29.3,0.408,4.3,0.8,0.9,2.6,97.9,4.9,0.0,94.6,26
2024-02-18,mansar,Mansar Mine,Sunday,2,783,691,92,11.75,Medium,equipment_downtime,0.0,19.1,29.9,0.369,6.7,0.9,3.4,2.4,96.7,0.0,0.0,98.0,27
2024-02-19,mansar,Mansar Mine,Monday,2,779,717,62,7.96,Medium,equipment_downtime,0.0,19.4,26.8,0.372,6.6,1.1,1.4,4.1,96.8,0.0,0.0,91.4,26
2024-02-20,mansar,Mansar Mine,Tuesday,2,785,691,94,11.97,Medium,equipment_downtime,0.0,18.8,30.6,0.418,5.7,0.8,1.7,3.2,97.2,0.0,0.0,99.0,25
2024-02-21,mansar,Mansar Mine,Wednesday,2,790,625,165,20.89,High,equipment_downtime,0.0,16.5,28.8,0.312,11.3,5.2,0.7,5.4,94.5,0.0,0.0,97.3,28
2024-02-22,mansar,Mansar Mine,Thursday,2,772,691,81,10.49,Medium,equipment_downtime,0.0,13.5,29.2,0.343,4.2,1.4,1.8,1.0,98.0,0.0,0.0,95.3,25
2024-02-23,mansar,Mansar Mine,Friday,2,787,597,190,24.14,High,equipment_downtime,0.0,14.1,29.8,0.376,11.6,0.3,7.7,3.6,94.3,0.0,0.0,86.1,25
2024-02-24,mansar,Mansar Mine,Saturday,2,776,695,81,10.44,Medium,equipment_downtime,0.0,18.1,31.8,0.313,3.6,1.3,1.1,1.2,98.0,0.0,0.0,97.0,26
2024-02-25,mansar,Mansar Mine,Sunday,2,761,538,223,29.3,High,equipment_downtime,0.0,13.8,30.6,0.351,15.3,4.7,1.3,9.3,92.5,0.0,0.0,96.1,24
2024-02-26,mansar,Mansar Mine,Monday,2,777,739,38,4.89,Low,equipment_downtime,0.0,18.6,28.4,0.305,2.9,0.9,0.7,1.3,98.0,0.0,0.0,90.7,27
2024-02-27,mansar,Mansar Mine,Tuesday,2,775,713,62,8.0,Medium,equipment_downtime,2.3,17.9,31.5,0.348,4.2,0.6,0.2,3.4,98.0,0.0,0.0,93.0,25
2024-02-28,mansar,Mansar Mine,Wednesday,2,810,727,83,10.25,Medium,equipment_downtime,0.0,16.1,32.3,0.276,4.3,0.9,0.6,2.8,97.9,0.0,0.0,92.0,29
2024-02-29,mansar,Mansar Mine,Thursday,2,799,713,86,10.76,Medium,equipment_downtime,0.0,19.0,31.7,0.269,5.1,1.4,1.7,2.0,97.5,0.0,0.0,92.1,31
2024-03-01,mansar,Mansar Mine,Friday,3,825,767,58,7.03,Medium,equipment_downtime,0.0,18.2,32.8,0.327,2.5,0.7,0.3,1.5,98.0,0.0,0.0,97.5,30
2024-03-02,mansar,Mansar Mine,Saturday,3,819,440,379,46.28,High,equipment_downtime,0.0,15.4,32.6,0.268,25.9,2.4,1.3,22.2,87.4,0.0,0.0,86.2,19
2024-03-03,mansar,Mansar Mine,Sunday,3,808,678,130,16.09,Medium,equipment_downtime,0.0,16.4,29.9,0.209,5.6,1.3,1.7,2.6,97.3,0.1,0.0,85.3,24
2024-03-04,mansar,Mansar Mine,Monday,3,835,748,87,10.42,Medium,equipment_downtime,0.0,17.8,32.3,0.369,4.0,0.5,0.7,2.8,98.0,0.0,0.0,90.3,28
2024-03-05,mansar,Mansar Mine,Tuesday,3,804,707,97,12.06,Medium,equipment_downtime,0.0,14.3,32.1,0.263,6.2,0.3,1.9,4.0,97.0,0.0,0.0,90.0,27
2024-03-06,mansar,Mansar Mine,Wednesday,3,808,623,185,22.9,High,equipment_downtime,0.0,19.0,30.1,0.259,6.5,0.7,1.7,4.1,96.8,0.0,0.0,87.9,26
2024-03-07,mansar,Mansar Mine,Thursday,3,832,745,87,10.46,Medium,equipment_downtime,0.0,15.5,32.0,0.295,5.8,0.9,1.1,3.8,97.2,0.0,0.0,90.8,32
2024-03-08,mansar,Mansar Mine,Friday,3,798,808,0,0.0,Low,nominal_operations,1.9,19.2,29.3,0.28,3.1,0.7,1.2,1.2,98.0,0.0,0.0,90.7,32
2024-03-09,mansar,Mansar Mine,Saturday,3,850,828,22,2.59,Low,equipment_downtime,0.0,15.7,31.0,0.203,6.4,1.3,1.7,3.4,96.9,0.0,0.0,92.0,33
2024-03-10,mansar,Mansar Mine,Sunday,3,811,755,56,6.91,Medium,equipment_downtime,0.0,16.0,34.8,0.255,5.3,0.9,1.7,2.7,97.4,0.0,0.0,95.8,32
2024-03-11,mansar,Mansar Mine,Monday,3,792,668,124,15.66,Medium,equipment_downtime,0.0,15.9,30.6,0.292,4.9,1.3,0.7,2.9,97.6,0.0,0.0,89.0,25
2024-03-12,mansar,Mansar Mine,Tuesday,3,810,734,76,9.38,Medium,equipment_downtime,0.0,18.9,31.5,0.309,2.5,0.7,0.2,1.6,98.0,0.0,0.0,93.9,29
2024-03-13,mansar,Mansar Mine,Wednesday,3,816,771,45,5.51,Low,equipment_downtime,0.0,18.3,33.4,0.344,5.0,1.2,1.0,2.8,97.6,0.0,0.0,99.0,34
2024-03-14,mansar,Mansar Mine,Thursday,3,817,784,33,4.04,Low,equipment_downtime,13.8,19.2,31.5,0.256,4.2,1.2,0.2,2.8,98.0,0.0,0.0,95.1,32
2024-03-15,mansar,Mansar Mine,Friday,3,822,774,48,5.84,Low,equipment_downtime,0.0,12.4,32.1,0.265,4.5,0.9,1.9,1.7,97.8,0.0,0.0,95.8,29
2024-03-16,mansar,Mansar Mine,Saturday,3,825,771,54,6.55,Medium,equipment_downtime,0.0,13.6,30.4,0.265,5.8,1.0,0.8,4.0,97.2,0.0,0.0,98.3,30
2024-03-17,mansar,Mansar Mine,Sunday,3,831,718,113,13.6,Medium,equipment_downtime,0.0,18.7,34.9,0.266,5.1,0.5,1.4,3.2,97.5,0.0,0.0,90.9,31
2024-03-18,mansar,Mansar Mine,Monday,3,816,691,125,15.32,Medium,equipment_downtime,0.0,14.9,32.5,0.187,4.8,0.6,0.2,4.0,97.7,0.0,0.0,86.9,27
2024-03-19,mansar,Mansar Mine,Tuesday,3,807,725,82,10.16,Medium,equipment_downtime,0.0,15.8,34.3,0.248,5.4,1.5,1.6,2.3,97.4,0.0,0.0,92.3,33
2024-03-20,mansar,Mansar Mine,Wednesday,3,824,766,58,7.04,Medium,equipment_downtime,0.0,14.8,34.4,0.321,2.7,0.3,0.9,1.5,98.0,0.0,0.0,91.9,31
2024-03-21,mansar,Mansar Mine,Thursday,3,822,705,117,14.23,Medium,equipment_downtime,0.0,16.3,31.8,0.232,5.9,1.1,0.4,4.4,97.1,0.0,0.0,88.3,28
2024-03-22,mansar,Mansar Mine,Friday,3,816,756,60,7.35,Medium,equipment_downtime,0.0,14.2,35.1,0.24,4.8,1.1,1.7,2.0,97.7,0.0,0.0,93.9,31
2024-03-23,mansar,Mansar Mine,Saturday,3,810,782,28,3.46,Low,equipment_downtime,12.6,21.5,33.5,0.235,4.0,0.7,0.6,2.7,98.0,0.0,0.0,94.5,32
2024-03-24,mansar,Mansar Mine,Sunday,3,794,670,124,15.62,Medium,equipment_downtime,0.0,13.6,38.2,0.186,4.3,1.0,1.7,1.6,97.9,0.0,0.0,88.9,29
2024-03-25,mansar,Mansar Mine,Monday,3,821,681,140,17.05,Medium,equipment_downtime,0.0,14.4,31.2,0.266,8.5,2.4,1.0,5.1,95.9,0.0,0.0,90.1,24
2024-03-26,mansar,Mansar Mine,Tuesday,3,830,701,129,15.54,Medium,equipment_downtime,0.0,17.0,34.3,0.241,7.0,1.2,1.4,4.4,96.6,0.0,0.0,92.6,30
2024-03-27,mansar,Mansar Mine,Wednesday,3,824,569,255,30.95,High,equipment_downtime,0.0,17.3,32.5,0.219,17.2,1.7,1.5,14.0,91.6,0.0,0.0,96.5,22
2024-03-28,mansar,Mansar Mine,Thursday,3,809,718,91,11.25,Medium,equipment_downtime,0.0,14.6,37.0,0.18,4.7,0.9,0.3,3.5,97.7,0.0,0.0,92.5,22
2024-03-29,mansar,Mansar Mine,Friday,3,824,731,93,11.29,Medium,equipment_downtime,6.3,17.2,34.1,0.308,8.4,1.2,3.4,3.8,95.9,0.0,0.0,96.4,30
2024-03-30,mansar,Mansar Mine,Saturday,3,836,751,85,10.17,Medium,equipment_downtime,0.0,23.6,35.2,0.235,3.9,0.8,1.6,1.5,98.0,0.0,0.0,88.6,32
2024-03-31,mansar,Mansar Mine,Sunday,3,789,709,80,10.14,Medium,equipment_downtime,0.0,16.9,35.3,0.23,7.1,2.3,0.7,4.1,96.5,0.0,0.0,95.7,25
2024-04-01,mansar,Mansar Mine,Monday,4,840,647,193,22.98,High,equipment_downtime,0.0,19.1,36.4,0.216,6.9,1.1,2.0,3.8,96.6,0.0,0.0,84.4,26
2024-04-02,mansar,Mansar Mine,Tuesday,4,814,704,110,13.51,Medium,equipment_downtime,0.0,14.2,36.1,0.242,4.7,0.9,1.1,2.7,97.7,0.0,0.0,91.4,28
2024-04-03,mansar,Mansar Mine,Wednesday,4,839,774,65,7.75,Medium,equipment_downtime,0.0,19.5,37.1,0.233,5.4,0.4,1.7,3.3,97.4,0.0,0.0,90.5,30
2024-04-04,mansar,Mansar Mine,Thursday,4,846,522,324,38.3,High,equipment_downtime,0.0,14.0,37.7,0.265,23.2,12.4,0.7,10.1,88.7,0.0,0.0,96.3,23
2024-04-05,mansar,Mansar Mine,Friday,4,803,698,105,13.08,Medium,equipment_downtime,1.0,14.0,37.0,0.18,6.0,1.5,2.0,2.5,97.1,0.0,0.0,89.7,31
2024-04-06,mansar,Mansar Mine,Saturday,4,831,686,145,17.45,Medium,equipment_downtime,0.0,16.9,35.0,0.239,5.3,0.2,1.7,3.4,97.4,0.0,0.0,88.0,25
2024-04-07,mansar,Mansar Mine,Sunday,4,810,713,97,11.98,Medium,equipment_downtime,0.0,13.3,37.5,0.18,6.2,1.3,1.9,3.0,97.0,0.0,0.0,89.9,29
2024-04-08,mansar,Mansar Mine,Monday,4,841,758,83,9.87,Medium,equipment_downtime,6.7,19.3,33.6,0.196,4.8,1.2,1.5,2.1,97.7,0.0,0.0,92.1,29
2024-04-09,mansar,Mansar Mine,Tuesday,4,831,750,81,9.75,Medium,equipment_downtime,0.0,16.3,36.0,0.18,4.8,0.4,0.4,4.0,97.7,0.0,0.0,89.0,28
2024-04-10,mansar,Mansar Mine,Wednesday,4,833,782,51,6.12,Medium,equipment_downtime,0.0,15.5,38.0,0.255,5.5,1.3,0.9,3.3,97.3,0.0,0.0,93.8,31
2024-04-11,mansar,Mansar Mine,Thursday,4,814,708,106,13.02,Medium,equipment_downtime,0.0,19.4,36.6,0.269,7.0,1.5,1.8,3.7,96.6,1.7,0.0,97.6,28
2024-04-12,mansar,Mansar Mine,Friday,4,842,814,28,3.33,Low,equipment_downtime,2.8,15.5,38.1,0.203,2.5,1.0,0.3,1.2,98.0,0.0,0.0,94.7,32
2024-04-13,mansar,Mansar Mine,Saturday,4,811,699,112,13.81,Medium,equipment_downtime,0.0,15.4,36.8,0.18,6.4,0.7,1.6,4.1,96.9,0.0,0.0,93.9,28
2024-04-14,mansar,Mansar Mine,Sunday,4,835,800,35,4.19,Low,equipment_downtime,1.9,15.1,39.7,0.24,5.5,0.6,1.7,3.2,97.3,0.0,0.0,92.4,32
2024-04-15,mansar,Mansar Mine,Monday,4,817,674,143,17.5,Medium,equipment_downtime,0.0,11.6,34.2,0.18,5.4,0.9,1.1,3.4,97.4,0.0,0.0,88.6,27
2024-04-16,mansar,Mansar Mine,Tuesday,4,858,815,43,5.01,Low,equipment_downtime,0.0,13.3,36.3,0.22,3.9,0.3,1.3,2.3,98.0,0.0,0.0,92.6,31
2024-04-17,mansar,Mansar Mine,Wednesday,4,822,737,85,10.34,Medium,equipment_downtime,14.4,20.6,32.3,0.247,7.1,1.4,2.2,3.5,96.5,0.0,0.0,88.9,30
2024-04-18,mansar,Mansar Mine,Thursday,4,794,732,62,7.81,Medium,equipment_downtime,0.0,17.4,37.8,0.27,4.1,1.1,1.2,1.8,98.0,0.6,0.0,99.0,33
2024-04-19,mansar,Mansar Mine,Friday,4,823,790,33,4.01,Low,equipment_downtime,0.0,16.7,36.3,0.295,4.5,1.3,0.4,2.8,97.8,0.0,0.0,91.2,34
2024-04-20,mansar,Mansar Mine,Saturday,4,802,754,48,5.99,Low,equipment_downtime,0.0,16.2,36.2,0.18,4.4,0.8,1.0,2.6,97.9,0.0,0.0,94.6,28
2024-04-21,mansar,Mansar Mine,Sunday,4,819,717,102,12.45,Medium,equipment_downtime,0.0,14.9,33.1,0.193,6.2,0.8,1.9,3.5,97.0,0.0,0.0,87.9,29
2024-04-22,mansar,Mansar Mine,Monday,4,827,741,86,10.4,Medium,equipment_downtime,0.0,17.9,38.3,0.241,5.1,1.2,1.1,2.8,97.5,0.0,0.0,92.8,30
2024-04-23,mansar,Mansar Mine,Tuesday,4,816,701,115,14.09,Medium,equipment_downtime,0.0,15.3,39.6,0.18,5.4,0.2,1.5,3.7,97.4,0.2,0.0,87.6,27
2024-04-24,mansar,Mansar Mine,Wednesday,4,799,383,416,52.07,High,equipment_downtime,0.0,24.0,39.2,0.246,28.8,3.3,3.0,22.5,86.0,0.2,0.0,90.8,14
2024-04-25,mansar,Mansar Mine,Thursday,4,822,727,95,11.56,Medium,equipment_downtime,0.0,13.9,38.2,0.204,4.4,1.0,0.2,3.2,97.9,0.0,0.0,88.0,30
2024-04-26,mansar,Mansar Mine,Friday,4,826,703,123,14.89,Medium,equipment_downtime,0.0,9.7,37.3,0.18,3.9,0.6,1.4,1.9,98.0,0.6,0.0,87.7,28
2024-04-27,mansar,Mansar Mine,Saturday,4,800,688,112,14.0,Medium,equipment_downtime,5.3,16.9,37.6,0.204,6.5,0.9,1.6,4.0,96.8,0.0,0.0,90.9,24
2024-04-28,mansar,Mansar Mine,Sunday,4,821,729,92,11.21,Medium,equipment_downtime,0.0,13.2,37.4,0.188,4.2,0.4,0.3,3.5,98.0,0.0,0.0,99.0,31
2024-04-29,mansar,Mansar Mine,Monday,4,811,561,250,30.83,High,equipment_downtime,0.0,17.3,39.1,0.18,14.9,7.7,0.7,6.5,92.7,0.0,0.0,93.4,25
2024-04-30,mansar,Mansar Mine,Tuesday,4,827,762,65,7.86,Medium,equipment_downtime,0.0,15.6,43.5,0.18,3.2,0.6,0.5,2.1,98.0,0.0,0.0,93.0,33
2024-05-01,mansar,Mansar Mine,Wednesday,5,808,740,68,8.42,Medium,equipment_downtime,0.0,19.4,39.4,0.227,4.3,0.9,0.8,2.6,97.9,0.0,0.0,98.8,29
2024-05-02,mansar,Mansar Mine,Thursday,5,798,695,103,12.91,Medium,equipment_downtime,0.0,15.8,36.7,0.206,4.9,0.9,0.3,3.7,97.6,0.0,0.0,94.9,27
2024-05-03,mansar,Mansar Mine,Friday,5,807,774,33,4.09,Low,equipment_downtime,0.0,17.1,38.4,0.196,3.7,0.8,1.6,1.3,98.0,0.0,0.0,97.5,32
2024-05-04,mansar,Mansar Mine,Saturday,5,809,739,70,8.65,Medium,equipment_downtime,0.0,15.0,37.5,0.18,3.9,0.8,0.4,2.7,98.0,0.0,0.0,98.7,28
2024-05-05,mansar,Mansar Mine,Sunday,5,826,692,134,16.22,Medium,equipment_downtime,0.0,14.5,40.2,0.18,7.3,2.1,0.8,4.4,96.4,0.0,0.0,94.1,28
2024-05-06,mansar,Mansar Mine,Monday,5,804,715,89,11.07,Medium,equipment_downtime,0.0,13.9,42.4,0.211,5.0,0.3,1.9,2.8,97.6,0.0,0.0,92.4,29
2024-05-07,mansar,Mansar Mine,Tuesday,5,812,713,99,12.19,Medium,equipment_downtime,0.0,13.0,38.7,0.28,4.1,0.3,1.4,2.4,98.0,0.0,0.0,89.8,28
2024-05-08,mansar,Mansar Mine,Wednesday,5,819,702,117,14.29,Medium,equipment_downtime,0.0,16.7,36.3,0.201,6.7,0.7,1.9,4.1,96.7,0.0,0.0,92.2,29
2024-05-09,mansar,Mansar Mine,Thursday,5,825,738,87,10.55,Medium,equipment_downtime,0.0,17.2,40.8,0.192,5.7,0.3,1.1,4.3,97.2,0.0,0.0,93.3,33
2024-05-10,mansar,Mansar Mine,Friday,5,814,636,178,21.87,High,blasting_delays,0.0,20.8,36.9,0.213,5.2,1.2,0.5,3.5,97.5,3.4,0.0,92.3,25
2024-05-11,mansar,Mansar Mine,Saturday,5,813,699,114,14.02,Medium,equipment_downtime,0.0,14.3,39.8,0.18,6.6,1.1,1.2,4.3,96.8,0.0,0.0,86.5,28
2024-05-12,mansar,Mansar Mine,Sunday,5,838,490,348,41.53,High,equipment_downtime,0.9,18.0,39.8,0.311,18.0,4.9,0.6,12.5,91.2,0.0,0.0,83.7,21
2024-05-13,mansar,Mansar Mine,Monday,5,785,612,173,22.04,High,equipment_downtime,0.0,17.6,38.0,0.222,13.3,6.8,1.1,5.4,93.5,0.0,0.0,94.7,23
2024-05-14,mansar,Mansar Mine,Tuesday,5,801,730,71,8.86,Medium,equipment_downtime,0.0,14.1,40.2,0.247,3.0,0.4,1.0,1.6,98.0,0.0,0.0,92.1,30
2024-05-15,mansar,Mansar Mine,Wednesday,5,806,474,332,41.19,High,equipment_downtime,0.0,16.3,39.2,0.242,19.2,9.8,0.4,9.0,90.6,1.0,0.0,93.6,17
2024-05-16,mansar,Mansar Mine,Thursday,5,837,814,23,2.75,Low,equipment_downtime,0.0,15.8,39.7,0.192,4.8,0.5,0.7,3.6,97.7,0.0,0.0,94.0,33
2024-05-17,mansar,Mansar Mine,Friday,5,781,709,72,9.22,Medium,equipment_downtime,0.0,16.1,37.8,0.196,2.5,0.3,0.9,1.3,98.0,1.1,0.0,92.9,29
2024-05-18,mansar,Mansar Mine,Saturday,5,769,699,70,9.1,Medium,equipment_downtime,0.0,15.2,38.6,0.18,4.7,1.4,1.0,2.3,97.7,0.0,0.0,95.8,27
2024-05-19,mansar,Mansar Mine,Sunday,5,828,744,84,10.14,Medium,equipment_downtime,0.0,20.3,39.1,0.251,4.5,0.6,1.6,2.3,97.8,0.0,0.0,93.6,28
2024-05-20,mansar,Mansar Mine,Monday,5,792,733,59,7.45,Medium,equipment_downtime,0.0,16.8,38.4,0.18,6.3,1.2,1.7,3.4,96.9,0.0,0.0,94.1,30
2024-05-21,mansar,Mansar Mine,Tuesday,5,810,506,304,37.53,High,equipment_downtime,0.0,16.6,36.7,0.18,22.1,1.5,4.6,16.0,89.2,0.0,0.0,96.5,21
2024-05-22,mansar,Mansar Mine,Wednesday,5,825,743,82,9.94,Medium,equipment_downtime,0.0,15.3,39.0,0.235,4.2,0.3,1.3,2.6,98.0,0.0,0.0,91.2,30
2024-05-23,mansar,Mansar Mine,Thursday,5,830,628,202,24.34,High,equipment_downtime,0.0,17.8,36.9,0.259,13.7,5.8,1.9,6.0,93.3,0.0,0.0,93.9,26
2024-05-24,mansar,Mansar Mine,Friday,5,794,772,22,2.77,Low,equipment_downtime,0.0,16.8,43.1,0.18,4.2,0.2,1.1,2.9,98.0,0.0,0.0,93.3,25
2024-05-25,mansar,Mansar Mine,Saturday,5,815,710,105,12.88,Medium,equipment_downtime,0.0,14.6,38.7,0.184,3.8,1.1,1.4,1.3,98.0,0.0,0.0,92.6,32
2024-05-26,mansar,Mansar Mine,Sunday,5,846,785,61,7.21,Medium,equipment_downtime,0.0,15.9,40.6,0.237,6.0,0.8,1.4,3.8,97.1,0.9,0.0,90.5,29
2024-05-27,mansar,Mansar Mine,Monday,5,806,642,164,20.35,High,equipment_downtime,0.0,15.7,38.2,0.195,8.0,1.1,4.5,2.4,96.1,0.0,0.0,93.8,24
2024-05-28,mansar,Mansar Mine,Tuesday,5,816,764,52,6.37,Medium,equipment_downtime,0.0,21.1,37.6,0.208,5.0,0.9,0.6,3.5,97.6,0.0,0.0,99.0,35
2024-05-29,mansar,Mansar Mine,Wednesday,5,826,757,69,8.35,Medium,equipment_downtime,0.0,19.1,38.8,0.206,4.6,1.3,1.8,1.5,97.8,0.0,0.0,89.9,27
2024-05-30,mansar,Mansar Mine,Thursday,5,819,503,316,38.58,High,equipment_downtime,0.0,20.2,38.7,0.232,20.3,6.0,1.2,13.1,90.1,1.7,0.0,92.9,19
2024-05-31,mansar,Mansar Mine,Friday,5,819,692,127,15.51,Medium,blasting_delays,0.0,23.1,37.7,0.18,3.8,0.2,0.9,2.7,98.0,4.1,0.0,96.5,28
2024-06-01,mansar,Mansar Mine,Saturday,6,802,266,536,66.83,High,weather_stoppage,57.0,33.6,27.8,0.18,9.9,4.6,1.0,4.3,95.2,0.0,7.6,99.0,10
2024-06-02,mansar,Mansar Mine,Sunday,6,794,571,223,28.09,High,blasting_delays,24.2,29.9,35.7,0.209,5.5,0.2,1.7,3.6,97.3,5.6,0.0,94.1,25
2024-06-03,mansar,Mansar Mine,Monday,6,784,357,427,54.46,High,equipment_downtime,2.6,21.3,38.1,0.312,30.5,16.0,0.6,13.9,85.1,0.9,0.0,92.4,15
2024-06-04,mansar,Mansar Mine,Tuesday,6,787,573,214,27.19,High,equipment_downtime,4.3,22.1,36.3,0.263,16.7,9.6,1.7,5.4,91.9,0.0,0.0,95.7,23
2024-06-05,mansar,Mansar Mine,Wednesday,6,805,378,427,53.04,High,weather_stoppage,45.1,32.4,33.5,0.296,9.0,6.3,0.4,2.3,95.6,0.0,5.1,87.5,14
2024-06-06,mansar,Mansar Mine,Thursday,6,756,691,65,8.6,Medium,equipment_downtime,4.8,24.2,37.9,0.214,4.0,0.8,1.9,1.3,98.0,0.0,0.0,92.3,30
2024-06-07,mansar,Mansar Mine,Friday,6,781,674,107,13.7,Medium,equipment_downtime,0.0,23.1,37.6,0.251,4.1,0.6,1.5,2.0,98.0,0.9,0.0,88.4,28
2024-06-08,mansar,Mansar Mine,Saturday,6,775,743,32,4.13,Low,equipment_downtime,0.4,26.4,38.9,0.292,5.3,1.2,0.6,3.5,97.4,0.0,0.0,98.4,27
2024-06-09,mansar,Mansar Mine,Sunday,6,781,715,66,8.45,Medium,equipment_downtime,3.5,21.8,38.3,0.209,3.8,0.6,1.1,2.1,98.0,0.0,0.0,94.0,32
2024-06-10,mansar,Mansar Mine,Monday,6,776,726,50,6.44,Medium,equipment_downtime,4.8,15.5,38.8,0.268,5.4,1.3,0.8,3.3,97.4,0.0,0.0,94.6,34
2024-06-11,mansar,Mansar Mine,Tuesday,6,783,751,32,4.09,Low,equipment_downtime,6.8,27.6,36.5,0.188,2.3,0.6,0.4,1.3,98.0,0.0,0.0,91.9,30
2024-06-12,mansar,Mansar Mine,Wednesday,6,796,593,203,25.5,High,blasting_delays,3.6,22.0,38.1,0.273,6.5,0.8,1.9,3.8,96.8,6.0,0.0,96.2,24
2024-06-13,mansar,Mansar Mine,Thursday,6,812,114,698,85.96,High,weather_stoppage,75.2,46.9,31.4,0.289,11.3,4.1,3.0,4.2,94.5,0.0,10.7,88.5,6
2024-06-14,mansar,Mansar Mine,Friday,6,790,374,416,52.66,High,equipment_downtime,4.8,31.8,42.3,0.216,29.3,2.4,1.3,25.6,85.7,0.0,0.0,93.4,16
2024-06-15,mansar,Mansar Mine,Saturday,6,780,711,69,8.85,Medium,equipment_downtime,21.7,34.0,35.3,0.275,5.3,0.8,1.9,2.6,97.4,0.0,0.0,99.0,31
2024-06-16,mansar,Mansar Mine,Sunday,6,797,671,126,15.81,Medium,equipment_downtime,1.5,28.0,38.4,0.284,4.3,1.2,1.0,2.1,97.9,0.0,0.0,87.5,26
2024-06-17,mansar,Mansar Mine,Monday,6,778,689,89,11.44,Medium,equipment_downtime,0.4,27.3,35.7,0.256,5.6,0.3,1.3,4.0,97.3,0.0,0.0,92.0,28
2024-06-18,mansar,Mansar Mine,Tuesday,6,814,755,59,7.25,Medium,labor_attendance,2.5,27.2,38.9,0.269,2.6,0.5,0.5,1.6,98.0,0.0,0.0,86.7,30
2024-06-19,mansar,Mansar Mine,Wednesday,6,779,727,52,6.68,Medium,equipment_downtime,3.2,28.3,41.2,0.255,3.0,0.4,1.1,1.5,98.0,0.0,0.0,91.7,30
2024-06-20,mansar,Mansar Mine,Thursday,6,778,197,581,74.68,High,weather_stoppage,47.9,39.5,27.2,0.318,10.8,6.1,1.9,2.8,94.7,1.9,6.4,86.9,9
2024-06-21,mansar,Mansar Mine,Friday,6,786,714,72,9.16,Medium,equipment_downtime,0.1,32.8,37.4,0.277,2.1,0.3,0.7,1.1,98.0,0.0,0.0,89.0,25
2024-06-22,mansar,Mansar Mine,Saturday,6,781,767,14,1.79,Low,nominal_operations,2.2,31.0,43.1,0.328,2.9,1.3,0.4,1.2,98.0,0.0,0.0,90.6,32
2024-06-23,mansar,Mansar Mine,Sunday,6,796,669,127,15.95,Medium,equipment_downtime,6.9,33.3,38.6,0.344,8.4,1.4,5.2,1.8,95.9,1.4,0.0,92.7,25
2024-06-24,mansar,Mansar Mine,Monday,6,763,114,649,85.06,High,weather_stoppage,108.4,58.0,26.1,0.256,17.4,11.2,1.9,4.3,91.5,0.0,12.0,88.4,6
2024-06-25,mansar,Mansar Mine,Tuesday,6,784,727,57,7.27,Medium,equipment_downtime,3.2,27.9,37.0,0.283,4.6,1.5,0.2,2.9,97.8,0.0,0.0,91.0,28
2024-06-26,mansar,Mansar Mine,Wednesday,6,769,722,47,6.11,Medium,equipment_downtime,1.0,27.9,36.1,0.363,3.9,0.6,0.3,3.0,98.0,0.0,0.0,98.9,31
2024-06-27,mansar,Mansar Mine,Thursday,6,759,760,0,0.0,Low,nominal_operations,3.7,34.5,39.5,0.292,1.9,0.4,0.4,1.1,98.0,0.0,0.0,94.5,29
2024-06-28,mansar,Mansar Mine,Friday,6,792,719,73,9.22,Medium,equipment_downtime,0.5,33.6,40.0,0.316,3.9,0.2,0.6,3.1,98.0,0.0,0.0,89.6,26
2024-06-29,mansar,Mansar Mine,Saturday,6,816,834,0,0.0,Low,nominal_operations,14.4,37.0,35.1,0.33,2.5,0.2,0.8,1.5,98.0,0.0,0.0,96.5,34
2024-06-30,mansar,Mansar Mine,Sunday,6,809,796,13,1.61,Low,nominal_operations,1.2,33.3,38.1,0.329,3.9,0.9,1.0,2.0,98.0,0.0,0.0,99.0,31
2024-07-01,mansar,Mansar Mine,Monday,7,760,625,135,17.76,Medium,equipment_downtime,0.5,29.7,40.5,0.355,5.5,1.0,0.5,4.0,97.3,0.0,0.0,89.8,26
2024-07-02,mansar,Mansar Mine,Tuesday,7,753,114,639,84.86,High,weather_stoppage,65.3,51.5,29.5,0.309,9.6,4.0,1.3,4.3,95.3,0.8,9.0,92.3,5
2024-07-03,mansar,Mansar Mine,Wednesday,7,751,625,126,16.78,Medium,equipment_downtime,5.2,31.1,36.6,0.322,6.3,1.4,1.8,3.1,96.9,0.0,0.0,99.0,25
2024-07-04,mansar,Mansar Mine,Thursday,7,732,658,74,10.11,Medium,equipment_downtime,3.1,33.3,38.7,0.358,6.0,1.2,0.4,4.4,97.1,0.0,0.0,91.9,26
2024-07-05,mansar,Mansar Mine,Friday,7,750,455,295,39.33,High,equipment_downtime,4.1,31.0,35.4,0.297,18.4,6.0,0.4,12.0,91.0,0.0,0.0,91.3,22
2024-07-06,mansar,Mansar Mine,Saturday,7,763,532,231,30.28,High,equipment_downtime,5.0,36.2,36.3,0.303,14.9,1.1,12.7,1.1,92.7,0.0,0.0,93.7,21
2024-07-07,mansar,Mansar Mine,Sunday,7,764,763,1,0.13,Low,nominal_operations,6.9,38.4,37.6,0.374,4.0,0.8,0.3,2.9,98.0,0.0,0.0,97.0,31
2024-07-08,mansar,Mansar Mine,Monday,7,757,510,247,32.63,High,weather_stoppage,28.8,42.3,35.4,0.406,3.5,1.3,1.1,1.1,98.0,0.0,3.7,92.0,21
2024-07-09,mansar,Mansar Mine,Tuesday,7,727,653,74,10.18,Medium,equipment_downtime,4.4,30.1,36.9,0.295,3.9,0.9,0.5,2.5,98.0,0.0,0.0,95.8,30
2024-07-10,mansar,Mansar Mine,Wednesday,7,740,711,29,3.92,Low,equipment_downtime,2.5,37.7,36.0,0.373,3.5,0.3,1.4,1.8,98.0,0.0,0.0,96.5,23
2024-07-11,mansar,Mansar Mine,Thursday,7,752,722,30,3.99,Low,equipment_downtime,3.9,32.6,34.7,0.402,2.3,0.4,0.7,1.2,98.0,0.0,0.0,95.4,28
2024-07-12,mansar,Mansar Mine,Friday,7,746,563,183,24.53,High,equipment_downtime,3.7,39.4,35.6,0.328,12.2,1.1,1.3,9.8,94.1,0.0,0.0,94.6,20
2024-07-13,mansar,Mansar Mine,Saturday,7,786,543,243,30.92,High,equipment_downtime,15.9,34.0,36.7,0.372,18.6,4.5,1.4,12.7,90.9,1.3,0.0,93.1,21
2024-07-14,mansar,Mansar Mine,Sunday,7,755,114,641,84.9,High,weather_stoppage,93.4,58.0,24.0,0.373,7.6,3.8,0.5,3.3,96.3,0.0,12.0,96.0,5
2024-07-15,mansar,Mansar Mine,Monday,7,735,664,71,9.66,Medium,equipment_downtime,1.8,37.0,34.5,0.343,5.4,0.6,1.6,3.2,97.4,0.0,0.0,93.3,29
2024-07-16,mansar,Mansar Mine,Tuesday,7,757,302,455,60.11,High,weather_stoppage,36.5,45.7,33.3,0.392,9.1,4.5,0.6,4.0,95.6,0.0,5.0,91.1,11
2024-07-17,mansar,Mansar Mine,Wednesday,7,755,680,75,9.93,Medium,equipment_downtime,7.8,36.3,35.0,0.383,3.7,0.8,0.8,2.1,98.0,0.0,0.0,89.4,26
2024-07-18,mansar,Mansar Mine,Thursday,7,741,704,37,4.99,Low,equipment_downtime,3.5,33.3,37.2,0.391,3.9,0.3,0.9,2.7,98.0,0.0,0.0,91.0,30
2024-07-19,mansar,Mansar Mine,Friday,7,751,670,81,10.79,Medium,equipment_downtime,1.9,33.5,32.5,0.354,3.2,0.7,1.1,1.4,98.0,0.0,0.0,88.0,27
2024-07-20,mansar,Mansar Mine,Saturday,7,754,591,163,21.62,High,equipment_downtime,0.6,34.1,34.8,0.371,10.8,0.6,6.6,3.6,94.7,0.0,0.0,92.3,22
2024-07-21,mansar,Mansar Mine,Sunday,7,764,114,650,85.08,High,weather_stoppage,68.6,54.7,24.5,0.405,10.3,5.7,1.2,3.4,95.0,0.0,9.1,93.8,5
2024-07-22,mansar,Mansar Mine,Monday,7,763,656,107,14.02,Medium,equipment_downtime,5.4,39.3,36.0,0.358,6.9,1.4,1.3,4.2,96.6,0.0,0.0,91.7,27
2024-07-23,mansar,Mansar Mine,Tuesday,7,793,745,48,6.05,Medium,equipment_downtime,4.0,36.9,36.5,0.357,3.4,0.3,1.3,1.8,98.0,0.0,0.0,90.9,28
2024-07-24,mansar,Mansar Mine,Wednesday,7,762,675,87,11.42,Medium,equipment_downtime,4.6,41.9,38.5,0.448,6.4,1.3,1.4,3.7,96.9,0.0,0.0,94.1,23
2024-07-25,mansar,Mansar Mine,Thursday,7,779,319,460,59.05,High,weather_stoppage,42.7,47.8,28.0,0.384,7.3,4.0,1.1,2.2,96.4,0.0,5.0,90.5,13
2024-07-26,mansar,Mansar Mine,Friday,7,750,694,56,7.47,Medium,equipment_downtime,2.3,42.8,34.4,0.391,3.6,1.1,1.2,1.3,98.0,0.0,0.0,91.4,25
2024-07-27,mansar,Mansar Mine,Saturday,7,756,593,163,21.56,High,equipment_downtime,3.9,37.2,36.9,0.387,5.1,0.8,1.6,2.7,97.5,0.0,0.0,85.9,26
2024-07-28,mansar,Mansar Mine,Sunday,7,758,672,86,11.35,Medium,equipment_downtime,2.8,38.4,35.2,0.407,5.7,1.4,0.6,3.7,97.2,0.0,0.0,90.1,26
2024-07-29,mansar,Mansar Mine,Monday,7,782,669,113,14.45,Medium,equipment_downtime,1.2,37.6,33.9,0.413,5.7,1.2,0.5,4.0,97.2,0.0,0.0,85.6,27
2024-07-30,mansar,Mansar Mine,Tuesday,7,772,660,112,14.51,Medium,equipment_downtime,1.7,35.3,34.8,0.451,5.0,0.3,0.5,4.2,97.6,0.0,0.0,89.5,27
2024-07-31,mansar,Mansar Mine,Wednesday,7,769,114,655,85.18,High,weather_stoppage,76.1,57.8,29.1,0.477,10.6,5.4,1.1,4.1,94.8,0.0,11.5,91.4,5
2024-08-01,mansar,Mansar Mine,Thursday,8,735,628,107,14.56,Medium,equipment_downtime,0.5,34.6,38.1,0.393,5.6,1.3,0.9,3.4,97.3,2.9,0.0,92.5,23
2024-08-02,mansar,Mansar Mine,Friday,8,721,626,95,13.18,Medium,equipment_downtime,1.3,38.5,37.1,0.484,3.4,1.1,1.1,1.2,98.0,0.0,0.0,88.2,25
2024-08-03,mansar,Mansar Mine,Saturday,8,711,360,351,49.37,High,weather_stoppage,35.0,45.6,29.1,0.461,5.0,0.5,0.5,4.0,97.6,0.0,4.5,88.5,14
2024-08-04,mansar,Mansar Mine,Sunday,8,700,606,94,13.43,Medium,equipment_downtime,0.2,42.5,30.9,0.461,3.7,1.3,0.4,2.0,98.0,0.0,0.0,88.1,26
2024-08-05,mansar,Mansar Mine,Monday,8,749,208,541,72.23,High,weather_stoppage,46.9,51.2,31.7,0.44,7.7,3.3,1.2,3.2,96.2,0.0,6.6,93.2,10
2024-08-06,mansar,Mansar Mine,Tuesday,8,726,663,63,8.68,Medium,equipment_downtime,3.2,35.9,34.5,0.435,2.6,0.5,0.9,1.2,98.0,1.0,0.0,95.2,24
2024-08-07,mansar,Mansar Mine,Wednesday,8,740,597,143,19.32,High,equipment_downtime,10.2,40.3,33.8,0.404,4.1,1.4,0.7,2.0,98.0,0.0,0.0,92.3,27
2024-08-08,mansar,Mansar Mine,Thursday,8,737,570,167,22.66,High,equipment_downtime,6.8,44.0,33.3,0.477,5.3,0.5,0.8,4.0,97.4,0.0,0.0,96.4,24
2024-08-09,mansar,Mansar Mine,Friday,8,722,625,97,13.43,Medium,equipment_downtime,0.5,40.4,35.4,0.439,7.3,1.1,3.1,3.1,96.4,0.0,0.0,91.5,26
2024-08-10,mansar,Mansar Mine,Saturday,8,729,617,112,15.36,Medium,equipment_downtime,0.5,36.6,34.4,0.465,8.9,1.2,5.8,1.9,95.7,0.0,0.0,94.0,26
2024-08-11,mansar,Mansar Mine,Sunday,8,747,512,235,31.46,High,equipment_downtime,21.3,47.1,32.7,0.481,9.3,2.6,1.1,5.6,95.5,0.0,0.0,93.5,21
2024-08-12,mansar,Mansar Mine,Monday,8,712,412,300,42.13,High,weather_stoppage,27.4,46.8,26.7,0.48,5.0,0.9,0.2,3.9,97.6,0.0,2.8,88.1,20
2024-08-13,mansar,Mansar Mine,Tuesday,8,730,590,140,19.18,High,blasting_delays,8.8,39.4,29.4,0.426,3.9,0.7,1.1,2.1,98.0,2.5,0.0,93.0,25
2024-08-14,mansar,Mansar Mine,Wednesday,8,746,659,87,11.66,Medium,equipment_downtime,2.0,37.6,33.7,0.492,6.0,0.7,1.3,4.0,97.1,0.0,0.0,91.0,25
2024-08-15,mansar,Mansar Mine,Thursday,8,705,564,141,20.0,High,equipment_downtime,4.9,39.2,30.9,0.458,5.6,0.5,1.2,3.9,97.3,0.6,0.0,86.9,23
2024-08-16,mansar,Mansar Mine,Friday,8,720,148,572,79.44,High,equipment_downtime,4.9,41.8,33.2,0.453,39.6,19.6,13.3,6.7,80.7,0.0,0.0,92.2,7
2024-08-17,mansar,Mansar Mine,Saturday,8,721,677,44,6.1,Medium,equipment_downtime,1.5,35.8,32.3,0.531,3.4,0.3,1.4,1.7,98.0,0.0,0.0,96.5,31
2024-08-18,mansar,Mansar Mine,Sunday,8,728,558,170,23.35,High,equipment_downtime,13.3,42.2,32.7,0.556,5.9,0.4,1.8,3.7,97.1,0.0,0.0,94.4,21
2024-08-19,mansar,Mansar Mine,Monday,8,749,457,292,38.99,High,equipment_downtime,3.9,35.1,31.4,0.562,19.2,2.3,1.2,15.7,90.6,0.0,0.0,93.2,21
2024-08-20,mansar,Mansar Mine,Tuesday,8,764,163,601,78.66,High,equipment_downtime,28.5,47.9,30.4,0.491,23.3,1.2,1.9,20.2,88.6,0.0,3.0,88.8,7
2024-08-21,mansar,Mansar Mine,Wednesday,8,755,613,142,18.81,High,equipment_downtime,20.5,43.0,25.7,0.503,5.8,0.9,0.8,4.1,97.2,0.0,0.0,94.6,24
2024-08-22,mansar,Mansar Mine,Thursday,8,746,658,88,11.8,Medium,equipment_downtime,0.1,38.3,35.3,0.51,4.4,0.5,1.3,2.6,97.9,0.0,0.0,97.0,28
2024-08-23,mansar,Mansar Mine,Friday,8,697,114,583,83.64,High,weather_stoppage,43.0,50.4,27.0,0.465,19.6,9.3,0.2,10.1,90.4,0.0,5.6,90.1,5
2024-08-24,mansar,Mansar Mine,Saturday,8,745,633,112,15.03,Medium,equipment_downtime,1.6,34.8,28.9,0.516,4.5,1.2,0.2,3.1,97.8,0.0,0.0,87.9,25
2024-08-25,mansar,Mansar Mine,Sunday,8,760,710,50,6.58,Medium,equipment_downtime,19.4,33.9,30.1,0.5,4.4,1.4,0.5,2.5,97.9,0.0,0.0,92.6,30
2024-08-26,mansar,Mansar Mine,Monday,8,734,555,179,24.39,High,equipment_downtime,1.5,40.4,33.7,0.529,6.5,1.0,1.4,4.1,96.8,0.0,0.0,90.8,20
2024-08-27,mansar,Mansar Mine,Tuesday,8,735,684,51,6.94,Medium,equipment_downtime,3.5,37.8,33.5,0.523,2.8,0.8,0.2,1.8,98.0,0.0,0.0,98.5,30
2024-08-28,mansar,Mansar Mine,Wednesday,8,734,633,101,13.76,Medium,equipment_downtime,0.8,39.7,30.3,0.562,5.9,1.0,1.8,3.1,97.1,0.0,0.0,91.7,25
2024-08-29,mansar,Mansar Mine,Thursday,8,717,519,198,27.62,High,blasting_delays,2.4,38.3,29.6,0.506,3.4,0.7,0.2,2.5,98.0,4.6,0.0,89.3,21
2024-08-30,mansar,Mansar Mine,Friday,8,747,624,123,16.47,Medium,equipment_downtime,2.7,39.0,32.4,0.557,5.8,1.5,1.7,2.6,97.2,0.0,0.0,91.0,20
2024-08-31,mansar,Mansar Mine,Saturday,8,717,573,144,20.08,High,equipment_downtime,4.8,34.9,29.2,0.567,7.3,0.8,5.1,1.4,96.4,0.0,0.0,87.9,23
2024-09-01,mansar,Mansar Mine,Sunday,9,713,555,158,22.16,High,labor_attendance,2.2,41.1,29.7,0.486,1.8,0.4,0.3,1.1,98.0,0.0,0.0,86.0,23
2024-09-02,mansar,Mansar Mine,Monday,9,723,609,114,15.77,Medium,equipment_downtime,4.0,42.5,31.9,0.471,4.2,0.6,0.4,3.2,98.0,0.0,0.0,95.5,27
2024-09-03,mansar,Mansar Mine,Tuesday,9,695,439,256,36.83,High,weather_stoppage,28.3,48.4,26.9,0.576,6.0,0.5,1.8,3.7,97.1,0.0,2.7,95.6,17
2024-09-04,mansar,Mansar Mine,Wednesday,9,725,674,51,7.03,Medium,equipment_downtime,10.5,40.0,25.6,0.606,3.8,1.1,1.3,1.4,98.0,0.0,0.0,97.0,30
2024-09-05,mansar,Mansar Mine,Thursday,9,693,498,195,28.14,High,equipment_downtime,4.9,39.9,30.9,0.577,12.9,3.2,0.7,9.0,93.7,0.0,0.0,91.2,17
2024-09-06,mansar,Mansar Mine,Friday,9,728,661,67,9.2,Medium,weather_stoppage,3.3,40.8,30.9,0.552,2.0,0.4,0.5,1.1,98.0,0.0,0.0,95.1,29
2024-09-07,mansar,Mansar Mine,Saturday,9,699,588,111,15.88,Medium,equipment_downtime,4.2,35.0,29.0,0.543,4.9,0.2,1.8,2.9,97.6,0.0,0.0,87.8,23
2024-09-08,mansar,Mansar Mine,Sunday,9,704,617,87,12.36,Medium,labor_attendance,1.2,39.9,30.3,0.563,2.6,0.8,0.7,1.1,98.0,0.0,0.0,85.3,24
2024-09-09,mansar,Mansar Mine,Monday,9,729,625,104,14.27,Medium,labor_attendance,0.9,39.4,31.2,0.561,4.0,0.6,1.6,1.8,98.0,0.0,0.0,84.8,22
2024-09-10,mansar,Mansar Mine,Tuesday,9,724,645,79,10.91,Medium,equipment_downtime,4.9,43.3,29.9,0.585,4.1,1.3,1.1,1.7,98.0,0.0,0.0,93.4,25
2024-09-11,mansar,Mansar Mine,Wednesday,9,729,576,153,20.99,High,labor_attendance,3.0,34.5,26.9,0.57,5.1,1.2,0.5,3.4,97.5,0.0,0.0,83.6,25
2024-09-12,mansar,Mansar Mine,Thursday,9,727,623,104,14.31,Medium,equipment_downtime,2.6,36.7,28.3,0.495,4.8,1.2,1.0,2.6,97.7,0.8,0.0,95.8,26
2024-09-13,mansar,Mansar Mine,Friday,9,722,646,76,10.53,Medium,equipment_downtime,0.3,34.7,27.2,0.573,5.6,1.1,1.1,3.4,97.3,0.0,0.0,90.2,28
2024-09-14,mansar,Mansar Mine,Saturday,9,710,114,596,83.94,High,weather_stoppage,71.6,57.3,22.2,0.569,7.4,4.1,0.4,2.9,96.4,0.0,9.2,92.4,5
2024-09-15,mansar,Mansar Mine,Sunday,9,694,612,82,11.82,Medium,equipment_downtime,9.1,35.4,29.8,0.622,2.4,0.6,0.6,1.2,98.0,0.0,0.0,91.8,24
2024-09-16,mansar,Mansar Mine,Monday,9,690,310,380,55.07,High,weather_stoppage,39.4,43.4,23.6,0.53,7.6,5.0,1.1,1.5,96.3,0.0,4.1,97.8,13
2024-09-17,mansar,Mansar Mine,Tuesday,9,711,239,472,66.39,High,equipment_downtime,25.8,41.9,26.3,0.629,26.1,5.2,0.3,20.6,87.3,0.0,3.0,96.7,6
2024-09-18,mansar,Mansar Mine,Wednesday,9,688,554,134,19.48,High,equipment_downtime,7.2,39.6,28.6,0.507,6.1,1.2,1.6,3.3,97.0,0.0,0.0,95.8,25
2024-09-19,mansar,Mansar Mine,Thursday,9,689,673,16,2.32,Low,nominal_operations,2.0,37.0,25.6,0.666,3.9,0.4,0.9,2.6,98.0,0.0,0.0,93.2,27
2024-09-20,mansar,Mansar Mine,Friday,9,732,693,39,5.33,Low,equipment_downtime,4.3,34.0,28.1,0.553,4.5,0.4,0.7,3.4,97.8,0.0,0.0,97.0,25
2024-09-21,mansar,Mansar Mine,Saturday,9,703,597,106,15.08,Medium,equipment_downtime,1.4,36.2,27.6,0.556,6.9,0.7,1.9,4.3,96.6,0.0,0.0,89.8,20
2024-09-22,mansar,Mansar Mine,Sunday,9,684,610,74,10.82,Medium,equipment_downtime,0.1,34.0,29.9,0.597,7.2,1.5,1.4,4.3,96.5,0.0,0.0,95.0,25
2024-09-23,mansar,Mansar Mine,Monday,9,696,624,72,10.34,Medium,equipment_downtime,3.0,33.7,25.4,0.626,3.8,1.1,0.3,2.4,98.0,0.0,0.0,96.1,28
2024-09-24,mansar,Mansar Mine,Tuesday,9,732,450,282,38.52,High,weather_stoppage,26.4,44.6,21.7,0.61,5.4,0.6,1.0,3.8,97.4,1.4,2.3,92.5,16
2024-09-25,mansar,Mansar Mine,Wednesday,9,699,619,80,11.44,Medium,equipment_downtime,2.6,37.9,26.9,0.637,8.1,1.5,2.8,3.8,96.1,0.0,0.0,91.2,24
2024-09-26,mansar,Mansar Mine,Thursday,9,701,586,115,16.41,Medium,equipment_downtime,1.3,34.9,27.5,0.639,6.5,1.1,1.6,3.8,96.8,0.0,0.0,92.6,24
2024-09-27,mansar,Mansar Mine,Friday,9,721,618,103,14.29,Medium,equipment_downtime,3.1,33.2,25.0,0.657,5.6,1.5,0.7,3.4,97.3,0.0,0.0,97.7,26
2024-09-28,mansar,Mansar Mine,Saturday,9,723,686,37,5.12,Low,equipment_downtime,3.0,32.2,26.2,0.588,2.5,0.5,0.8,1.2,98.0,0.0,0.0,94.6,29
2024-09-29,mansar,Mansar Mine,Sunday,9,723,640,83,11.48,Medium,equipment_downtime,2.3,33.0,27.5,0.608,4.0,0.8,0.6,2.6,98.0,0.0,0.0,93.2,29
2024-09-30,mansar,Mansar Mine,Monday,9,733,699,34,4.64,Low,equipment_downtime,13.5,37.9,26.3,0.671,4.8,0.4,0.3,4.1,97.7,0.0,0.0,91.5,27
2024-10-01,mansar,Mansar Mine,Tuesday,10,729,608,121,16.6,Medium,equipment_downtime,0.0,33.0,26.3,0.664,6.1,0.7,2.0,3.4,97.0,0.0,0.0,97.5,24
2024-10-02,mansar,Mansar Mine,Wednesday,10,688,628,60,8.72,Medium,equipment_downtime,0.0,26.8,22.8,0.541,5.0,1.1,0.5,3.4,97.6,0.0,0.0,92.7,26
2024-10-03,mansar,Mansar Mine,Thursday,10,667,636,31,4.65,Low,equipment_downtime,0.0,30.3,27.5,0.59,4.1,0.7,1.0,2.4,98.0,0.0,0.0,97.6,27
2024-10-04,mansar,Mansar Mine,Friday,10,700,631,69,9.86,Medium,equipment_downtime,0.0,31.0,25.0,0.6,6.5,0.8,2.7,3.0,96.8,0.0,0.0,94.8,26
2024-10-05,mansar,Mansar Mine,Saturday,10,695,613,82,11.8,Medium,equipment_downtime,0.0,32.0,28.4,0.667,5.9,0.5,1.0,4.4,97.1,0.0,0.0,96.4,27
2024-10-06,mansar,Mansar Mine,Sunday,10,684,593,91,13.3,Medium,equipment_downtime,0.0,36.2,24.9,0.566,5.4,0.8,1.7,2.9,97.4,0.0,0.0,98.8,23
2024-10-07,mansar,Mansar Mine,Monday,10,712,413,299,41.99,High,equipment_downtime,0.0,30.3,27.1,0.666,19.4,2.4,0.9,16.1,90.5,0.0,0.0,97.8,18
2024-10-08,mansar,Mansar Mine,Tuesday,10,692,563,129,18.64,High,equipment_downtime,0.0,28.5,23.2,0.696,6.6,1.0,1.2,4.4,96.8,0.0,0.0,91.4,22
2024-10-09,mansar,Mansar Mine,Wednesday,10,705,668,37,5.25,Low,equipment_downtime,0.0,32.8,26.5,0.673,4.0,0.7,1.1,2.2,98.0,0.0,0.0,90.9,27
2024-10-10,mansar,Mansar Mine,Thursday,10,703,672,31,4.41,Low,equipment_downtime,0.0,26.9,26.5,0.611,4.2,1.5,0.9,1.8,98.0,0.0,0.0,91.3,25
2024-10-11,mansar,Mansar Mine,Friday,10,688,531,157,22.82,High,equipment_downtime,0.0,28.4,26.2,0.667,7.6,1.0,2.4,4.2,96.3,0.0,0.0,88.1,18
2024-10-12,mansar,Mansar Mine,Saturday,10,742,639,103,13.88,Medium,equipment_downtime,0.0,23.6,27.6,0.655,7.0,1.4,3.5,2.1,96.6,0.0,0.0,92.9,23
2024-10-13,mansar,Mansar Mine,Sunday,10,701,457,244,34.81,High,equipment_downtime,0.0,26.1,27.4,0.664,15.6,1.0,13.3,1.3,92.4,0.4,0.0,99.0,17
2024-10-14,mansar,Mansar Mine,Monday,10,699,646,53,7.58,Medium,equipment_downtime,0.0,24.2,26.6,0.668,5.5,0.5,3.6,1.4,97.3,0.0,0.0,93.7,26
2024-10-15,mansar,Mansar Mine,Tuesday,10,697,637,60,8.61,Medium,equipment_downtime,0.0,30.7,26.6,0.658,3.0,0.6,1.1,1.3,98.0,0.0,0.0,94.9,24
2024-10-16,mansar,Mansar Mine,Wednesday,10,702,657,45,6.41,Medium,equipment_downtime,0.0,26.4,22.2,0.683,4.5,0.9,1.3,2.3,97.8,0.0,0.0,92.4,27
2024-10-17,mansar,Mansar Mine,Thursday,10,697,499,198,28.41,High,equipment_downtime,0.0,27.1,22.2,0.593,10.9,3.9,1.9,5.1,94.7,0.0,0.0,96.5,19
2024-10-18,mansar,Mansar Mine,Friday,10,700,613,87,12.43,Medium,equipment_downtime,0.0,29.1,27.3,0.614,5.7,1.5,2.7,1.5,97.2,0.0,0.0,97.7,25
2024-10-19,mansar,Mansar Mine,Saturday,10,714,638,76,10.64,Medium,equipment_downtime,0.0,21.6,24.4,0.644,5.4,1.0,0.9,3.5,97.4,0.0,0.0,93.6,25
2024-10-20,mansar,Mansar Mine,Sunday,10,681,624,57,8.37,Medium,equipment_downtime,0.0,27.8,23.5,0.712,4.2,0.3,1.3,2.6,98.0,0.0,0.0,92.5,23
2024-10-21,mansar,Mansar Mine,Monday,10,700,568,132,18.86,High,equipment_downtime,0.0,29.0,24.7,0.637,9.0,3.5,1.5,4.0,95.6,0.0,0.0,93.1,20
2024-10-22,mansar,Mansar Mine,Tuesday,10,693,634,59,8.51,Medium,equipment_downtime,3.5,24.4,24.6,0.63,4.3,0.6,1.5,2.2,97.9,0.0,0.0,93.8,23
2024-10-23,mansar,Mansar Mine,Wednesday,10,697,629,68,9.76,Medium,equipment_downtime,0.0,23.6,23.1,0.618,3.3,0.3,0.9,2.1,98.0,0.0,0.0,88.4,25
2024-10-24,mansar,Mansar Mine,Thursday,10,691,590,101,14.62,Medium,equipment_downtime,0.0,21.8,24.9,0.667,4.8,0.2,1.9,2.7,97.7,0.0,0.0,94.8,21
2024-10-25,mansar,Mansar Mine,Friday,10,672,382,290,43.15,High,equipment_downtime,0.0,27.2,26.0,0.645,18.6,15.5,0.5,2.6,90.9,0.0,0.0,92.1,16
2024-10-26,mansar,Mansar Mine,Saturday,10,712,454,258,36.24,High,equipment_downtime,0.0,25.1,25.1,0.665,17.5,9.9,2.0,5.6,91.5,0.0,0.0,93.6,20
2024-10-27,mansar,Mansar Mine,Sunday,10,725,492,233,32.14,High,equipment_downtime,0.0,24.7,23.3,0.73,17.0,2.1,8.9,6.0,91.7,0.0,0.0,90.2,22
2024-10-28,mansar,Mansar Mine,Monday,10,687,625,62,9.02,Medium,equipment_downtime,0.0,20.7,25.7,0.661,5.2,0.7,0.9,3.6,97.5,0.0,0.0,97.6,23
2024-10-29,mansar,Mansar Mine,Tuesday,10,690,676,14,2.03,Low,nominal_operations,0.0,27.0,20.4,0.639,3.2,0.3,0.3,2.6,98.0,0.9,0.0,91.3,27
2024-10-30,mansar,Mansar Mine,Wednesday,10,679,608,71,10.46,Medium,equipment_downtime,0.0,22.4,22.6,0.631,4.0,0.8,0.5,2.7,98.0,0.0,0.0,94.4,25
2024-10-31,mansar,Mansar Mine,Thursday,10,717,711,6,0.84,Low,nominal_operations,0.0,23.2,25.5,0.657,3.5,1.0,1.1,1.4,98.0,0.0,0.0,95.0,30
2024-11-01,mansar,Mansar Mine,Friday,11,691,570,121,17.51,Medium,equipment_downtime,0.0,23.2,23.3,0.62,7.6,1.3,3.3,3.0,96.3,0.0,0.0,95.2,25
2024-11-02,mansar,Mansar Mine,Saturday,11,721,639,82,11.37,Medium,equipment_downtime,0.0,20.1,21.4,0.628,5.0,0.9,1.8,2.3,97.6,0.0,0.0,90.4,24
2024-11-03,mansar,Mansar Mine,Sunday,11,690,626,64,9.28,Medium,equipment_downtime,0.0,25.9,22.3,0.597,4.8,1.0,1.0,2.8,97.7,0.0,0.0,95.7,26
2024-11-04,mansar,Mansar Mine,Monday,11,697,645,52,7.46,Medium,equipment_downtime,0.0,21.9,22.7,0.687,3.8,0.3,1.6,1.9,98.0,0.0,0.0,93.9,28
2024-11-05,mansar,Mansar Mine,Tuesday,11,685,687,0,0.0,Low,nominal_operations,0.0,19.9,22.6,0.645,4.2,0.6,0.9,2.7,98.0,0.0,0.0,94.6,25
2024-11-06,mansar,Mansar Mine,Wednesday,11,701,627,74,10.56,Medium,equipment_downtime,0.0,17.8,24.5,0.622,3.4,0.4,1.3,1.7,98.0,0.0,0.0,92.7,24
2024-11-07,mansar,Mansar Mine,Thursday,11,737,725,12,1.63,Low,nominal_operations,0.0,20.8,24.8,0.672,4.5,0.7,1.4,2.4,97.8,0.0,0.0,99.0,27
2024-11-08,mansar,Mansar Mine,Friday,11,721,671,50,6.93,Medium,equipment_downtime,0.0,17.3,23.7,0.62,2.7,0.5,1.2,1.0,98.0,0.0,0.0,92.9,30
2024-11-09,mansar,Mansar Mine,Saturday,11,706,676,30,4.25,Low,equipment_downtime,0.0,19.8,22.9,0.666,4.6,1.0,0.8,2.8,97.8,0.0,0.0,95.2,26
2024-11-10,mansar,Mansar Mine,Sunday,11,725,685,40,5.52,Low,equipment_downtime,0.0,17.5,24.0,0.555,3.6,0.3,1.2,2.1,98.0,0.0,0.0,94.5,28
2024-11-11,mansar,Mansar Mine,Monday,11,717,663,54,7.53,Medium,equipment_downtime,0.0,15.1,20.7,0.64,4.5,1.0,0.2,3.3,97.8,0.0,0.0,96.8,26
2024-11-12,mansar,Mansar Mine,Tuesday,11,700,576,124,17.71,Medium,equipment_downtime,0.0,15.4,23.5,0.604,5.7,1.3,0.4,4.0,97.2,0.0,0.0,91.0,22
2024-11-13,mansar,Mansar Mine,Wednesday,11,711,554,157,22.08,High,equipment_downtime,0.0,17.9,22.0,0.641,11.2,1.5,6.2,3.5,94.5,0.0,0.0,92.7,22
2024-11-14,mansar,Mansar Mine,Thursday,11,709,588,121,17.07,Medium,equipment_downtime,0.0,16.2,23.4,0.628,5.6,1.0,0.4,4.2,97.3,0.0,0.0,86.8,26
2024-11-15,mansar,Mansar Mine,Friday,11,703,647,56,7.97,Medium,equipment_downtime,0.0,13.7,20.5,0.734,5.1,0.3,1.9,2.9,97.5,0.0,0.0,93.5,27
2024-11-16,mansar,Mansar Mine,Saturday,11,700,674,26,3.71,Low,equipment_downtime,0.0,16.9,23.9,0.626,4.6,0.2,1.9,2.5,97.8,0.0,0.0,93.2,25
2024-11-17,mansar,Mansar Mine,Sunday,11,690,657,33,4.78,Low,equipment_downtime,0.0,16.0,23.0,0.657,4.3,1.2,1.7,1.4,97.9,0.0,0.0,93.9,29
2024-11-18,mansar,Mansar Mine,Monday,11,709,607,102,14.39,Medium,equipment_downtime,0.0,20.4,22.9,0.626,4.0,0.8,1.9,1.3,98.0,0.0,0.0,86.1,28
2024-11-19,mansar,Mansar Mine,Tuesday,11,702,632,70,9.97,Medium,equipment_downtime,0.0,14.2,22.6,0.625,2.6,0.7,0.9,1.0,98.0,0.0,0.0,88.1,26
2024-11-20,mansar,Mansar Mine,Wednesday,11,716,701,15,2.09,Low,nominal_operations,0.0,16.9,22.5,0.669,3.6,1.0,0.5,2.1,98.0,0.0,0.0,95.3,25
2024-11-21,mansar,Mansar Mine,Thursday,11,689,577,112,16.26,Medium,equipment_downtime,0.0,18.6,21.9,0.639,7.1,0.8,1.9,4.4,96.5,0.0,0.0,94.7,21
2024-11-22,mansar,Mansar Mine,Friday,11,712,456,256,35.96,High,equipment_downtime,0.0,16.4,27.7,0.552,18.6,9.5,1.3,7.8,90.9,0.0,0.0,93.6,17
2024-11-23,mansar,Mansar Mine,Saturday,11,706,616,90,12.75,Medium,equipment_downtime,0.0,17.8,23.7,0.565,3.3,0.8,0.7,1.8,98.0,0.0,0.0,88.7,23
2024-11-24,mansar,Mansar Mine,Sunday,11,713,538,175,24.54,High,equipment_downtime,0.0,9.8,21.9,0.595,10.8,0.6,8.9,1.3,94.7,0.0,0.0,95.3,22
2024-11-25,mansar,Mansar Mine,Monday,11,718,665,53,7.38,Medium,equipment_downtime,0.0,16.6,23.1,0.597,4.1,0.7,1.2,2.2,98.0,0.0,0.0,96.6,26
2024-11-26,mansar,Mansar Mine,Tuesday,11,712,609,103,14.47,Medium,equipment_downtime,0.0,13.9,19.0,0.595,5.4,0.8,1.2,3.4,97.4,0.0,0.0,92.5,23
2024-11-27,mansar,Mansar Mine,Wednesday,11,691,641,50,7.24,Medium,equipment_downtime,0.0,19.8,23.7,0.651,2.5,0.5,0.4,1.6,98.0,0.0,0.0,92.6,25
2024-11-28,mansar,Mansar Mine,Thursday,11,696,607,89,12.79,Medium,equipment_downtime,0.0,19.2,23.1,0.565,4.8,0.8,0.5,3.5,97.7,0.0,0.0,90.1,24
2024-11-29,mansar,Mansar Mine,Friday,11,724,676,48,6.63,Medium,equipment_downtime,0.0,12.5,26.0,0.564,2.3,0.3,1.0,1.0,98.0,0.0,0.0,91.6,26
2024-11-30,mansar,Mansar Mine,Saturday,11,685,564,121,17.66,Medium,equipment_downtime,0.0,18.1,20.9,0.561,8.5,3.0,0.5,5.0,95.9,0.0,0.0,96.2,22
2024-12-01,mansar,Mansar Mine,Sunday,12,759,716,43,5.67,Low,equipment_downtime,0.0,17.9,23.1,0.648,2.4,0.7,0.4,1.3,98.0,0.0,0.0,99.0,32
2024-12-02,mansar,Mansar Mine,Monday,12,699,539,160,22.89,High,equipment_downtime,0.0,17.0,24.7,0.57,6.9,1.3,1.3,4.3,96.6,0.0,0.0,86.6,20
2024-12-03,mansar,Mansar Mine,Tuesday,12,738,631,107,14.5,Medium,labor_attendance,0.0,20.0,23.9,0.522,3.6,0.8,1.8,1.0,98.0,0.0,0.0,85.0,26
2024-12-04,mansar,Mansar Mine,Wednesday,12,726,665,61,8.4,Medium,equipment_downtime,0.0,15.8,26.3,0.611,4.0,1.2,1.5,1.3,98.0,0.6,0.0,90.4,28
2024-12-05,mansar,Mansar Mine,Thursday,12,737,637,100,13.57,Medium,equipment_downtime,0.0,18.0,20.7,0.607,5.3,1.3,1.1,2.9,97.4,0.6,0.0,88.0,27
2024-12-06,mansar,Mansar Mine,Friday,12,722,627,95,13.16,Medium,equipment_downtime,0.0,13.8,21.2,0.584,5.9,0.7,2.0,3.2,97.1,0.0,0.0,97.7,25
2024-12-07,mansar,Mansar Mine,Saturday,12,745,619,126,16.91,Medium,equipment_downtime,0.0,19.1,25.6,0.638,6.6,1.3,0.9,4.4,96.8,0.0,0.0,89.7,25
2024-12-08,mansar,Mansar Mine,Sunday,12,712,589,123,17.28,Medium,equipment_downtime,0.0,17.3,24.9,0.52,5.5,1.2,0.3,4.0,97.3,0.0,0.0,88.7,21
2024-12-09,mansar,Mansar Mine,Monday,12,726,716,10,1.38,Low,nominal_operations,0.0,19.9,23.3,0.635,3.0,0.4,1.1,1.5,98.0,0.0,0.0,93.9,30
2024-12-10,mansar,Mansar Mine,Tuesday,12,709,636,73,10.3,Medium,equipment_downtime,0.0,12.9,20.5,0.595,5.4,1.4,1.7,2.3,97.4,0.0,0.0,95.7,22
2024-12-11,mansar,Mansar Mine,Wednesday,12,751,728,23,3.06,Low,equipment_downtime,0.0,15.9,23.2,0.561,3.9,1.3,0.8,1.8,98.0,0.0,0.0,94.1,32
2024-12-12,mansar,Mansar Mine,Thursday,12,716,526,190,26.54,High,equipment_downtime,0.0,9.2,25.7,0.517,5.4,0.7,1.2,3.5,97.4,0.0,0.0,86.1,24
2024-12-13,mansar,Mansar Mine,Friday,12,718,373,345,48.05,High,equipment_downtime,0.0,12.0,21.4,0.556,26.0,8.7,0.9,16.4,87.3,0.0,0.0,96.7,13
2024-12-14,mansar,Mansar Mine,Saturday,12,733,643,90,12.28,Medium,equipment_downtime,0.0,16.6,25.8,0.606,5.8,1.4,1.5,2.9,97.2,0.0,0.0,92.7,30
2024-12-15,mansar,Mansar Mine,Sunday,12,727,708,19,2.61,Low,nominal_operations,0.0,15.7,23.0,0.544,4.0,0.6,0.2,3.2,98.0,0.0,0.0,91.3,26
2024-12-16,mansar,Mansar Mine,Monday,12,709,654,55,7.76,Medium,equipment_downtime,0.0,20.3,19.3,0.585,4.1,0.4,0.8,2.9,98.0,0.0,0.0,90.9,29
2024-12-17,mansar,Mansar Mine,Tuesday,12,719,379,340,47.29,High,equipment_downtime,0.0,17.8,22.4,0.606,20.5,13.1,1.2,6.2,90.0,0.0,0.0,84.2,16
2024-12-18,mansar,Mansar Mine,Wednesday,12,724,612,112,15.47,Medium,equipment_downtime,0.0,18.5,25.2,0.565,5.1,0.4,0.7,4.0,97.5,0.0,0.0,92.9,27
2024-12-19,mansar,Mansar Mine,Thursday,12,736,649,87,11.82,Medium,equipment_downtime,0.0,12.3,25.5,0.569,2.6,0.4,0.8,1.4,98.0,0.0,0.0,90.0,27
2024-12-20,mansar,Mansar Mine,Friday,12,752,603,149,19.81,High,equipment_downtime,0.0,13.2,23.9,0.576,12.1,0.7,8.3,3.1,94.1,0.0,0.0,92.9,24
2024-12-21,mansar,Mansar Mine,Saturday,12,744,602,142,19.09,High,equipment_downtime,0.0,17.9,24.6,0.519,5.7,1.0,0.6,4.1,97.2,0.0,0.0,84.1,20
2024-12-22,mansar,Mansar Mine,Sunday,12,752,615,137,18.22,High,labor_attendance,0.0,14.0,24.1,0.594,4.4,1.1,1.4,1.9,97.9,0.0,0.0,85.0,26
2024-12-23,mansar,Mansar Mine,Monday,12,723,583,140,19.36,High,equipment_downtime,20.1,20.1,22.1,0.581,5.5,0.8,0.4,4.3,97.3,0.0,0.0,83.6,26
2024-12-24,mansar,Mansar Mine,Tuesday,12,705,571,134,19.01,High,equipment_downtime,0.0,18.1,25.7,0.546,4.4,0.7,1.8,1.9,97.9,0.0,0.0,85.7,24
2024-12-25,mansar,Mansar Mine,Wednesday,12,698,592,106,15.19,Medium,equipment_downtime,0.0,12.5,24.2,0.492,5.3,1.2,0.2,3.9,97.4,0.0,0.0,91.2,26
2024-12-26,mansar,Mansar Mine,Thursday,12,728,623,105,14.42,Medium,equipment_downtime,0.0,17.3,22.1,0.54,7.1,1.4,1.5,4.2,96.5,0.0,0.0,88.9,23
2024-12-27,mansar,Mansar Mine,Friday,12,721,606,115,15.95,Medium,equipment_downtime,0.0,15.4,23.5,0.59,3.6,0.8,0.6,2.2,98.0,1.9,0.0,95.2,21
2024-12-28,mansar,Mansar Mine,Saturday,12,734,639,95,12.94,Medium,equipment_downtime,0.0,17.3,22.0,0.55,9.5,2.8,1.1,5.6,95.4,0.0,0.0,90.8,26
2024-12-29,mansar,Mansar Mine,Sunday,12,725,673,52,7.17,Medium,equipment_downtime,0.0,15.3,27.7,0.514,3.2,0.2,0.5,2.5,98.0,0.0,0.0,90.7,28
2024-12-30,mansar,Mansar Mine,Monday,12,739,690,49,6.63,Medium,equipment_downtime,0.0,21.1,27.9,0.48,3.1,0.4,0.8,1.9,98.0,0.0,0.0,88.8,28
2024-12-31,mansar,Mansar Mine,Tuesday,12,748,688,60,8.02,Medium,equipment_downtime,0.0,13.7,25.7,0.526,5.2,1.4,1.9,1.9,97.5,0.0,0.0,95.4,29
2025-01-01,mansar,Mansar Mine,Wednesday,1,772,665,107,13.86,Medium,equipment_downtime,0.0,14.5,25.6,0.547,6.6,1.4,1.8,3.4,96.8,0.0,0.0,90.1,28
2025-01-02,mansar,Mansar Mine,Thursday,1,782,717,65,8.31,Medium,equipment_downtime,0.0,21.2,20.3,0.469,3.0,0.4,1.3,1.3,98.0,0.0,0.0,97.4,30
2025-01-03,mansar,Mansar Mine,Friday,1,754,527,227,30.11,High,equipment_downtime,0.0,13.6,27.1,0.58,15.1,3.4,2.3,9.4,92.6,0.0,0.0,90.5,23
2025-01-04,mansar,Mansar Mine,Saturday,1,767,624,143,18.64,High,equipment_downtime,0.0,17.4,24.0,0.47,6.1,1.3,1.8,3.0,97.0,0.0,0.0,86.8,24
2025-01-05,mansar,Mansar Mine,Sunday,1,771,656,115,14.92,Medium,equipment_downtime,0.0,23.6,24.3,0.559,6.8,1.1,1.9,3.8,96.7,0.0,0.0,89.4,28
2025-01-06,mansar,Mansar Mine,Monday,1,756,691,65,8.6,Medium,equipment_downtime,0.0,15.4,24.4,0.486,3.6,0.4,0.9,2.3,98.0,0.0,0.0,94.6,30
2025-01-07,mansar,Mansar Mine,Tuesday,1,744,714,30,4.03,Low,equipment_downtime,0.0,11.9,27.1,0.445,4.0,0.3,1.6,2.1,98.0,0.0,0.0,94.9,29
2025-01-08,mansar,Mansar Mine,Wednesday,1,783,707,76,9.71,Medium,equipment_downtime,0.0,16.6,25.8,0.463,4.3,0.9,1.2,2.2,97.9,0.0,0.0,88.1,30
2025-01-09,mansar,Mansar Mine,Thursday,1,760,732,28,3.68,Low,equipment_downtime,5.7,19.3,22.4,0.444,2.2,0.4,0.7,1.1,98.0,0.0,0.0,94.5,25
2025-01-10,mansar,Mansar Mine,Friday,1,750,680,70,9.33,Medium,equipment_downtime,0.0,13.2,24.7,0.507,3.7,1.0,1.2,1.5,98.0,0.0,0.0,89.5,29
2025-01-11,mansar,Mansar Mine,Saturday,1,756,666,90,11.9,Medium,equipment_downtime,1.1,16.0,24.4,0.511,6.7,0.6,1.7,4.4,96.7,0.0,0.0,92.6,26
2025-01-12,mansar,Mansar Mine,Sunday,1,753,522,231,30.68,High,equipment_downtime,0.0,17.8,22.3,0.45,17.7,7.9,0.6,9.2,91.4,0.0,0.0,90.6,23
2025-01-13,mansar,Mansar Mine,Monday,1,748,632,116,15.51,Medium,equipment_downtime,0.0,18.9,24.0,0.427,5.4,0.6,1.4,3.4,97.4,0.0,0.0,89.5,27
2025-01-14,mansar,Mansar Mine,Tuesday,1,746,738,8,1.07,Low,nominal_operations,0.0,15.6,27.4,0.494,5.9,0.8,0.7,4.4,97.1,0.0,0.0,95.2,29
2025-01-15,mansar,Mansar Mine,Wednesday,1,759,703,56,7.38,Medium,equipment_downtime,0.0,20.4,24.6,0.422,3.4,0.5,0.9,2.0,98.0,0.0,0.0,96.1,30
2025-01-16,mansar,Mansar Mine,Thursday,1,789,573,216,27.38,High,equipment_downtime,0.0,18.2,28.7,0.456,14.7,4.2,0.6,9.9,92.8,0.0,0.0,94.2,22
2025-01-17,mansar,Mansar Mine,Friday,1,762,693,69,9.06,Medium,equipment_downtime,0.0,17.7,29.2,0.427,5.5,0.4,0.6,4.5,97.3,0.0,0.0,88.3,26
2025-01-18,mansar,Mansar Mine,Saturday,1,757,660,97,12.81,Medium,equipment_downtime,0.0,18.5,27.5,0.425,9.2,1.5,4.0,3.7,95.5,0.0,0.0,92.7,28
2025-01-19,mansar,Mansar Mine,Sunday,1,769,672,97,12.61,Medium,equipment_downtime,0.3,14.5,26.8,0.442,4.4,0.7,0.8,2.9,97.9,0.0,0.0,89.6,31
2025-01-20,mansar,Mansar Mine,Monday,1,748,631,117,15.64,Medium,equipment_downtime,0.0,15.3,25.4,0.416,7.4,0.4,4.0,3.0,96.4,0.0,0.0,92.0,26
2025-01-21,mansar,Mansar Mine,Tuesday,1,738,662,76,10.3,Medium,equipment_downtime,0.0,18.8,24.0,0.513,4.7,1.4,1.0,2.3,97.7,0.0,0.0,87.8,26
2025-01-22,mansar,Mansar Mine,Wednesday,1,785,695,90,11.46,Medium,equipment_downtime,0.0,15.5,26.4,0.509,5.8,0.8,0.7,4.3,97.2,0.0,0.0,97.7,27
2025-01-23,mansar,Mansar Mine,Thursday,1,741,693,48,6.48,Medium,equipment_downtime,0.0,12.7,25.7,0.433,4.2,1.0,0.3,2.9,98.0,0.0,0.0,92.0,27
2025-01-24,mansar,Mansar Mine,Friday,1,768,612,156,20.31,High,equipment_downtime,0.0,15.2,28.3,0.409,5.0,1.1,1.8,2.1,97.6,1.3,0.0,86.7,24
2025-01-25,mansar,Mansar Mine,Saturday,1,773,655,118,15.27,Medium,equipment_downtime,0.0,16.3,28.9,0.551,6.9,1.1,1.8,4.0,96.6,0.0,0.0,89.3,27
2025-01-26,mansar,Mansar Mine,Sunday,1,770,598,172,22.34,High,equipment_downtime,0.0,13.6,26.6,0.446,11.3,2.3,0.8,8.2,94.5,0.1,0.0,87.2,24
2025-01-27,mansar,Mansar Mine,Monday,1,753,710,43,5.71,Low,equipment_downtime,0.0,16.8,28.3,0.398,2.3,0.4,0.8,1.1,98.0,0.0,0.0,94.6,30
2025-01-28,mansar,Mansar Mine,Tuesday,1,745,644,101,13.56,Medium,equipment_downtime,0.0,19.1,25.4,0.425,5.1,1.5,1.0,2.6,97.5,0.0,0.0,92.7,26
2025-01-29,mansar,Mansar Mine,Wednesday,1,776,687,89,11.47,Medium,equipment_downtime,0.0,16.2,25.2,0.388,5.1,0.2,1.5,3.4,97.5,0.0,0.0,89.0,27
2025-01-30,mansar,Mansar Mine,Thursday,1,775,745,30,3.87,Low,equipment_downtime,0.0,15.4,25.8,0.408,4.0,1.1,0.6,2.3,98.0,0.0,0.0,94.1,29
2025-01-31,mansar,Mansar Mine,Friday,1,764,591,173,22.64,High,equipment_downtime,0.0,15.2,26.9,0.485,5.3,1.5,1.3,2.5,97.4,0.0,0.0,83.9,24
2025-02-01,mansar,Mansar Mine,Saturday,2,820,716,104,12.68,Medium,equipment_downtime,0.0,16.5,24.8,0.393,6.1,1.0,1.4,3.7,97.0,0.0,0.0,96.2,29
2025-02-02,mansar,Mansar Mine,Sunday,2,806,757,49,6.08,Medium,equipment_downtime,0.0,15.0,30.1,0.499,4.5,0.6,0.4,3.5,97.8,0.0,0.0,89.7,24
2025-02-03,mansar,Mansar Mine,Monday,2,799,699,100,12.52,Medium,equipment_downtime,16.0,16.4,28.2,0.459,6.1,1.3,1.9,2.9,97.0,0.1,0.0,93.2,29
2025-02-04,mansar,Mansar Mine,Tuesday,2,800,722,78,9.75,Medium,equipment_downtime,0.0,16.2,24.8,0.44,6.6,1.4,2.1,3.1,96.8,0.0,0.0,90.7,27
2025-02-05,mansar,Mansar Mine,Wednesday,2,796,740,56,7.04,Medium,equipment_downtime,0.0,17.2,26.3,0.368,4.9,0.8,1.2,2.9,97.6,0.0,0.0,95.4,31
2025-02-06,mansar,Mansar Mine,Thursday,2,784,674,110,14.03,Medium,equipment_downtime,0.0,18.5,25.8,0.367,6.0,0.9,1.6,3.5,97.1,0.0,0.0,94.2,24
2025-02-07,mansar,Mansar Mine,Friday,2,781,708,73,9.35,Medium,equipment_downtime,0.0,18.3,28.2,0.347,5.8,1.4,1.8,2.6,97.2,0.0,0.0,94.9,28
2025-02-08,mansar,Mansar Mine,Saturday,2,771,655,116,15.05,Medium,equipment_downtime,0.0,16.4,27.6,0.401,3.8,0.9,1.9,1.0,98.0,0.0,0.0,89.6,25
2025-02-09,mansar,Mansar Mine,Sunday,2,794,575,219,27.58,High,equipment_downtime,0.4,14.6,29.7,0.325,11.7,5.7,1.5,4.5,94.3,0.0,0.0,86.8,21
2025-02-10,mansar,Mansar Mine,Monday,2,764,651,113,14.79,Medium,equipment_downtime,0.0,15.4,28.0,0.383,3.6,0.3,1.8,1.5,98.0,0.0,0.0,87.6,25
2025-02-11,mansar,Mansar Mine,Tuesday,2,778,644,134,17.22,Medium,equipment_downtime,0.0,17.9,29.5,0.361,6.4,0.8,1.8,3.8,96.9,0.0,0.0,88.7,29
2025-02-12,mansar,Mansar Mine,Wednesday,2,777,708,69,8.88,Medium,equipment_downtime,0.0,14.6,29.1,0.353,5.1,1.3,0.4,3.4,97.5,0.0,0.0,91.4,26
2025-02-13,mansar,Mansar Mine,Thursday,2,765,680,85,11.11,Medium,equipment_downtime,10.2,23.2,20.3,0.37,6.0,1.4,1.7,2.9,97.1,0.0,0.0,94.7,26
2025-02-14,mansar,Mansar Mine,Friday,2,790,735,55,6.96,Medium,equipment_downtime,0.0,17.7,29.1,0.319,3.7,1.0,0.3,2.4,98.0,0.0,0.0,90.7,30
2025-02-15,mansar,Mansar Mine,Saturday,2,789,674,115,14.58,Medium,equipment_downtime,2.6,17.4,29.8,0.445,5.3,0.7,0.9,3.7,97.4,0.0,0.0,94.7,29
2025-02-16,mansar,Mansar Mine,Sunday,2,785,703,82,10.45,Medium,equipment_downtime,0.0,13.6,27.0,0.321,5.2,1.4,1.1,2.7,97.5,0.0,0.0,90.6,29
2025-02-17,mansar,Mansar Mine,Monday,2,809,748,61,7.54,Medium,equipment_downtime,0.0,15.3,29.8,0.393,5.3,1.0,0.8,3.5,97.4,0.0,0.0,96.9,32
2025-02-18,mansar,Mansar Mine,Tuesday,2,766,688,78,10.18,Medium,equipment_downtime,0.0,17.2,30.0,0.284,6.6,0.8,4.6,1.2,96.8,0.0,0.0,94.3,27
2025-02-19,mansar,Mansar Mine,Wednesday,2,793,742,51,6.43,Medium,equipment_downtime,0.0,12.3,26.5,0.316,3.7,0.4,1.6,1.7,98.0,0.0,0.0,94.1,30
2025-02-20,mansar,Mansar Mine,Thursday,2,808,683,125,15.47,Medium,equipment_downtime,0.0,12.8,31.6,0.404,6.8,0.9,1.4,4.5,96.7,0.0,0.0,93.6,26
2025-02-21,mansar,Mansar Mine,Friday,2,775,709,66,8.52,Medium,blasting_delays,0.0,18.8,32.6,0.366,2.9,0.9,0.3,1.7,98.0,2.5,0.0,92.9,29
2025-02-22,mansar,Mansar Mine,Saturday,2,769,602,167,21.72,High,equipment_downtime,6.6,12.8,27.7,0.363,6.1,1.0,0.6,4.5,97.0,0.0,0.0,94.7,23
2025-02-23,mansar,Mansar Mine,Sunday,2,793,759,34,4.29,Low,equipment_downtime,0.0,14.8,27.9,0.368,4.0,1.0,1.9,1.1,98.0,0.0,0.0,92.7,31
2025-02-24,mansar,Mansar Mine,Monday,2,814,716,98,12.04,Medium,equipment_downtime,0.0,15.0,34.1,0.259,3.8,0.5,1.4,1.9,98.0,0.0,0.0,88.7,30
2025-02-25,mansar,Mansar Mine,Tuesday,2,805,824,0,0.0,Low,nominal_operations,0.0,11.8,31.8,0.286,3.8,0.8,0.8,2.2,98.0,0.0,0.0,94.1,33
2025-02-26,mansar,Mansar Mine,Wednesday,2,772,725,47,6.09,Medium,equipment_downtime,0.0,16.0,29.8,0.321,2.5,0.3,1.0,1.2,98.0,0.0,0.0,90.0,30
2025-02-27,mansar,Mansar Mine,Thursday,2,811,742,69,8.51,Medium,equipment_downtime,0.0,16.7,32.2,0.293,5.6,1.2,1.8,2.6,97.3,0.9,0.0,96.6,28
2025-02-28,mansar,Mansar Mine,Friday,2,760,672,88,11.58,Medium,equipment_downtime,0.0,15.4,29.9,0.242,5.3,1.4,1.3,2.6,97.4,0.0,0.0,90.1,26
2025-03-01,mansar,Mansar Mine,Saturday,3,826,784,42,5.08,Low,equipment_downtime,0.0,12.9,30.7,0.272,5.1,0.9,1.7,2.5,97.5,0.0,0.0,93.6,29
2025-03-02,mansar,Mansar Mine,Sunday,3,794,664,130,16.37,Medium,labor_attendance,0.0,19.4,32.3,0.336,3.9,0.8,0.7,2.4,98.0,0.0,0.0,83.5,23
2025-03-03,mansar,Mansar Mine,Monday,3,797,740,57,7.15,Medium,equipment_downtime,0.0,15.8,31.6,0.28,5.0,1.1,0.2,3.7,97.6,0.0,0.0,91.8,30
2025-03-04,mansar,Mansar Mine,Tuesday,3,826,802,24,2.91,Low,equipment_downtime,0.0,15.0,30.5,0.36,3.9,0.8,0.3,2.8,98.0,0.0,0.0,94.1,33
2025-03-05,mansar,Mansar Mine,Wednesday,3,778,708,70,9.0,Medium,equipment_downtime,0.0,14.7,31.6,0.285,3.7,0.8,1.1,1.8,98.0,0.0,0.0,91.6,30
2025-03-06,mansar,Mansar Mine,Thursday,3,849,736,113,13.31,Medium,equipment_downtime,0.0,19.4,31.8,0.302,8.6,4.0,1.7,2.9,95.8,0.0,0.0,89.2,30
2025-03-07,mansar,Mansar Mine,Friday,3,817,621,196,23.99,High,equipment_downtime,0.0,18.9,30.7,0.246,13.4,7.0,1.1,5.3,93.5,0.0,0.0,90.9,26
2025-03-08,mansar,Mansar Mine,Saturday,3,797,672,125,15.68,Medium,equipment_downtime,15.5,17.3,29.0,0.309,6.3,1.2,0.9,4.2,96.9,2.8,0.0,95.1,30
2025-03-09,mansar,Mansar Mine,Sunday,3,813,544,269,33.09,High,equipment_downtime,0.0,19.2,31.1,0.274,19.4,2.4,1.8,15.2,90.5,0.0,0.0,87.7,15
2025-03-10,mansar,Mansar Mine,Monday,3,798,767,31,3.88,Low,equipment_downtime,0.0,19.1,32.7,0.281,3.1,1.2,0.8,1.1,98.0,0.0,0.0,92.4,31
2025-03-11,mansar,Mansar Mine,Tuesday,3,813,810,3,0.37,Low,nominal_operations,0.0,21.4,31.2,0.28,2.3,0.7,0.4,1.2,98.0,0.0,0.0,96.4,30
2025-03-12,mansar,Mansar Mine,Wednesday,3,830,726,104,12.53,Medium,equipment_downtime,0.0,18.9,33.5,0.195,6.5,1.3,1.0,4.2,96.8,0.0,0.0,91.5,33
2025-03-13,mansar,Mansar Mine,Thursday,3,828,732,96,11.59,Medium,equipment_downtime,0.0,13.6,32.5,0.372,4.5,1.2,1.7,1.6,97.8,0.0,0.0,99.0,26
2025-03-14,mansar,Mansar Mine,Friday,3,821,760,61,7.43,Medium,equipment_downtime,0.0,15.6,31.1,0.309,4.7,0.7,0.4,3.6,97.7,0.0,0.0,95.0,30
2025-03-15,mansar,Mansar Mine,Saturday,3,815,490,325,39.88,High,equipment_downtime,0.0,17.4,31.8,0.291,23.4,16.0,0.4,7.0,88.6,0.0,0.0,91.4,21
2025-03-16,mansar,Mansar Mine,Sunday,3,808,688,120,14.85,Medium,equipment_downtime,0.0,18.4,33.5,0.247,6.9,1.5,1.9,3.5,96.6,0.0,0.0,90.8,25
2025-03-17,mansar,Mansar Mine,Monday,3,823,722,101,12.27,Medium,equipment_downtime,0.0,11.9,33.5,0.2,5.6,1.4,1.4,2.8,97.3,0.0,0.0,97.5,30
2025-03-18,mansar,Mansar Mine,Tuesday,3,790,715,75,9.49,Medium,equipment_downtime,0.0,19.8,30.6,0.317,6.6,1.3,1.7,3.6,96.8,0.0,0.0,98.0,28
2025-03-19,mansar,Mansar Mine,Wednesday,3,814,676,138,16.95,Medium,equipment_downtime,0.0,18.8,34.5,0.27,6.9,1.5,1.7,3.7,96.6,0.0,0.0,88.8,26
2025-03-20,mansar,Mansar Mine,Thursday,3,797,786,11,1.38,Low,nominal_operations,0.0,13.0,34.7,0.223,2.5,0.5,0.3,1.7,98.0,0.0,0.0,95.5,34
2025-03-21,mansar,Mansar Mine,Friday,3,818,782,36,4.4,Low,equipment_downtime,0.0,13.9,34.3,0.223,4.3,1.0,0.8,2.5,97.9,0.0,0.0,90.2,35
2025-03-22,mansar,Mansar Mine,Saturday,3,831,688,143,17.21,Medium,equipment_downtime,0.0,19.6,32.9,0.238,10.0,1.4,5.1,3.5,95.1,0.0,0.0,92.7,26
2025-03-23,mansar,Mansar Mine,Sunday,3,815,697,118,14.48,Medium,equipment_downtime,0.0,13.3,37.6,0.217,7.6,1.3,3.3,3.0,96.3,0.0,0.0,93.1,26
2025-03-24,mansar,Mansar Mine,Monday,3,790,623,167,21.14,High,equipment_downtime,0.0,18.8,37.0,0.229,10.2,3.7,1.4,5.1,95.0,0.0,0.0,89.8,27
2025-03-25,mansar,Mansar Mine,Tuesday,3,794,744,50,6.3,Medium,equipment_downtime,0.0,11.9,35.1,0.282,3.5,0.8,0.9,1.8,98.0,0.0,0.0,96.7,29
2025-03-26,mansar,Mansar Mine,Wednesday,3,806,618,188,23.33,High,equipment_downtime,0.0,19.6,35.0,0.196,5.7,1.4,1.3,3.0,97.2,0.0,0.0,87.1,26
2025-03-27,mansar,Mansar Mine,Thursday,3,798,760,38,4.76,Low,equipment_downtime,0.0,16.7,35.3,0.18,3.5,1.4,1.0,1.1,98.0,0.0,0.0,90.6,33
2025-03-28,mansar,Mansar Mine,Friday,3,815,718,97,11.9,Medium,equipment_downtime,0.0,15.6,33.9,0.264,9.2,1.5,4.0,3.7,95.5,0.0,0.0,96.1,29
2025-03-29,mansar,Mansar Mine,Saturday,3,843,546,297,35.23,High,equipment_downtime,0.0,14.6,38.2,0.264,18.8,8.6,1.6,8.6,90.8,1.2,0.0,97.6,21
2025-03-30,mansar,Mansar Mine,Sunday,3,810,728,82,10.12,Medium,equipment_downtime,0.0,17.8,33.5,0.253,3.0,0.5,0.2,2.3,98.0,0.0,0.0,94.8,30
2025-03-31,mansar,Mansar Mine,Monday,3,812,722,90,11.08,Medium,equipment_downtime,0.0,12.2,35.1,0.214,3.4,0.9,1.4,1.1,98.0,0.0,0.0,92.9,26
2025-04-01,mansar,Mansar Mine,Tuesday,4,812,721,91,11.21,Medium,equipment_downtime,0.0,15.5,37.4,0.234,6.5,1.0,1.6,3.9,96.8,0.3,0.0,93.7,34
2025-04-02,mansar,Mansar Mine,Wednesday,4,798,665,133,16.67,Medium,equipment_downtime,0.0,14.5,37.8,0.181,6.4,1.2,1.8,3.4,96.9,0.0,0.0,84.8,26
2025-04-03,mansar,Mansar Mine,Thursday,4,820,711,109,13.29,Medium,equipment_downtime,0.0,16.5,34.7,0.222,5.0,1.4,0.3,3.3,97.6,0.0,0.0,89.2,29
2025-04-04,mansar,Mansar Mine,Friday,4,821,603,218,26.55,High,equipment_downtime,0.0,18.3,37.2,0.18,16.6,1.3,12.3,3.0,91.9,0.0,0.0,93.2,24
2025-04-05,mansar,Mansar Mine,Saturday,4,806,716,90,11.17,Medium,equipment_downtime,0.0,20.3,36.0,0.18,6.0,0.7,0.9,4.4,97.1,0.0,0.0,96.9,29
2025-04-06,mansar,Mansar Mine,Sunday,4,843,749,94,11.15,Medium,labor_attendance,0.0,15.4,37.7,0.226,3.7,0.3,1.5,1.9,98.0,0.0,0.0,86.2,32
2025-04-07,mansar,Mansar Mine,Monday,4,845,819,26,3.08,Low,equipment_downtime,0.0,11.2,33.5,0.237,4.4,1.4,1.2,1.8,97.9,0.0,0.0,91.3,32
2025-04-08,mansar,Mansar Mine,Tuesday,4,827,579,248,29.99,High,equipment_downtime,0.0,15.3,34.0,0.279,15.8,8.5,1.9,5.4,92.3,0.7,0.0,91.8,26
2025-04-09,mansar,Mansar Mine,Wednesday,4,812,719,93,11.45,Medium,equipment_downtime,0.0,16.3,36.1,0.25,6.8,0.7,2.6,3.5,96.7,0.0,0.0,96.9,28
2025-04-10,mansar,Mansar Mine,Thursday,4,830,711,119,14.34,Medium,equipment_downtime,0.0,12.0,39.3,0.205,5.5,0.8,0.7,4.0,97.3,0.0,0.0,96.7,28
2025-04-11,mansar,Mansar Mine,Friday,4,807,744,63,7.81,Medium,equipment_downtime,0.0,13.3,34.8,0.203,3.7,0.8,0.9,2.0,98.0,0.0,0.0,94.1,32
2025-04-12,mansar,Mansar Mine,Saturday,4,836,695,141,16.87,Medium,equipment_downtime,0.0,20.6,36.7,0.215,5.5,0.4,1.4,3.7,97.3,1.2,0.0,93.9,29
2025-04-13,mansar,Mansar Mine,Sunday,4,821,688,133,16.2,Medium,equipment_downtime,0.0,18.7,36.9,0.18,7.1,1.0,1.8,4.3,96.5,0.0,0.0,95.9,23
2025-04-14,mansar,Mansar Mine,Monday,4,816,714,102,12.5,Medium,equipment_downtime,0.0,19.5,39.3,0.243,5.7,0.5,0.8,4.4,97.2,0.0,0.0,94.9,26
2025-04-15,mansar,Mansar Mine,Tuesday,4,811,735,76,9.37,Medium,equipment_downtime,0.0,12.1,35.7,0.212,5.5,1.5,1.0,3.0,97.3,0.0,0.0,92.2,28
2025-04-16,mansar,Mansar Mine,Wednesday,4,830,711,119,14.34,Medium,equipment_downtime,0.0,13.9,37.1,0.18,4.4,0.6,0.8,3.0,97.9,0.0,0.0,90.3,31
2025-04-17,mansar,Mansar Mine,Thursday,4,814,737,77,9.46,Medium,equipment_downtime,0.0,18.4,35.5,0.18,4.2,0.5,1.4,2.3,98.0,0.0,0.0,91.0,30
2025-04-18,mansar,Mansar Mine,Friday,4,792,715,77,9.72,Medium,equipment_downtime,0.0,17.4,38.7,0.257,2.8,0.4,0.7,1.7,98.0,0.0,0.0,88.7,28
2025-04-19,mansar,Mansar Mine,Saturday,4,815,563,252,30.92,High,equipment_downtime,0.0,19.2,34.1,0.192,21.3,11.5,0.3,9.5,89.6,0.0,0.0,92.2,23
2025-04-20,mansar,Mansar Mine,Sunday,4,825,718,107,12.97,Medium,equipment_downtime,0.0,20.1,35.8,0.18,5.5,1.4,1.0,3.1,97.3,0.5,0.0,97.3,30
2025-04-21,mansar,Mansar Mine,Monday,4,805,722,83,10.31,Medium,equipment_downtime,0.0,13.6,38.4,0.191,5.6,1.4,1.6,2.6,97.3,0.0,0.0,89.9,28
2025-04-22,mansar,Mansar Mine,Tuesday,4,804,757,47,5.85,Low,equipment_downtime,0.0,18.0,37.4,0.187,5.0,0.7,1.3,3.0,97.6,0.0,0.0,95.5,31
2025-04-23,mansar,Mansar Mine,Wednesday,4,829,574,255,30.76,High,equipment_downtime,0.0,11.4,38.2,0.18,15.0,5.8,1.4,7.8,92.7,0.0,0.0,87.4,21
2025-04-24,mansar,Mansar Mine,Thursday,4,814,668,146,17.94,Medium,equipment_downtime,0.0,20.8,41.2,0.19,3.9,0.6,2.0,1.3,98.0,0.0,0.0,86.0,25
2025-04-25,mansar,Mansar Mine,Friday,4,828,783,45,5.43,Low,equipment_downtime,0.0,15.0,39.3,0.18,2.4,0.4,0.6,1.4,98.0,0.0,0.0,99.0,30
2025-04-26,mansar,Mansar Mine,Saturday,4,847,724,123,14.52,Medium,labor_attendance,0.0,16.8,36.9,0.316,2.4,0.8,0.3,1.3,98.0,0.0,0.0,85.7,32
2025-04-27,mansar,Mansar Mine,Sunday,4,816,638,178,21.81,High,equipment_downtime,0.0,17.0,39.9,0.234,12.4,5.2,0.7,6.5,94.0,0.0,0.0,91.3,26
2025-04-28,mansar,Mansar Mine,Monday,4,793,686,107,13.49,Medium,equipment_downtime,0.0,21.7,33.5,0.185,4.2,0.9,0.7,2.6,98.0,0.0,0.0,87.0,29
2025-04-29,mansar,Mansar Mine,Tuesday,4,800,609,191,23.88,High,equipment_downtime,0.0,15.6,39.2,0.29,13.8,8.9,1.2,3.7,93.3,0.0,0.0,94.9,23
2025-04-30,mansar,Mansar Mine,Wednesday,4,798,406,392,49.12,High,equipment_downtime,0.0,17.6,38.3,0.19,25.6,11.1,1.2,13.3,87.5,0.0,0.0,89.1,17
2025-05-01,mansar,Mansar Mine,Thursday,5,819,587,232,28.33,High,equipment_downtime,0.0,14.1,37.3,0.209,14.4,4.5,1.3,8.6,93.0,0.0,0.0,96.5,24
2025-05-02,mansar,Mansar Mine,Friday,5,797,719,78,9.79,Medium,equipment_downtime,0.0,13.4,37.0,0.18,6.6,1.2,1.1,4.3,96.8,0.0,0.0,93.4,29
2025-05-03,mansar,Mansar Mine,Saturday,5,804,723,81,10.07,Medium,equipment_downtime,0.0,15.4,38.2,0.211,5.7,0.9,1.0,3.8,97.2,0.0,0.0,97.3,31
2025-05-04,mansar,Mansar Mine,Sunday,5,820,793,27,3.29,Low,equipment_downtime,0.0,15.3,37.8,0.18,3.9,0.9,0.5,2.5,98.0,0.0,0.0,91.7,33
2025-05-05,mansar,Mansar Mine,Monday,5,799,665,134,16.77,Medium,equipment_downtime,0.0,12.3,36.8,0.192,8.1,2.6,0.3,5.2,96.1,0.0,0.0,90.7,29
2025-05-06,mansar,Mansar Mine,Tuesday,5,852,725,127,14.91,Medium,equipment_downtime,0.0,15.9,40.0,0.205,5.4,0.9,1.7,2.8,97.4,0.0,0.0,95.1,27
2025-05-07,mansar,Mansar Mine,Wednesday,5,817,628,189,23.13,High,equipment_downtime,0.0,13.5,39.8,0.18,10.4,1.4,4.7,4.3,94.9,2.7,0.0,94.3,25
2025-05-08,mansar,Mansar Mine,Thursday,5,819,759,60,7.33,Medium,equipment_downtime,0.0,18.3,37.9,0.193,4.4,1.0,1.9,1.5,97.9,0.0,0.0,93.9,34
2025-05-09,mansar,Mansar Mine,Friday,5,818,701,117,14.3,Medium,equipment_downtime,0.0,14.9,39.9,0.271,12.1,5.7,1.8,4.6,94.1,0.0,0.0,95.7,26
2025-05-10,mansar,Mansar Mine,Saturday,5,835,448,387,46.35,High,equipment_downtime,0.0,16.9,38.8,0.18,26.1,1.6,9.8,14.7,87.3,0.8,0.0,92.0,18
2025-05-11,mansar,Mansar Mine,Sunday,5,834,752,82,9.83,Medium,equipment_downtime,0.0,19.6,39.2,0.18,5.6,0.7,1.1,3.8,97.3,0.0,0.0,88.2,29
2025-05-12,mansar,Mansar Mine,Monday,5,832,769,63,7.57,Medium,equipment_downtime,0.0,11.9,38.5,0.227,4.6,1.4,0.5,2.7,97.8,0.0,0.0,95.7,33
2025-05-13,mansar,Mansar Mine,Tuesday,5,838,815,23,2.74,Low,equipment_downtime,0.0,15.5,37.8,0.256,4.0,0.4,1.7,1.9,98.0,0.0,0.0,96.0,32
2025-05-14,mansar,Mansar Mine,Wednesday,5,829,770,59,7.12,Medium,equipment_downtime,0.0,14.9,43.2,0.184,4.3,0.7,0.2,3.4,97.9,0.0,0.0,92.0,33
2025-05-15,mansar,Mansar Mine,Thursday,5,817,672,145,17.75,Medium,equipment_downtime,0.0,14.2,41.1,0.289,9.6,5.3,1.9,2.4,95.3,0.0,0.0,99.0,31
2025-05-16,mansar,Mansar Mine,Friday,5,807,622,185,22.92,High,labor_attendance,0.0,14.7,37.5,0.239,2.9,0.8,0.3,1.8,98.0,0.0,0.0,84.0,26
2025-05-17,mansar,Mansar Mine,Saturday,5,818,714,104,12.71,Medium,equipment_downtime,0.0,15.5,37.3,0.219,3.9,1.2,0.2,2.5,98.0,0.0,0.0,92.3,29
2025-05-18,mansar,Mansar Mine,Sunday,5,803,763,40,4.98,Low,equipment_downtime,0.0,17.6,40.0,0.224,5.2,1.3,0.3,3.6,97.5,0.0,0.0,90.1,30
2025-05-19,mansar,Mansar Mine,Monday,5,807,700,107,13.26,Medium,equipment_downtime,0.0,12.4,40.4,0.227,5.6,0.7,1.3,3.6,97.3,0.0,0.0,91.0,29
2025-05-20,mansar,Mansar Mine,Tuesday,5,817,744,73,8.94,Medium,equipment_downtime,0.0,17.8,41.6,0.22,5.1,0.4,0.9,3.8,97.5,0.0,0.0,96.4,30
2025-05-21,mansar,Mansar Mine,Wednesday,5,797,701,96,12.05,Medium,equipment_downtime,0.0,14.7,40.1,0.24,5.1,0.3,1.1,3.7,97.5,0.0,0.0,88.1,26
2025-05-22,mansar,Mansar Mine,Thursday,5,820,812,8,0.98,Low,nominal_operations,0.0,16.6,40.2,0.262,3.4,0.2,1.0,2.2,98.0,0.0,0.0,99.0,33
2025-05-23,mansar,Mansar Mine,Friday,5,826,707,119,14.41,Medium,equipment_downtime,0.0,18.9,40.8,0.252,5.7,0.6,1.0,4.1,97.2,0.0,0.0,90.4,31
2025-05-24,mansar,Mansar Mine,Saturday,5,798,509,289,36.22,High,equipment_downtime,0.0,18.1,42.6,0.237,17.6,2.4,0.8,14.4,91.4,0.4,0.0,89.1,21
2025-05-25,mansar,Mansar Mine,Sunday,5,805,687,118,14.66,Medium,equipment_downtime,0.0,16.4,40.6,0.245,4.0,0.6,0.3,3.1,98.0,0.0,0.0,92.8,27
2025-05-26,mansar,Mansar Mine,Monday,5,790,696,94,11.9,Medium,equipment_downtime,0.0,18.8,41.1,0.209,5.1,0.8,1.9,2.4,97.5,0.8,0.0,91.8,25
2025-05-27,mansar,Mansar Mine,Tuesday,5,816,826,0,0.0,Low,nominal_operations,0.0,17.2,42.8,0.24,3.5,1.0,0.6,1.9,98.0,0.0,0.0,95.0,32
2025-05-28,mansar,Mansar Mine,Wednesday,5,843,697,146,17.32,Medium,equipment_downtime,0.0,18.3,41.4,0.227,7.4,1.5,1.6,4.3,96.4,0.0,0.0,94.4,27
2025-05-29,mansar,Mansar Mine,Thursday,5,828,731,97,11.71,Medium,equipment_downtime,0.0,20.1,39.1,0.218,6.3,1.4,1.6,3.3,96.9,0.0,0.0,92.3,32
2025-05-30,mansar,Mansar Mine,Friday,5,781,663,118,15.11,Medium,equipment_downtime,0.0,18.3,40.4,0.23,4.2,0.6,1.8,1.8,98.0,0.0,0.0,87.3,25
2025-05-31,mansar,Mansar Mine,Saturday,5,810,740,70,8.64,Medium,equipment_downtime,2.9,17.9,40.3,0.273,4.3,0.6,1.4,2.3,97.9,0.0,0.0,92.4,33
2025-06-01,mansar,Mansar Mine,Sunday,6,779,711,68,8.73,Medium,equipment_downtime,8.2,22.7,35.7,0.316,4.5,1.4,1.5,1.6,97.8,0.0,0.0,91.9,28
2025-06-02,mansar,Mansar Mine,Monday,6,779,691,88,11.3,Medium,equipment_downtime,3.0,20.4,37.6,0.258,2.7,0.4,1.2,1.1,98.0,0.0,0.0,90.0,27
2025-06-03,mansar,Mansar Mine,Tuesday,6,797,795,2,0.25,Low,nominal_operations,4.3,19.6,38.3,0.248,4.0,1.3,0.7,2.0,98.0,0.0,0.0,99.0,29
2025-06-04,mansar,Mansar Mine,Wednesday,6,802,527,275,34.29,High,equipment_downtime,1.2,16.7,36.2,0.256,13.9,10.1,0.5,3.3,93.2,0.0,0.0,84.8,20
2025-06-05,mansar,Mansar Mine,Thursday,6,809,727,82,10.14,Medium,equipment_downtime,5.1,23.4,40.3,0.246,4.7,0.6,0.6,3.5,97.7,0.0,0.0,89.2,29
2025-06-06,mansar,Mansar Mine,Friday,6,792,708,84,10.61,Medium,equipment_downtime,7.7,25.0,37.8,0.213,3.9,0.3,1.4,2.2,98.0,0.0,0.0,89.0,28
2025-06-07,mansar,Mansar Mine,Saturday,6,757,653,104,13.74,Medium,equipment_downtime,12.3,25.8,40.6,0.216,5.8,1.4,1.9,2.5,97.2,0.0,0.0,95.9,26
2025-06-08,mansar,Mansar Mine,Sunday,6,773,679,94,12.16,Medium,equipment_downtime,4.8,30.2,39.1,0.268,5.7,0.8,1.1,3.8,97.2,0.0,0.0,90.2,31
2025-06-09,mansar,Mansar Mine,Monday,6,776,114,662,85.31,High,weather_stoppage,62.5,39.9,32.8,0.275,31.3,22.9,2.0,6.4,84.7,0.0,9.1,99.0,5
2025-06-10,mansar,Mansar Mine,Tuesday,6,777,754,23,2.96,Low,equipment_downtime,4.1,26.5,35.6,0.228,4.3,1.3,0.3,2.7,97.9,0.0,0.0,94.5,32
2025-06-11,mansar,Mansar Mine,Wednesday,6,801,623,178,22.22,High,blasting_delays,3.7,22.7,39.3,0.376,3.8,0.3,1.8,1.7,98.0,3.3,0.0,88.3,24
2025-06-12,mansar,Mansar Mine,Thursday,6,778,745,33,4.24,Low,equipment_downtime,1.0,28.8,38.7,0.33,6.0,1.1,1.2,3.7,97.1,0.0,0.0,91.8,30
2025-06-13,mansar,Mansar Mine,Friday,6,782,714,68,8.7,Medium,equipment_downtime,18.8,30.4,37.3,0.299,3.0,0.6,1.2,1.2,98.0,0.0,0.0,94.8,25
2025-06-14,mansar,Mansar Mine,Saturday,6,789,738,51,6.46,Medium,equipment_downtime,3.8,27.7,40.3,0.253,3.6,1.2,0.8,1.6,98.0,0.0,0.0,91.7,33
2025-06-15,mansar,Mansar Mine,Sunday,6,792,641,151,19.07,High,equipment_downtime,4.3,20.1,40.7,0.262,8.6,5.8,0.4,2.4,95.8,0.0,0.0,90.7,27
2025-06-16,mansar,Mansar Mine,Monday,6,809,714,95,11.74,Medium,equipment_downtime,1.1,25.4,38.1,0.222,5.7,0.6,1.9,3.2,97.2,0.0,0.0,90.1,26
2025-06-17,mansar,Mansar Mine,Tuesday,6,802,624,178,22.19,High,equipment_downtime,0.5,25.2,41.0,0.318,8.4,1.4,3.9,3.1,95.9,2.7,0.0,89.1,26
2025-06-18,mansar,Mansar Mine,Wednesday,6,762,475,287,37.66,High,equipment_downtime,3.3,29.5,38.6,0.324,18.4,3.2,0.3,14.9,91.0,0.0,0.0,97.2,19
2025-06-19,mansar,Mansar Mine,Thursday,6,774,711,63,8.14,Medium,equipment_downtime,5.9,24.2,37.8,0.357,4.9,1.0,0.8,3.1,97.6,0.0,0.0,92.6,32
2025-06-20,mansar,Mansar Mine,Friday,6,801,710,91,11.36,Medium,equipment_downtime,0.4,27.8,42.5,0.304,5.0,1.4,1.6,2.0,97.6,0.0,0.0,96.7,29
2025-06-21,mansar,Mansar Mine,Saturday,6,811,752,59,7.27,Medium,equipment_downtime,2.4,27.5,40.9,0.27,3.7,0.7,1.6,1.4,98.0,0.0,0.0,92.4,34
2025-06-22,mansar,Mansar Mine,Sunday,6,788,724,64,8.12,Medium,equipment_downtime,2.1,31.3,37.3,0.265,5.0,1.1,1.7,2.2,97.6,0.0,0.0,94.1,25
2025-06-23,mansar,Mansar Mine,Monday,6,782,695,87,11.13,Medium,equipment_downtime,4.4,27.1,38.9,0.337,4.0,0.7,1.8,1.5,98.0,0.0,0.0,98.3,29
2025-06-24,mansar,Mansar Mine,Tuesday,6,775,692,83,10.71,Medium,equipment_downtime,2.0,26.0,37.2,0.268,4.7,0.6,1.5,2.6,97.7,0.0,0.0,93.5,29
2025-06-25,mansar,Mansar Mine,Wednesday,6,828,780,48,5.8,Low,equipment_downtime,24.4,34.3,36.6,0.337,4.8,1.3,1.7,1.8,97.7,0.0,0.0,92.8,35
2025-06-26,mansar,Mansar Mine,Thursday,6,778,599,179,23.01,High,weather_stoppage,31.3,37.2,35.9,0.282,4.0,0.9,1.4,1.7,98.0,0.0,3.3,99.0,26
2025-06-27,mansar,Mansar Mine,Friday,6,807,696,111,13.75,Medium,equipment_downtime,3.6,29.1,37.0,0.325,3.7,0.3,1.4,2.0,98.0,1.0,0.0,92.2,25
2025-06-28,mansar,Mansar Mine,Saturday,6,786,695,91,11.58,Medium,equipment_downtime,1.8,32.4,38.6,0.283,4.3,1.2,1.7,1.4,97.9,0.0,0.0,94.0,28
2025-06-29,mansar,Mansar Mine,Sunday,6,788,728,60,7.61,Medium,equipment_downtime,11.0,35.8,37.9,0.31,8.8,0.2,0.8,7.8,95.7,0.0,0.0,92.7,29
2025-06-30,mansar,Mansar Mine,Monday,6,802,693,109,13.59,Medium,equipment_downtime,2.7,31.7,36.4,0.353,9.4,2.8,0.8,5.8,95.4,0.0,0.0,91.2,23
2025-07-01,mansar,Mansar Mine,Tuesday,7,760,183,577,75.92,High,weather_stoppage,56.6,47.9,30.1,0.323,5.4,3.3,0.7,1.4,97.4,0.4,7.5,92.1,6
2025-07-02,mansar,Mansar Mine,Wednesday,7,757,657,100,13.21,Medium,equipment_downtime,10.9,30.0,36.5,0.266,6.7,1.2,1.8,3.7,96.7,0.0,0.0,90.7,26
2025-07-03,mansar,Mansar Mine,Thursday,7,760,620,140,18.42,High,equipment_downtime,19.0,32.1,36.5,0.351,6.4,1.4,1.6,3.4,96.9,0.0,0.0,96.3,24
2025-07-04,mansar,Mansar Mine,Friday,7,748,389,359,47.99,High,weather_stoppage,36.0,42.7,34.8,0.347,9.6,5.4,1.9,2.3,95.3,0.0,4.2,90.5,14
2025-07-05,mansar,Mansar Mine,Saturday,7,758,622,136,17.94,Medium,equipment_downtime,1.2,27.8,38.3,0.343,4.7,1.2,1.4,2.1,97.7,0.0,0.0,88.1,25
2025-07-06,mansar,Mansar Mine,Sunday,7,736,577,159,21.6,High,equipment_downtime,1.4,32.9,41.4,0.321,10.9,1.2,8.3,1.4,94.7,0.0,0.0,99.0,22
2025-07-07,mansar,Mansar Mine,Monday,7,770,710,60,7.79,Medium,equipment_downtime,2.2,32.1,38.0,0.338,6.2,0.8,0.9,4.5,97.0,0.0,0.0,92.6,30
2025-07-08,mansar,Mansar Mine,Tuesday,7,757,651,106,14.0,Medium,equipment_downtime,0.6,37.9,38.0,0.334,5.1,0.3,0.5,4.3,97.5,0.0,0.0,87.6,26
2025-07-09,mansar,Mansar Mine,Wednesday,7,730,114,616,84.38,High,weather_stoppage,90.2,58.0,31.3,0.378,6.4,4.1,0.8,1.5,96.9,0.0,12.0,92.1,5
2025-07-10,mansar,Mansar Mine,Thursday,7,738,114,624,84.55,High,weather_stoppage,42.0,47.3,32.3,0.358,8.3,6.7,0.6,1.0,96.0,5.3,5.0,89.7,5
2025-07-11,mansar,Mansar Mine,Friday,7,790,764,26,3.29,Low,equipment_downtime,0.8,33.7,39.6,0.328,3.3,1.3,0.3,1.7,98.0,0.0,0.0,91.3,33
2025-07-12,mansar,Mansar Mine,Saturday,7,756,714,42,5.56,Low,equipment_downtime,4.6,34.1,36.5,0.312,3.4,0.7,1.6,1.1,98.0,0.0,0.0,95.3,29
2025-07-13,mansar,Mansar Mine,Sunday,7,765,711,54,7.06,Medium,equipment_downtime,3.6,32.5,37.7,0.396,5.5,0.2,2.0,3.3,97.3,0.0,0.0,99.0,31
2025-07-14,mansar,Mansar Mine,Monday,7,766,666,100,13.05,Medium,equipment_downtime,2.3,35.2,35.3,0.274,4.8,1.4,0.4,3.0,97.7,0.0,0.0,90.7,30
2025-07-15,mansar,Mansar Mine,Tuesday,7,756,684,72,9.52,Medium,equipment_downtime,0.4,33.9,35.8,0.4,4.9,0.7,0.3,3.9,97.6,0.0,0.0,90.0,31
2025-07-16,mansar,Mansar Mine,Wednesday,7,763,518,245,32.11,High,equipment_downtime,0.4,36.2,39.2,0.382,14.8,1.3,0.2,13.3,92.8,0.0,0.0,88.2,22
2025-07-17,mansar,Mansar Mine,Thursday,7,753,368,385,51.13,High,weather_stoppage,36.8,47.3,34.6,0.427,9.7,5.3,1.2,3.2,95.3,0.0,4.2,89.8,13
2025-07-18,mansar,Mansar Mine,Friday,7,771,667,104,13.49,Medium,equipment_downtime,4.2,37.5,35.7,0.382,6.3,0.3,2.0,4.0,96.9,0.0,0.0,88.4,31
2025-07-19,mansar,Mansar Mine,Saturday,7,778,759,19,2.44,Low,nominal_operations,0.7,35.1,38.7,0.389,3.0,0.6,0.8,1.6,98.0,0.0,0.0,91.2,30
2025-07-20,mansar,Mansar Mine,Sunday,7,741,563,178,24.02,High,equipment_downtime,0.9,36.2,36.5,0.41,11.3,1.1,5.7,4.5,94.5,0.0,0.0,93.6,23
2025-07-21,mansar,Mansar Mine,Monday,7,765,717,48,6.27,Medium,equipment_downtime,5.0,34.8,36.2,0.441,5.3,0.9,1.8,2.6,97.4,0.0,0.0,93.2,26
2025-07-22,mansar,Mansar Mine,Tuesday,7,764,619,145,18.98,High,equipment_downtime,4.1,36.4,36.2,0.325,6.4,1.0,2.5,2.9,96.9,0.0,0.0,87.4,24
2025-07-23,mansar,Mansar Mine,Wednesday,7,737,682,55,7.46,Medium,equipment_downtime,2.5,41.2,36.9,0.382,4.7,1.3,1.8,1.6,97.7,0.0,0.0,91.3,28
2025-07-24,mansar,Mansar Mine,Thursday,7,762,631,131,17.19,Medium,equipment_downtime,0.1,32.6,38.3,0.413,5.6,1.0,1.6,3.0,97.3,0.0,0.0,90.1,25
2025-07-25,mansar,Mansar Mine,Friday,7,764,645,119,15.58,Medium,equipment_downtime,12.7,39.0,31.4,0.403,5.6,0.3,0.9,4.4,97.3,0.0,0.0,91.2,26
2025-07-26,mansar,Mansar Mine,Saturday,7,776,637,139,17.91,Medium,equipment_downtime,3.9,41.4,34.0,0.407,5.5,0.9,1.3,3.3,97.3,0.0,0.0,87.5,28
2025-07-27,mansar,Mansar Mine,Sunday,7,745,493,252,33.83,High,weather_stoppage,32.5,42.4,31.6,0.4,4.8,0.5,0.9,3.4,97.7,0.3,2.8,89.3,16
2025-07-28,mansar,Mansar Mine,Monday,7,746,552,194,26.01,High,weather_stoppage,26.6,47.5,29.5,0.426,3.5,1.4,0.3,1.8,98.0,0.0,2.4,97.9,24
2025-07-29,mansar,Mansar Mine,Tuesday,7,763,686,77,10.09,Medium,equipment_downtime,3.9,37.3,35.0,0.496,4.5,0.3,1.2,3.0,97.8,0.0,0.0,99.0,27
2025-07-30,mansar,Mansar Mine,Wednesday,7,739,114,625,84.57,High,weather_stoppage,111.7,58.0,24.5,0.48,8.5,4.8,1.0,2.7,95.9,1.1,12.0,88.0,5
2025-07-31,mansar,Mansar Mine,Thursday,7,778,114,664,85.35,High,weather_stoppage,62.2,55.1,27.8,0.381,8.6,4.8,1.6,2.2,95.8,0.0,8.1,88.6,5
2025-08-01,mansar,Mansar Mine,Friday,8,740,674,66,8.92,Medium,equipment_downtime,0.9,37.1,36.4,0.494,4.4,1.5,0.5,2.4,97.9,0.0,0.0,85.7,28
2025-08-02,mansar,Mansar Mine,Saturday,8,725,632,93,12.83,Medium,equipment_downtime,1.5,40.3,34.9,0.457,3.4,1.1,1.2,1.1,98.0,0.0,0.0,88.4,25
2025-08-03,mansar,Mansar Mine,Sunday,8,704,522,182,25.85,High,weather_stoppage,25.4,45.4,29.2,0.398,2.7,1.1,0.6,1.0,98.0,0.0,1.8,94.4,20
2025-08-04,mansar,Mansar Mine,Monday,8,757,727,30,3.96,Low,equipment_downtime,2.6,37.0,35.8,0.492,4.6,1.4,2.1,1.1,97.8,0.0,0.0,91.6,33
2025-08-05,mansar,Mansar Mine,Tuesday,8,711,149,562,79.04,High,weather_stoppage,34.0,48.0,31.8,0.401,17.7,6.4,0.8,10.5,91.4,0.0,3.5,88.1,5
2025-08-06,mansar,Mansar Mine,Wednesday,8,709,350,359,50.63,High,weather_stoppage,31.7,48.1,32.8,0.417,6.3,1.0,1.7,3.6,96.9,0.0,3.5,92.7,14
2025-08-07,mansar,Mansar Mine,Thursday,8,719,198,521,72.46,High,weather_stoppage,33.5,48.1,27.2,0.45,14.2,3.9,1.6,8.7,93.1,0.0,4.3,93.0,8
2025-08-08,mansar,Mansar Mine,Friday,8,731,623,108,14.77,Medium,labor_attendance,2.4,37.5,35.3,0.405,2.8,0.3,0.2,2.3,98.0,0.0,0.0,87.3,26
2025-08-09,mansar,Mansar Mine,Saturday,8,747,619,128,17.14,Medium,equipment_downtime,14.3,43.9,30.5,0.499,4.7,0.7,1.5,2.5,97.7,0.0,0.0,93.5,25
2025-08-10,mansar,Mansar Mine,Sunday,8,737,621,116,15.74,Medium,equipment_downtime,13.0,39.4,31.1,0.454,6.3,1.4,0.5,4.4,96.9,0.0,0.0,92.6,26
2025-08-11,mansar,Mansar Mine,Monday,8,742,659,83,11.19,Medium,equipment_downtime,0.6,35.8,31.8,0.493,5.6,1.3,1.2,3.1,97.3,0.0,0.0,90.5,29
2025-08-12,mansar,Mansar Mine,Tuesday,8,742,313,429,57.82,High,weather_stoppage,38.5,45.9,28.8,0.577,7.6,5.2,0.2,2.2,96.3,0.0,4.0,86.6,12
2025-08-13,mansar,Mansar Mine,Wednesday,8,743,423,320,43.07,High,weather_stoppage,31.4,44.7,29.4,0.469,5.3,0.4,1.8,3.1,97.4,0.0,3.6,91.6,17
2025-08-14,mansar,Mansar Mine,Thursday,8,732,675,57,7.79,Medium,equipment_downtime,2.0,39.4,30.9,0.467,5.2,0.4,0.9,3.9,97.5,0.0,0.0,95.1,29
2025-08-15,mansar,Mansar Mine,Friday,8,722,657,65,9.0,Medium,equipment_downtime,4.6,36.3,31.0,0.452,5.7,2.3,0.2,3.2,97.2,0.0,0.0,89.0,26
2025-08-16,mansar,Mansar Mine,Saturday,8,737,641,96,13.03,Medium,weather_stoppage,20.0,44.8,30.1,0.552,4.7,1.3,0.4,3.0,97.7,0.0,0.0,95.7,27
2025-08-17,mansar,Mansar Mine,Sunday,8,712,586,126,17.7,Medium,equipment_downtime,3.3,36.8,33.9,0.529,7.4,1.2,4.0,2.2,96.4,0.0,0.0,92.9,22
2025-08-18,mansar,Mansar Mine,Monday,8,727,615,112,15.41,Medium,equipment_downtime,5.0,40.7,34.1,0.461,6.1,1.2,1.8,3.1,97.0,0.0,0.0,89.0,26
2025-08-19,mansar,Mansar Mine,Tuesday,8,730,114,616,84.38,High,weather_stoppage,137.3,58.0,16.0,0.543,8.5,4.8,0.9,2.8,95.9,0.0,12.0,91.7,5
2025-08-20,mansar,Mansar Mine,Wednesday,8,748,683,65,8.69,Medium,equipment_downtime,1.0,39.7,32.1,0.551,5.5,1.4,0.9,3.2,97.3,0.0,0.0,91.3,30
2025-08-21,mansar,Mansar Mine,Thursday,8,753,181,572,75.96,High,weather_stoppage,41.3,50.1,26.5,0.477,9.5,5.8,1.1,2.6,95.4,0.0,5.8,99.0,10
2025-08-22,mansar,Mansar Mine,Friday,8,728,114,614,84.34,High,weather_stoppage,98.0,58.0,22.1,0.438,10.3,4.6,3.8,1.9,95.0,0.0,12.0,84.2,5
2025-08-23,mansar,Mansar Mine,Saturday,8,743,607,136,18.3,High,equipment_downtime,4.5,42.1,31.3,0.516,5.5,0.9,1.0,3.6,97.3,0.0,0.0,89.1,26
2025-08-24,mansar,Mansar Mine,Sunday,8,722,608,114,15.79,Medium,equipment_downtime,6.3,43.2,30.1,0.486,5.8,0.4,1.3,4.1,97.2,0.0,0.0,90.1,23
2025-08-25,mansar,Mansar Mine,Monday,8,743,706,37,4.98,Low,equipment_downtime,1.3,39.0,32.7,0.447,3.3,1.3,0.4,1.6,98.0,0.0,0.0,91.9,30
2025-08-26,mansar,Mansar Mine,Tuesday,8,707,583,124,17.54,Medium,equipment_downtime,7.6,43.0,30.7,0.53,4.0,0.3,1.5,2.2,98.0,0.0,0.0,93.2,22
2025-08-27,mansar,Mansar Mine,Wednesday,8,722,610,112,15.51,Medium,equipment_downtime,10.4,37.3,30.6,0.533,7.2,0.9,2.0,4.3,96.5,0.0,0.0,92.7,26
2025-08-28,mansar,Mansar Mine,Thursday,8,732,584,148,20.22,High,equipment_downtime,24.2,43.7,27.6,0.563,6.0,1.0,1.0,4.0,97.1,0.0,0.0,91.4,24
2025-08-29,mansar,Mansar Mine,Friday,8,735,379,356,48.44,High,equipment_downtime,27.9,45.7,28.8,0.629,14.2,2.0,0.5,11.7,93.1,0.0,2.0,98.4,15
2025-08-30,mansar,Mansar Mine,Saturday,8,738,114,624,84.55,High,weather_stoppage,97.0,58.0,18.9,0.485,10.4,5.6,1.9,2.9,94.9,0.0,12.0,88.8,5
2025-08-31,mansar,Mansar Mine,Sunday,8,729,426,303,41.56,High,weather_stoppage,28.9,46.6,27.7,0.552,4.7,0.4,1.6,2.7,97.7,0.0,3.7,98.5,17
2025-09-01,mansar,Mansar Mine,Monday,9,707,415,292,41.3,High,equipment_downtime,8.6,41.3,28.8,0.593,19.3,14.2,0.4,4.7,90.6,0.0,0.0,93.7,21
2025-09-02,mansar,Mansar Mine,Tuesday,9,705,626,79,11.21,Medium,equipment_downtime,3.4,37.8,33.6,0.555,5.1,0.9,1.0,3.2,97.5,0.0,0.0,95.5,26
2025-09-03,mansar,Mansar Mine,Wednesday,9,722,632,90,12.47,Medium,equipment_downtime,2.4,33.5,30.8,0.585,3.7,0.9,1.7,1.1,98.0,0.0,0.0,93.1,26
2025-09-04,mansar,Mansar Mine,Thursday,9,678,570,108,15.93,Medium,equipment_downtime,8.2,40.9,32.5,0.635,3.7,0.4,0.3,3.0,98.0,0.0,0.0,93.8,20
2025-09-05,mansar,Mansar Mine,Friday,9,706,393,313,44.33,High,weather_stoppage,35.3,45.2,23.9,0.526,5.5,3.5,0.3,1.7,97.3,0.0,3.8,90.7,18
2025-09-06,mansar,Mansar Mine,Saturday,9,724,379,345,47.65,High,weather_stoppage,26.5,47.7,32.0,0.541,2.7,0.7,0.4,1.6,98.0,0.9,3.4,90.7,17
2025-09-07,mansar,Mansar Mine,Sunday,9,698,114,584,83.67,High,weather_stoppage,70.8,55.5,22.0,0.531,8.7,6.1,1.3,1.3,95.8,0.7,9.0,90.5,6
2025-09-08,mansar,Mansar Mine,Monday,9,697,594,103,14.78,Medium,equipment_downtime,3.3,39.7,26.8,0.543,7.0,0.5,2.4,4.1,96.6,0.0,0.0,94.5,24
2025-09-09,mansar,Mansar Mine,Tuesday,9,719,693,26,3.62,Low,equipment_downtime,4.1,36.1,29.8,0.546,4.2,0.6,0.8,2.8,98.0,0.0,0.0,98.7,28
2025-09-10,mansar,Mansar Mine,Wednesday,9,708,602,106,14.97,Medium,equipment_downtime,1.0,40.3,29.2,0.546,3.4,1.0,0.9,1.5,98.0,0.0,0.0,89.0,25
2025-09-11,mansar,Mansar Mine,Thursday,9,711,662,49,6.89,Medium,equipment_downtime,23.3,40.3,24.5,0.491,6.0,1.0,0.8,4.2,97.1,0.4,0.0,91.0,25
2025-09-12,mansar,Mansar Mine,Friday,9,723,490,233,32.23,High,equipment_downtime,7.7,39.1,28.0,0.563,15.7,10.6,1.4,3.7,92.3,0.0,0.0,91.0,22
2025-09-13,mansar,Mansar Mine,Saturday,9,709,195,514,72.5,High,weather_stoppage,46.9,48.9,25.4,0.626,7.8,3.9,1.3,2.6,96.2,0.0,5.8,94.8,5
2025-09-14,mansar,Mansar Mine,Sunday,9,702,565,137,19.52,High,equipment_downtime,0.4,35.2,31.1,0.626,6.3,1.1,1.2,4.0,96.9,0.0,0.0,87.2,24
2025-09-15,mansar,Mansar Mine,Monday,9,707,650,57,8.06,Medium,equipment_downtime,1.9,37.3,25.4,0.585,5.0,1.0,1.4,2.6,97.6,0.0,0.0,93.3,28
2025-09-16,mansar,Mansar Mine,Tuesday,9,720,331,389,54.03,High,equipment_downtime,21.5,40.0,28.1,0.511,23.4,1.8,11.3,10.3,88.6,0.0,0.0,88.3,16
2025-09-17,mansar,Mansar Mine,Wednesday,9,689,562,127,18.43,High,equipment_downtime,2.0,33.8,28.8,0.564,6.8,0.8,1.8,4.2,96.7,0.5,0.0,89.5,25
2025-09-18,mansar,Mansar Mine,Thursday,9,718,648,70,9.75,Medium,equipment_downtime,3.2,37.7,29.2,0.62,5.4,1.9,1.2,2.3,97.4,0.0,0.0,95.3,28
2025-09-19,mansar,Mansar Mine,Friday,9,695,439,256,36.83,High,weather_stoppage,31.5,45.9,20.3,0.553,4.1,0.7,0.6,2.8,98.0,0.0,2.4,94.8,16
2025-09-20,mansar,Mansar Mine,Saturday,9,713,591,122,17.11,Medium,equipment_downtime,7.9,37.0,25.2,0.614,3.6,0.3,0.6,2.7,98.0,0.0,0.0,88.7,22
2025-09-21,mansar,Mansar Mine,Sunday,9,701,271,430,61.34,High,weather_stoppage,38.2,40.0,25.8,0.535,14.1,10.5,0.6,3.0,93.1,0.0,5.2,96.7,14
2025-09-22,mansar,Mansar Mine,Monday,9,694,580,114,16.43,Medium,equipment_downtime,3.7,35.1,25.1,0.615,7.3,0.9,0.9,5.5,96.4,0.0,0.0,89.6,25
2025-09-23,mansar,Mansar Mine,Tuesday,9,721,647,74,10.26,Medium,equipment_downtime,4.8,34.4,29.5,0.584,4.9,0.4,0.6,3.9,97.6,2.5,0.0,96.3,28
2025-09-24,mansar,Mansar Mine,Wednesday,9,714,603,111,15.55,Medium,weather_stoppage,21.0,44.0,23.8,0.588,2.6,1.2,0.3,1.1,98.0,0.0,0.0,95.2,25
2025-09-25,mansar,Mansar Mine,Thursday,9,718,631,87,12.12,Medium,equipment_downtime,22.4,33.4,24.9,0.553,5.7,1.4,2.5,1.8,97.2,0.0,0.0,93.5,26
2025-09-26,mansar,Mansar Mine,Friday,9,697,613,84,12.05,Medium,equipment_downtime,17.4,40.8,25.8,0.616,5.1,1.0,1.6,2.5,97.5,0.0,0.0,90.9,28
2025-09-27,mansar,Mansar Mine,Saturday,9,699,606,93,13.3,Medium,equipment_downtime,2.7,34.5,27.6,0.575,4.5,0.7,2.5,1.3,97.8,0.0,0.0,91.2,30
2025-09-28,mansar,Mansar Mine,Sunday,9,692,644,48,6.94,Medium,equipment_downtime,0.1,35.6,28.2,0.561,3.9,1.2,1.5,1.2,98.0,0.0,0.0,92.2,25
2025-09-29,mansar,Mansar Mine,Monday,9,720,643,77,10.69,Medium,equipment_downtime,0.8,31.6,25.0,0.557,5.8,1.3,0.6,3.9,97.2,0.2,0.0,91.2,27
2025-09-30,mansar,Mansar Mine,Tuesday,9,723,432,291,40.25,High,weather_stoppage,31.7,42.1,23.5,0.63,2.0,0.3,0.7,1.0,98.0,1.5,3.7,90.1,16
2025-10-01,mansar,Mansar Mine,Wednesday,10,698,654,44,6.3,Medium,equipment_downtime,0.0,30.0,25.6,0.598,2.9,0.5,0.5,1.9,98.0,0.7,0.0,93.4,26
2025-10-02,mansar,Mansar Mine,Thursday,10,703,567,136,19.35,High,equipment_downtime,0.0,30.3,25.4,0.555,6.5,1.2,1.0,4.3,96.8,0.0,0.0,91.8,25
2025-10-03,mansar,Mansar Mine,Friday,10,725,622,103,14.21,Medium,equipment_downtime,0.0,35.2,26.2,0.641,4.2,0.5,1.9,1.8,98.0,0.0,0.0,97.3,23
2025-10-04,mansar,Mansar Mine,Saturday,10,716,656,60,8.38,Medium,equipment_downtime,0.0,33.8,28.7,0.641,2.8,0.3,0.3,2.2,98.0,0.0,0.0,95.1,26
2025-10-05,mansar,Mansar Mine,Sunday,10,709,610,99,13.96,Medium,equipment_downtime,0.0,39.3,25.6,0.586,5.1,0.8,0.4,3.9,97.5,1.6,0.0,94.8,23
2025-10-06,mansar,Mansar Mine,Monday,10,706,644,62,8.78,Medium,equipment_downtime,0.0,28.0,26.0,0.559,4.4,0.9,2.0,1.5,97.9,0.0,0.0,93.7,24
2025-10-07,mansar,Mansar Mine,Tuesday,10,694,589,105,15.13,Medium,equipment_downtime,0.0,31.6,26.0,0.544,6.5,0.7,1.8,4.0,96.8,0.0,0.0,90.7,22
2025-10-08,mansar,Mansar Mine,Wednesday,10,713,652,61,8.56,Medium,equipment_downtime,0.0,34.9,24.8,0.608,3.0,0.3,0.5,2.2,98.0,0.0,0.0,91.6,28
2025-10-09,mansar,Mansar Mine,Thursday,10,694,603,91,13.11,Medium,equipment_downtime,0.0,32.4,23.4,0.644,4.1,0.7,1.2,2.2,98.0,0.0,0.0,85.9,21
2025-10-10,mansar,Mansar Mine,Friday,10,663,373,290,43.74,High,equipment_downtime,0.0,31.8,28.4,0.629,20.6,4.4,5.2,11.0,90.0,0.0,0.0,95.8,15
2025-10-11,mansar,Mansar Mine,Saturday,10,679,553,126,18.56,High,equipment_downtime,0.0,25.7,26.9,0.641,10.7,4.2,1.9,4.6,94.8,0.0,0.0,97.6,19
2025-10-12,mansar,Mansar Mine,Sunday,10,721,715,6,0.83,Low,nominal_operations,0.0,27.6,24.4,0.525,2.9,0.3,0.4,2.2,98.0,0.0,0.0,99.0,27
2025-10-13,mansar,Mansar Mine,Monday,10,707,530,177,25.04,High,equipment_downtime,0.0,29.2,24.6,0.636,12.9,0.3,8.7,3.9,93.7,0.0,0.0,94.9,21
2025-10-14,mansar,Mansar Mine,Tuesday,10,698,615,83,11.89,Medium,equipment_downtime,0.0,28.9,28.9,0.623,5.0,0.7,1.8,2.5,97.6,0.0,0.0,90.4,27
2025-10-15,mansar,Mansar Mine,Wednesday,10,748,717,31,4.14,Low,equipment_downtime,0.0,25.7,24.7,0.636,2.4,0.4,1.0,1.0,98.0,0.0,0.0,95.6,29
2025-10-16,mansar,Mansar Mine,Thursday,10,704,634,70,9.94,Medium,equipment_downtime,0.0,26.8,24.7,0.621,2.9,0.7,1.0,1.2,98.0,0.0,0.0,92.3,25
2025-10-17,mansar,Mansar Mine,Friday,10,683,546,137,20.06,High,equipment_downtime,0.0,30.6,22.4,0.632,6.6,1.3,1.1,4.2,96.8,0.0,0.0,94.0,21
2025-10-18,mansar,Mansar Mine,Saturday,10,712,703,9,1.26,Low,nominal_operations,0.0,26.8,21.8,0.659,2.2,0.4,0.6,1.2,98.0,0.0,0.0,99.0,30
2025-10-19,mansar,Mansar Mine,Sunday,10,705,347,358,50.78,High,equipment_downtime,0.0,25.9,25.4,0.576,27.6,18.9,0.4,8.3,86.5,0.0,0.0,92.6,12
2025-10-20,mansar,Mansar Mine,Monday,10,685,541,144,21.02,High,equipment_downtime,0.0,30.6,23.3,0.649,5.8,1.3,1.4,3.1,97.2,0.0,0.0,86.3,22
2025-10-21,mansar,Mansar Mine,Tuesday,10,690,636,54,7.83,Medium,equipment_downtime,0.0,30.5,23.4,0.637,5.2,1.3,1.6,2.3,97.5,0.0,0.0,98.8,28
2025-10-22,mansar,Mansar Mine,Wednesday,10,682,482,200,29.33,High,equipment_downtime,0.0,24.0,26.5,0.69,12.5,2.2,4.9,5.4,93.9,0.0,0.0,88.6,20
2025-10-23,mansar,Mansar Mine,Thursday,10,712,629,83,11.66,Medium,equipment_downtime,0.0,24.3,22.1,0.647,4.9,0.4,0.4,4.1,97.6,1.2,0.0,93.2,28
2025-10-24,mansar,Mansar Mine,Friday,10,711,617,94,13.22,Medium,equipment_downtime,0.0,24.5,24.4,0.658,4.4,0.5,1.8,2.1,97.9,0.0,0.0,96.6,27
2025-10-25,mansar,Mansar Mine,Saturday,10,683,544,139,20.35,High,equipment_downtime,0.0,25.0,23.1,0.697,7.3,1.3,1.9,4.1,96.4,0.0,0.0,96.7,21
2025-10-26,mansar,Mansar Mine,Sunday,10,699,673,26,3.72,Low,equipment_downtime,0.0,17.9,25.2,0.702,3.3,0.7,1.3,1.3,98.0,0.0,0.0,90.3,27
2025-10-27,mansar,Mansar Mine,Monday,10,700,686,14,2.0,Low,nominal_operations,0.0,25.3,22.5,0.697,4.1,0.5,1.0,2.6,98.0,0.0,0.0,93.9,25
2025-10-28,mansar,Mansar Mine,Tuesday,10,703,575,128,18.21,High,equipment_downtime,0.0,22.3,24.5,0.699,6.0,1.1,1.5,3.4,97.1,0.0,0.0,90.1,25
2025-10-29,mansar,Mansar Mine,Wednesday,10,712,662,50,7.02,Medium,equipment_downtime,0.0,24.9,23.1,0.658,5.5,0.8,0.9,3.8,97.3,0.0,0.0,90.3,26
2025-10-30,mansar,Mansar Mine,Thursday,10,705,639,66,9.36,Medium,equipment_downtime,0.0,22.9,26.1,0.647,4.1,0.7,1.8,1.6,98.0,0.0,0.0,90.3,25
2025-10-31,mansar,Mansar Mine,Friday,10,707,685,22,3.11,Low,equipment_downtime,0.0,23.5,24.4,0.635,3.5,0.2,0.7,2.6,98.0,0.0,0.0,92.3,26
2025-11-01,mansar,Mansar Mine,Saturday,11,739,600,139,18.81,High,equipment_downtime,0.0,21.9,23.3,0.629,5.3,1.1,1.0,3.2,97.4,0.0,0.0,92.9,26
2025-11-02,mansar,Mansar Mine,Sunday,11,712,676,36,5.06,Low,equipment_downtime,0.0,20.4,22.2,0.729,3.1,0.2,0.3,2.6,98.0,0.0,0.0,92.0,26
2025-11-03,mansar,Mansar Mine,Monday,11,721,541,180,24.97,High,equipment_downtime,0.0,21.6,23.4,0.599,11.4,2.3,2.0,7.1,94.4,0.0,0.0,97.7,20
2025-11-04,mansar,Mansar Mine,Tuesday,11,705,615,90,12.77,Medium,equipment_downtime,0.0,16.6,22.2,0.62,4.6,0.5,0.5,3.6,97.8,2.1,0.0,97.9,26
2025-11-05,mansar,Mansar Mine,Wednesday,11,694,637,57,8.21,Medium,equipment_downtime,0.0,20.4,24.9,0.679,3.9,0.2,1.5,2.2,98.0,0.0,0.0,95.3,26
2025-11-06,mansar,Mansar Mine,Thursday,11,705,656,49,6.95,Medium,equipment_downtime,0.0,19.3,25.9,0.673,4.0,0.7,0.6,2.7,98.0,0.0,0.0,92.6,27
2025-11-07,mansar,Mansar Mine,Friday,11,728,691,37,5.08,Low,equipment_downtime,0.0,22.2,25.1,0.622,3.5,1.0,0.5,2.0,98.0,0.0,0.0,90.1,33
2025-11-08,mansar,Mansar Mine,Saturday,11,697,462,235,33.72,High,equipment_downtime,0.0,20.3,20.8,0.642,16.5,7.3,0.6,8.6,92.0,0.0,0.0,92.9,17
2025-11-09,mansar,Mansar Mine,Sunday,11,700,597,103,14.71,Medium,equipment_downtime,0.0,20.3,21.7,0.576,5.5,1.3,0.8,3.4,97.3,0.0,0.0,92.5,23
2025-11-10,mansar,Mansar Mine,Monday,11,700,587,113,16.14,Medium,equipment_downtime,0.0,16.3,23.8,0.616,4.9,0.8,0.8,3.3,97.6,0.1,0.0,91.2,24
2025-11-11,mansar,Mansar Mine,Tuesday,11,715,637,78,10.91,Medium,equipment_downtime,0.0,20.0,21.5,0.642,5.0,0.5,0.9,3.6,97.6,0.0,0.0,95.3,27
2025-11-12,mansar,Mansar Mine,Wednesday,11,689,581,108,15.67,Medium,equipment_downtime,0.0,16.0,21.8,0.663,5.5,0.5,1.5,3.5,97.3,0.0,0.0,84.1,23
2025-11-13,mansar,Mansar Mine,Thursday,11,714,653,61,8.54,Medium,equipment_downtime,0.0,15.8,22.0,0.706,5.2,0.7,1.7,2.8,97.5,0.0,0.0,90.9,24
2025-11-14,mansar,Mansar Mine,Friday,11,727,660,67,9.22,Medium,equipment_downtime,0.0,12.9,21.8,0.632,3.0,0.4,0.7,1.9,98.0,0.0,0.0,91.2,29
2025-11-15,mansar,Mansar Mine,Saturday,11,703,620,83,11.81,Medium,equipment_downtime,0.0,18.7,26.2,0.582,4.9,0.4,0.5,4.0,97.6,0.0,0.0,94.1,26
2025-11-16,mansar,Mansar Mine,Sunday,11,692,669,23,3.32,Low,equipment_downtime,0.0,16.5,22.1,0.662,3.3,0.3,2.0,1.0,98.0,0.0,0.0,95.9,27
2025-11-17,mansar,Mansar Mine,Monday,11,702,594,108,15.38,Medium,equipment_downtime,0.0,13.5,23.6,0.689,6.3,1.4,1.6,3.3,96.9,0.0,0.0,94.6,22
2025-11-18,mansar,Mansar Mine,Tuesday,11,733,711,22,3.0,Low,equipment_downtime,0.0,16.7,20.9,0.635,2.7,0.5,0.5,1.7,98.0,0.0,0.0,97.8,31
2025-11-19,mansar,Mansar Mine,Wednesday,11,704,620,84,11.93,Medium,equipment_downtime,0.0,11.6,21.2,0.615,6.4,1.1,1.1,4.2,96.9,0.0,0.0,95.4,28
2025-11-20,mansar,Mansar Mine,Thursday,11,709,602,107,15.09,Medium,equipment_downtime,0.0,15.3,21.4,0.611,5.0,0.5,0.7,3.8,97.6,0.0,0.0,87.5,23
2025-11-21,mansar,Mansar Mine,Friday,11,702,489,213,30.34,High,equipment_downtime,0.0,20.5,21.5,0.567,18.3,12.9,2.0,3.4,91.1,0.0,0.0,90.9,21
2025-11-22,mansar,Mansar Mine,Saturday,11,721,621,100,13.87,Medium,equipment_downtime,0.0,20.1,23.0,0.7,3.2,0.4,1.1,1.7,98.0,0.0,0.0,89.8,24
2025-11-23,mansar,Mansar Mine,Sunday,11,727,614,113,15.54,Medium,blasting_delays,0.0,15.1,22.2,0.647,3.2,0.9,0.6,1.7,98.0,2.0,0.0,93.3,24
2025-11-24,mansar,Mansar Mine,Monday,11,678,629,49,7.23,Medium,equipment_downtime,2.5,15.1,20.3,0.621,2.5,0.6,0.8,1.1,98.0,0.0,0.0,92.9,27
2025-11-25,mansar,Mansar Mine,Tuesday,11,722,640,82,11.36,Medium,equipment_downtime,2.1,12.0,23.7,0.648,8.8,2.6,1.1,5.1,95.7,0.0,0.0,99.0,23
2025-11-26,mansar,Mansar Mine,Wednesday,11,725,544,181,24.97,High,equipment_downtime,10.8,15.2,19.5,0.593,14.6,1.4,1.9,11.3,92.9,0.0,0.0,95.9,20
2025-11-27,mansar,Mansar Mine,Thursday,11,734,623,111,15.12,Medium,equipment_downtime,0.0,16.7,23.7,0.532,4.8,0.9,1.2,2.7,97.7,0.5,0.0,99.0,26
2025-11-28,mansar,Mansar Mine,Friday,11,715,663,52,7.27,Medium,equipment_downtime,0.0,15.5,24.5,0.653,4.8,1.2,0.6,3.0,97.7,0.0,0.0,91.0,25
2025-11-29,mansar,Mansar Mine,Saturday,11,721,618,103,14.29,Medium,equipment_downtime,5.9,15.4,20.9,0.599,4.9,1.1,1.4,2.4,97.6,0.0,0.0,90.9,27
2025-11-30,mansar,Mansar Mine,Sunday,11,698,522,176,25.21,High,equipment_downtime,0.0,17.6,23.0,0.567,12.4,3.3,1.4,7.7,94.0,0.0,0.0,93.1,20
2025-12-01,mansar,Mansar Mine,Monday,12,729,695,34,4.66,Low,equipment_downtime,0.0,15.5,24.9,0.649,4.0,0.8,1.4,1.8,98.0,0.0,0.0,97.2,28
2025-12-02,mansar,Mansar Mine,Tuesday,12,725,668,57,7.86,Medium,equipment_downtime,0.0,19.1,20.6,0.536,4.5,0.7,2.0,1.8,97.8,0.0,0.0,99.0,27
2025-12-03,mansar,Mansar Mine,Wednesday,12,735,666,69,9.39,Medium,equipment_downtime,0.0,15.1,25.0,0.625,3.4,0.5,1.4,1.5,98.0,0.0,0.0,91.6,25
2025-12-04,mansar,Mansar Mine,Thursday,12,726,630,96,13.22,Medium,equipment_downtime,0.0,19.2,23.4,0.597,6.0,0.2,1.7,4.1,97.1,0.0,0.0,89.5,23
2025-12-05,mansar,Mansar Mine,Friday,12,711,684,27,3.8,Low,equipment_downtime,0.0,16.4,24.8,0.564,5.3,3.1,0.4,1.8,97.4,0.0,0.0,96.2,27
2025-12-06,mansar,Mansar Mine,Saturday,12,690,595,95,13.77,Medium,equipment_downtime,0.0,12.8,23.1,0.569,5.4,1.0,1.4,3.0,97.4,0.0,0.0,93.7,24
2025-12-07,mansar,Mansar Mine,Sunday,12,731,670,61,8.34,Medium,equipment_downtime,0.0,14.7,20.5,0.648,6.2,0.5,2.0,3.7,97.0,0.0,0.0,93.1,26
2025-12-08,mansar,Mansar Mine,Monday,12,719,673,46,6.4,Medium,equipment_downtime,0.0,18.9,22.1,0.611,4.0,0.6,1.1,2.3,98.0,0.0,0.0,93.6,27
2025-12-09,mansar,Mansar Mine,Tuesday,12,716,642,74,10.34,Medium,equipment_downtime,0.0,15.3,19.8,0.662,6.5,0.6,1.7,4.2,96.8,0.0,0.0,97.1,29
2025-12-10,mansar,Mansar Mine,Wednesday,12,751,631,120,15.98,Medium,equipment_downtime,9.7,18.4,19.2,0.649,4.4,0.2,1.1,3.1,97.9,0.0,0.0,89.1,26
2025-12-11,mansar,Mansar Mine,Thursday,12,740,611,129,17.43,Medium,equipment_downtime,0.0,17.4,24.5,0.648,5.4,1.0,0.3,4.1,97.4,0.0,0.0,90.8,25
2025-12-12,mansar,Mansar Mine,Friday,12,721,672,49,6.8,Medium,labor_attendance,0.0,15.7,23.0,0.636,2.3,0.8,0.4,1.1,98.0,0.0,0.0,86.7,27
2025-12-13,mansar,Mansar Mine,Saturday,12,739,701,38,5.14,Low,equipment_downtime,0.0,17.5,23.0,0.617,3.5,1.3,0.8,1.4,98.0,0.0,0.0,91.2,30
2025-12-14,mansar,Mansar Mine,Sunday,12,727,647,80,11.0,Medium,equipment_downtime,0.0,15.8,25.3,0.619,5.3,0.9,1.8,2.6,97.4,0.0,0.0,94.7,27
2025-12-15,mansar,Mansar Mine,Monday,12,763,714,49,6.42,Medium,equipment_downtime,0.0,17.9,21.2,0.545,2.5,1.2,0.3,1.0,98.0,0.0,0.0,95.1,27
2025-12-16,mansar,Mansar Mine,Tuesday,12,723,616,107,14.8,Medium,equipment_downtime,0.0,16.9,24.5,0.508,6.8,0.7,1.7,4.4,96.7,0.0,0.0,92.9,27
2025-12-17,mansar,Mansar Mine,Wednesday,12,716,558,158,22.07,High,equipment_downtime,11.0,15.3,19.4,0.503,6.3,0.2,4.7,1.4,96.9,0.0,0.0,85.5,21
2025-12-18,mansar,Mansar Mine,Thursday,12,705,618,87,12.34,Medium,equipment_downtime,0.0,14.3,23.6,0.494,5.8,1.0,3.4,1.4,97.2,0.0,0.0,87.6,25
2025-12-19,mansar,Mansar Mine,Friday,12,730,579,151,20.68,High,equipment_downtime,0.0,14.1,19.3,0.525,7.1,1.0,3.8,2.3,96.5,0.0,0.0,90.4,19
2025-12-20,mansar,Mansar Mine,Saturday,12,728,680,48,6.59,Medium,equipment_downtime,0.0,17.2,24.0,0.477,5.5,1.2,1.2,3.1,97.3,0.0,0.0,98.9,26
2025-12-21,mansar,Mansar Mine,Sunday,12,727,668,59,8.12,Medium,equipment_downtime,0.0,16.8,23.6,0.477,4.7,0.5,0.7,3.5,97.7,0.0,0.0,91.7,27
2025-12-22,mansar,Mansar Mine,Monday,12,718,663,55,7.66,Medium,equipment_downtime,0.0,18.2,23.5,0.519,4.7,0.9,0.6,3.2,97.7,0.0,0.0,99.0,24
2025-12-23,mansar,Mansar Mine,Tuesday,12,698,638,60,8.6,Medium,equipment_downtime,0.0,18.5,22.7,0.538,3.7,0.8,1.9,1.0,98.0,0.3,0.0,92.9,24
2025-12-24,mansar,Mansar Mine,Wednesday,12,740,606,134,18.11,High,equipment_downtime,0.0,16.8,24.9,0.561,4.2,0.9,1.6,1.7,98.0,0.0,0.0,86.3,21
2025-12-25,mansar,Mansar Mine,Thursday,12,719,610,109,15.16,Medium,equipment_downtime,0.0,16.2,23.8,0.585,4.6,1.4,0.9,2.3,97.8,0.0,0.0,95.2,23
2025-12-26,mansar,Mansar Mine,Friday,12,710,568,142,20.0,High,equipment_downtime,0.0,19.0,18.3,0.503,5.5,1.3,1.4,2.8,97.3,0.0,0.0,87.9,26
2025-12-27,mansar,Mansar Mine,Saturday,12,716,629,87,12.15,Medium,equipment_downtime,0.0,18.0,22.9,0.561,5.8,0.6,0.9,4.3,97.2,0.0,0.0,93.5,26
2025-12-28,mansar,Mansar Mine,Sunday,12,724,542,182,25.14,High,equipment_downtime,0.0,16.8,24.3,0.532,13.1,1.0,10.7,1.4,93.6,0.0,0.0,92.0,23
2025-12-29,mansar,Mansar Mine,Monday,12,734,655,79,10.76,Medium,equipment_downtime,0.0,18.0,22.2,0.579,3.7,0.7,1.1,1.9,98.0,0.0,0.0,95.5,29
2025-12-30,mansar,Mansar Mine,Tuesday,12,712,594,118,16.57,Medium,equipment_downtime,6.7,17.0,23.1,0.539,3.4,1.2,0.6,1.6,98.0,0.0,0.0,87.6,22
2023-01-01,ukwa,Ukwa Mine,Sunday,1,590,536,54,9.15,Medium,equipment_downtime,0.0,13.6,24.2,0.554,3.5,0.9,1.3,1.3,97.5,0.0,0.0,93.3,21
2023-01-02,ukwa,Ukwa Mine,Monday,1,579,384,195,33.68,High,equipment_downtime,0.0,18.7,22.5,0.524,13.4,5.2,1.2,7.0,90.5,0.0,0.0,85.7,13
2023-01-03,ukwa,Ukwa Mine,Tuesday,1,571,486,85,14.89,Medium,equipment_downtime,0.0,15.5,23.5,0.5,7.6,1.5,1.1,5.0,94.6,0.0,0.0,91.1,17
2023-01-04,ukwa,Ukwa Mine,Wednesday,1,580,508,72,12.41,Medium,equipment_downtime,0.0,17.8,21.6,0.47,7.0,1.2,1.7,4.1,95.0,0.0,0.0,94.7,25
2023-01-05,ukwa,Ukwa Mine,Thursday,1,562,503,59,10.5,Medium,equipment_downtime,0.0,10.3,25.4,0.479,5.6,1.2,0.7,3.7,96.0,0.0,0.0,92.4,20
2023-01-06,ukwa,Ukwa Mine,Friday,1,580,545,35,6.03,Medium,equipment_downtime,0.0,20.1,24.1,0.47,3.4,0.5,1.2,1.7,97.6,0.0,0.0,95.0,22
2023-01-07,ukwa,Ukwa Mine,Saturday,1,584,370,214,36.64,High,equipment_downtime,0.0,19.8,26.5,0.435,18.2,14.4,0.5,3.3,87.0,0.0,0.0,92.6,13
2023-01-08,ukwa,Ukwa Mine,Sunday,1,613,524,89,14.52,Medium,equipment_downtime,0.0,14.3,26.5,0.542,6.6,1.3,1.7,3.6,95.3,0.0,0.0,93.7,21
2023-01-09,ukwa,Ukwa Mine,Monday,1,576,523,53,9.2,Medium,equipment_downtime,0.0,18.2,25.5,0.443,6.3,0.2,1.6,4.5,95.5,0.0,0.0,99.0,20
2023-01-10,ukwa,Ukwa Mine,Tuesday,1,573,534,39,6.81,Medium,equipment_downtime,0.0,15.2,23.7,0.518,5.0,1.0,1.6,2.4,96.4,0.0,0.0,99.0,19
2023-01-11,ukwa,Ukwa Mine,Wednesday,1,591,444,147,24.87,High,labor_attendance,0.4,16.2,23.7,0.488,4.1,0.5,1.7,1.9,97.1,0.0,0.0,83.0,18
2023-01-12,ukwa,Ukwa Mine,Thursday,1,580,521,59,10.17,Medium,equipment_downtime,0.0,15.0,23.4,0.463,4.1,0.2,0.4,3.5,97.1,0.0,0.0,94.2,25
2023-01-13,ukwa,Ukwa Mine,Friday,1,578,520,58,10.03,Medium,equipment_downtime,0.0,15.8,25.4,0.433,5.8,1.4,0.2,4.2,95.9,0.0,0.0,89.9,21
2023-01-14,ukwa,Ukwa Mine,Saturday,1,559,253,306,54.74,High,equipment_downtime,0.0,17.4,23.8,0.489,32.1,17.4,0.9,13.8,77.1,0.0,0.0,90.6,10
2023-01-15,ukwa,Ukwa Mine,Sunday,1,570,519,51,8.95,Medium,equipment_downtime,0.0,16.6,23.7,0.47,4.0,0.9,1.4,1.7,97.2,0.0,0.0,99.0,20
2023-01-16,ukwa,Ukwa Mine,Monday,1,589,528,61,10.36,Medium,equipment_downtime,0.0,17.0,27.5,0.475,6.6,0.7,1.7,4.2,95.3,0.0,0.0,92.6,20
2023-01-17,ukwa,Ukwa Mine,Tuesday,1,572,343,229,40.03,High,equipment_downtime,4.2,15.3,29.6,0.535,19.3,0.5,15.4,3.4,86.3,0.0,0.0,88.1,13
2023-01-18,ukwa,Ukwa Mine,Wednesday,1,562,503,59,10.5,Medium,equipment_downtime,0.0,12.7,25.0,0.507,4.5,0.5,1.2,2.8,96.8,0.0,0.0,91.6,21
2023-01-19,ukwa,Ukwa Mine,Thursday,1,572,427,145,25.35,High,equipment_downtime,0.0,23.2,26.1,0.425,6.4,1.0,1.1,4.3,95.4,0.0,0.0,85.3,17
2023-01-20,ukwa,Ukwa Mine,Friday,1,573,492,81,14.14,Medium,equipment_downtime,0.0,14.3,25.5,0.474,3.8,1.2,0.2,2.4,97.3,0.0,0.0,88.9,21
2023-01-21,ukwa,Ukwa Mine,Saturday,1,569,470,99,17.4,Medium,equipment_downtime,0.0,16.0,26.1,0.453,5.3,0.8,1.9,2.6,96.2,2.7,0.0,96.4,17
2023-01-22,ukwa,Ukwa Mine,Sunday,1,600,555,45,7.5,Medium,equipment_downtime,0.0,17.8,26.7,0.401,3.8,0.6,0.7,2.5,97.3,0.0,0.0,94.7,21
2023-01-23,ukwa,Ukwa Mine,Monday,1,565,407,158,27.96,High,equipment_downtime,0.0,15.8,28.2,0.451,17.1,12.4,1.6,3.1,87.8,0.0,0.0,93.0,15
2023-01-24,ukwa,Ukwa Mine,Tuesday,1,582,510,72,12.37,Medium,blasting_delays,0.0,16.6,25.7,0.454,2.4,0.4,0.9,1.1,98.0,3.2,0.0,92.7,22
2023-01-25,ukwa,Ukwa Mine,Wednesday,1,577,545,32,5.55,Low,equipment_downtime,0.0,19.5,27.8,0.481,4.6,1.0,1.5,2.1,96.7,0.0,0.0,96.7,25
2023-01-26,ukwa,Ukwa Mine,Thursday,1,569,554,15,2.64,Low,nominal_operations,0.0,11.3,24.6,0.384,3.9,0.8,0.3,2.8,97.2,0.0,0.0,96.5,25
2023-01-27,ukwa,Ukwa Mine,Friday,1,578,519,59,10.21,Medium,equipment_downtime,0.0,18.6,28.3,0.46,4.6,0.8,1.0,2.8,96.7,0.0,0.0,93.7,23
2023-01-28,ukwa,Ukwa Mine,Saturday,1,573,562,11,1.92,Low,nominal_operations,0.0,15.8,27.4,0.468,3.5,1.4,0.6,1.5,97.5,0.0,0.0,91.9,25
2023-01-29,ukwa,Ukwa Mine,Sunday,1,570,517,53,9.3,Medium,equipment_downtime,0.0,16.5,27.0,0.449,4.9,1.2,1.1,2.6,96.5,0.2,0.0,93.2,21
2023-01-30,ukwa,Ukwa Mine,Monday,1,590,499,91,15.42,Medium,equipment_downtime,3.1,19.9,25.4,0.428,4.4,1.0,2.0,1.4,96.9,0.0,0.0,85.8,22
2023-01-31,ukwa,Ukwa Mine,Tuesday,1,580,520,60,10.34,Medium,equipment_downtime,0.0,17.3,26.9,0.469,5.0,1.2,0.3,3.5,96.4,0.0,0.0,95.8,26
2023-02-01,ukwa,Ukwa Mine,Wednesday,2,589,521,68,11.54,Medium,equipment_downtime,1.0,14.7,26.2,0.346,5.8,1.5,1.0,3.3,95.9,0.0,0.0,90.4,22
2023-02-02,ukwa,Ukwa Mine,Thursday,2,611,535,76,12.44,Medium,equipment_downtime,0.0,16.4,27.1,0.405,5.0,1.5,1.2,2.3,96.4,0.0,0.0,96.4,20
2023-02-03,ukwa,Ukwa Mine,Friday,2,597,289,308,51.59,High,equipment_downtime,0.0,19.6,26.9,0.36,26.7,17.1,1.7,7.9,81.0,0.0,0.0,89.6,13
2023-02-04,ukwa,Ukwa Mine,Saturday,2,615,409,206,33.5,High,equipment_downtime,0.0,14.3,27.7,0.419,16.2,3.0,1.7,11.5,88.5,0.0,0.0,88.0,12
2023-02-05,ukwa,Ukwa Mine,Sunday,2,607,545,62,10.21,Medium,equipment_downtime,3.6,18.5,24.4,0.372,4.0,0.5,1.1,2.4,97.2,0.0,0.0,87.8,22
2023-02-06,ukwa,Ukwa Mine,Monday,2,614,541,73,11.89,Medium,equipment_downtime,0.0,11.4,26.6,0.344,6.1,0.7,1.9,3.5,95.7,0.0,0.0,95.9,24
2023-02-07,ukwa,Ukwa Mine,Tuesday,2,610,560,50,8.2,Medium,equipment_downtime,0.0,17.1,28.6,0.376,5.7,0.4,1.3,4.0,95.9,0.0,0.0,95.4,24
2023-02-08,ukwa,Ukwa Mine,Wednesday,2,606,294,312,51.49,High,equipment_downtime,0.0,17.1,27.8,0.327,28.0,5.1,8.2,14.7,80.1,0.0,0.0,96.6,10
2023-02-09,ukwa,Ukwa Mine,Thursday,2,579,497,82,14.16,Medium,equipment_downtime,0.0,19.2,28.0,0.343,6.0,1.0,2.0,3.0,95.7,0.0,0.0,99.0,21
2023-02-10,ukwa,Ukwa Mine,Friday,2,623,577,46,7.38,Medium,equipment_downtime,0.0,12.4,28.2,0.334,4.2,1.0,1.6,1.6,97.0,0.6,0.0,90.1,23
2023-02-11,ukwa,Ukwa Mine,Saturday,2,598,571,27,4.52,Low,equipment_downtime,0.0,16.7,28.5,0.42,5.7,1.3,0.6,3.8,95.9,0.0,0.0,91.9,24
2023-02-12,ukwa,Ukwa Mine,Sunday,2,621,531,90,14.49,Medium,equipment_downtime,0.0,15.3,27.3,0.305,5.0,1.3,0.4,3.3,96.4,0.0,0.0,88.2,22
2023-02-13,ukwa,Ukwa Mine,Monday,2,599,501,98,16.36,Medium,equipment_downtime,0.0,16.3,28.8,0.31,9.6,3.2,0.4,6.0,93.2,0.0,0.0,95.8,19
2023-02-14,ukwa,Ukwa Mine,Tuesday,2,590,569,21,3.56,Low,equipment_downtime,0.0,14.7,27.0,0.296,1.9,0.2,0.6,1.1,98.0,0.0,0.0,97.7,25
2023-02-15,ukwa,Ukwa Mine,Wednesday,2,588,528,60,10.2,Medium,equipment_downtime,0.0,9.5,27.9,0.287,4.9,0.2,0.7,4.0,96.5,0.0,0.0,94.4,22
2023-02-16,ukwa,Ukwa Mine,Thursday,2,616,481,135,21.92,High,equipment_downtime,0.0,14.9,30.1,0.292,10.0,1.2,1.5,7.3,92.9,0.0,0.0,91.3,15
2023-02-17,ukwa,Ukwa Mine,Friday,2,603,573,30,4.98,Low,equipment_downtime,0.0,16.3,26.8,0.451,3.5,0.8,0.5,2.2,97.5,0.0,0.0,95.7,22
2023-02-18,ukwa,Ukwa Mine,Saturday,2,608,537,71,11.68,Medium,equipment_downtime,0.0,16.2,31.5,0.281,5.5,0.3,1.1,4.1,96.1,0.0,0.0,90.7,22
2023-02-19,ukwa,Ukwa Mine,Sunday,2,624,578,46,7.37,Medium,equipment_downtime,0.0,17.5,31.8,0.352,3.4,1.1,1.3,1.0,97.6,0.0,0.0,97.1,25
2023-02-20,ukwa,Ukwa Mine,Monday,2,587,519,68,11.58,Medium,equipment_downtime,0.0,17.0,28.2,0.34,7.8,3.6,0.7,3.5,94.4,0.0,0.0,95.5,20
2023-02-21,ukwa,Ukwa Mine,Tuesday,2,604,491,113,18.71,High,equipment_downtime,0.0,16.0,29.0,0.374,5.6,0.8,0.7,4.1,96.0,0.8,0.0,89.1,21
2023-02-22,ukwa,Ukwa Mine,Wednesday,2,605,576,29,4.79,Low,equipment_downtime,0.0,18.6,28.9,0.329,4.1,0.3,1.2,2.6,97.1,0.0,0.0,95.7,24
2023-02-23,ukwa,Ukwa Mine,Thursday,2,601,395,206,34.28,High,equipment_downtime,0.0,11.9,33.2,0.301,18.8,13.2,0.8,4.8,86.6,0.0,0.0,93.2,13
2023-02-24,ukwa,Ukwa Mine,Friday,2,607,605,2,0.33,Low,nominal_operations,0.0,17.0,30.4,0.391,3.7,1.1,0.5,2.1,97.4,0.0,0.0,94.5,24
2023-02-25,ukwa,Ukwa Mine,Saturday,2,602,554,48,7.97,Medium,equipment_downtime,7.4,17.4,30.9,0.345,6.9,0.8,3.4,2.7,95.1,0.0,0.0,96.1,26
2023-02-26,ukwa,Ukwa Mine,Sunday,2,612,445,167,27.29,High,equipment_downtime,6.6,15.8,31.5,0.324,12.6,2.9,1.2,8.5,91.0,0.0,0.0,91.2,16
2023-02-27,ukwa,Ukwa Mine,Monday,2,594,391,203,34.18,High,equipment_downtime,0.0,14.3,31.2,0.262,14.4,7.3,1.4,5.7,89.7,0.0,0.0,82.7,13
2023-02-28,ukwa,Ukwa Mine,Tuesday,2,587,601,0,0.0,Low,nominal_operations,0.0,17.1,35.2,0.247,2.7,0.9,0.7,1.1,98.0,0.0,0.0,92.1,20
2023-03-01,ukwa,Ukwa Mine,Wednesday,3,634,470,164,25.87,High,equipment_downtime,0.0,16.6,31.1,0.309,16.3,9.7,0.9,5.7,88.4,0.0,0.0,89.6,22
2023-03-02,ukwa,Ukwa Mine,Thursday,3,606,543,63,10.4,Medium,equipment_downtime,0.0,13.1,29.5,0.258,4.3,0.3,1.5,2.5,96.9,0.0,0.0,94.0,24
2023-03-03,ukwa,Ukwa Mine,Friday,3,643,638,5,0.78,Low,nominal_operations,0.0,16.8,34.2,0.264,5.6,0.5,0.6,4.5,96.0,0.2,0.0,99.0,22
2023-03-04,ukwa,Ukwa Mine,Saturday,3,606,566,40,6.6,Medium,equipment_downtime,0.0,16.3,31.0,0.284,3.4,1.2,0.2,2.0,97.6,0.2,0.0,88.3,24
2023-03-05,ukwa,Ukwa Mine,Sunday,3,637,562,75,11.77,Medium,equipment_downtime,0.0,17.4,28.7,0.322,7.0,1.0,1.6,4.4,95.0,0.0,0.0,95.0,24
2023-03-06,ukwa,Ukwa Mine,Monday,3,619,548,71,11.47,Medium,equipment_downtime,0.7,17.8,30.7,0.304,4.6,0.9,0.8,2.9,96.7,0.0,0.0,90.5,23
2023-03-07,ukwa,Ukwa Mine,Tuesday,3,609,547,62,10.18,Medium,equipment_downtime,0.0,14.1,28.3,0.228,5.7,1.1,1.7,2.9,95.9,0.0,0.0,93.6,17
2023-03-08,ukwa,Ukwa Mine,Wednesday,3,630,565,65,10.32,Medium,equipment_downtime,0.0,13.2,31.9,0.262,5.9,0.6,4.0,1.3,95.8,0.6,0.0,92.7,23
2023-03-09,ukwa,Ukwa Mine,Thursday,3,614,594,20,3.26,Low,nominal_operations,0.0,14.4,32.6,0.312,3.9,1.3,1.1,1.5,97.2,0.0,0.0,95.3,22
2023-03-10,ukwa,Ukwa Mine,Friday,3,624,519,105,16.83,Medium,equipment_downtime,0.0,16.8,34.0,0.255,5.9,1.1,1.9,2.9,95.8,0.0,0.0,90.0,21
2023-03-11,ukwa,Ukwa Mine,Saturday,3,618,510,108,17.48,Medium,labor_attendance,0.0,14.6,33.0,0.284,2.2,0.3,0.4,1.5,98.0,0.0,0.0,86.2,18
2023-03-12,ukwa,Ukwa Mine,Sunday,3,635,550,85,13.39,Medium,equipment_downtime,0.0,13.2,33.0,0.271,4.5,1.1,1.7,1.7,96.8,0.0,0.0,88.8,22
2023-03-13,ukwa,Ukwa Mine,Monday,3,622,532,90,14.47,Medium,equipment_downtime,0.0,14.1,31.7,0.269,3.9,1.2,0.6,2.1,97.2,1.1,0.0,92.5,19
2023-03-14,ukwa,Ukwa Mine,Tuesday,3,619,591,28,4.52,Low,equipment_downtime,0.0,13.3,31.5,0.324,5.4,1.8,1.1,2.5,96.2,0.0,0.0,91.9,20
2023-03-15,ukwa,Ukwa Mine,Wednesday,3,626,527,99,15.81,Medium,equipment_downtime,0.0,18.9,32.4,0.274,8.5,0.6,6.4,1.5,93.9,0.0,0.0,91.5,22
2023-03-16,ukwa,Ukwa Mine,Thursday,3,631,611,20,3.17,Low,nominal_operations,0.0,16.4,35.0,0.299,3.9,1.3,0.7,1.9,97.2,0.0,0.0,94.1,23
2023-03-17,ukwa,Ukwa Mine,Friday,3,618,529,89,14.4,Medium,equipment_downtime,0.0,17.7,36.2,0.322,6.7,1.9,1.9,2.9,95.2,0.0,0.0,90.3,20
2023-03-18,ukwa,Ukwa Mine,Saturday,3,612,591,21,3.43,Low,equipment_downtime,0.0,16.5,38.2,0.237,2.1,0.5,0.4,1.2,98.0,0.0,0.0,91.4,27
2023-03-19,ukwa,Ukwa Mine,Sunday,3,598,570,28,4.68,Low,equipment_downtime,0.0,14.5,33.0,0.326,4.6,1.3,0.4,2.9,96.7,0.0,0.0,93.8,24
2023-03-20,ukwa,Ukwa Mine,Monday,3,619,552,67,10.82,Medium,equipment_downtime,0.0,14.6,35.5,0.256,4.9,0.5,0.3,4.1,96.5,0.0,0.0,93.0,21
2023-03-21,ukwa,Ukwa Mine,Tuesday,3,625,433,192,30.72,High,equipment_downtime,0.0,14.1,34.6,0.248,17.2,0.5,13.9,2.8,87.7,0.0,0.0,86.3,17
2023-03-22,ukwa,Ukwa Mine,Wednesday,3,622,536,86,13.83,Medium,equipment_downtime,0.0,17.0,35.1,0.18,5.3,0.5,3.6,1.2,96.2,0.0,0.0,88.2,20
2023-03-23,ukwa,Ukwa Mine,Thursday,3,617,514,103,16.69,Medium,equipment_downtime,0.0,17.0,34.5,0.243,5.3,0.6,0.2,4.5,96.2,0.0,0.0,93.1,19
2023-03-24,ukwa,Ukwa Mine,Friday,3,627,359,268,42.74,High,equipment_downtime,0.0,15.4,35.7,0.247,21.3,1.6,1.1,18.6,84.8,0.0,0.0,92.1,12
2023-03-25,ukwa,Ukwa Mine,Saturday,3,622,556,66,10.61,Medium,equipment_downtime,0.0,16.8,35.1,0.239,10.3,1.1,5.3,3.9,92.7,0.0,0.0,93.7,22
2023-03-26,ukwa,Ukwa Mine,Sunday,3,616,591,25,4.06,Low,equipment_downtime,0.0,18.9,34.7,0.259,5.4,1.0,0.8,3.6,96.2,0.0,0.0,95.7,23
2023-03-27,ukwa,Ukwa Mine,Monday,3,636,562,74,11.64,Medium,equipment_downtime,0.0,17.6,37.0,0.233,4.5,1.3,1.4,1.8,96.8,0.0,0.0,96.9,21
2023-03-28,ukwa,Ukwa Mine,Tuesday,3,609,560,49,8.05,Medium,equipment_downtime,0.0,13.6,34.1,0.241,3.1,1.1,0.8,1.2,97.8,0.0,0.0,95.5,19
2023-03-29,ukwa,Ukwa Mine,Wednesday,3,639,559,80,12.52,Medium,equipment_downtime,0.0,15.1,36.0,0.28,5.4,0.9,0.4,4.1,96.2,0.4,0.0,92.7,21
2023-03-30,ukwa,Ukwa Mine,Thursday,3,617,569,48,7.78,Medium,equipment_downtime,0.0,15.2,35.7,0.297,5.6,0.6,1.6,3.4,96.0,0.0,0.0,87.5,24
2023-03-31,ukwa,Ukwa Mine,Friday,3,612,535,77,12.58,Medium,equipment_downtime,0.0,15.1,35.2,0.239,6.9,1.3,3.3,2.3,95.1,0.0,0.0,98.8,24
2023-04-01,ukwa,Ukwa Mine,Saturday,4,622,578,44,7.07,Medium,equipment_downtime,0.0,15.9,36.0,0.238,5.3,1.3,0.5,3.5,96.2,0.0,0.0,97.5,21
2023-04-02,ukwa,Ukwa Mine,Sunday,4,639,584,55,8.61,Medium,equipment_downtime,0.0,15.3,34.7,0.217,3.0,0.4,0.3,2.3,97.9,0.0,0.0,95.0,27
2023-04-03,ukwa,Ukwa Mine,Monday,4,626,579,47,7.51,Medium,equipment_downtime,0.0,17.6,33.3,0.244,5.3,0.3,1.5,3.5,96.2,0.0,0.0,95.8,23
2023-04-04,ukwa,Ukwa Mine,Tuesday,4,639,586,53,8.29,Medium,equipment_downtime,0.0,18.8,34.9,0.18,4.2,0.9,1.2,2.1,97.0,0.0,0.0,99.0,25
2023-04-05,ukwa,Ukwa Mine,Wednesday,4,627,487,140,22.33,High,equipment_downtime,0.0,17.9,37.3,0.242,10.8,7.4,0.4,3.0,92.3,0.0,0.0,87.5,20
2023-04-06,ukwa,Ukwa Mine,Thursday,4,626,608,18,2.88,Low,nominal_operations,0.0,16.3,37.1,0.206,2.9,0.4,0.4,2.1,97.9,0.0,0.0,90.5,24
2023-04-07,ukwa,Ukwa Mine,Friday,4,633,488,145,22.91,High,equipment_downtime,0.0,15.1,37.3,0.181,16.7,6.2,1.3,9.2,88.1,1.1,0.0,93.5,20
2023-04-08,ukwa,Ukwa Mine,Saturday,4,630,573,57,9.05,Medium,equipment_downtime,0.0,17.8,36.8,0.18,4.7,0.7,0.3,3.7,96.7,0.3,0.0,88.8,20
2023-04-09,ukwa,Ukwa Mine,Sunday,4,635,532,103,16.22,Medium,equipment_downtime,0.0,13.1,35.7,0.268,5.7,0.9,2.0,2.8,95.9,0.0,0.0,87.5,20
2023-04-10,ukwa,Ukwa Mine,Monday,4,618,546,72,11.65,Medium,equipment_downtime,0.0,14.5,37.0,0.18,5.5,0.4,1.6,3.5,96.1,0.0,0.0,89.5,21
2023-04-11,ukwa,Ukwa Mine,Tuesday,4,613,379,234,38.17,High,equipment_downtime,0.0,19.5,33.4,0.195,22.8,3.7,1.8,17.3,83.8,0.0,0.0,94.0,16
2023-04-12,ukwa,Ukwa Mine,Wednesday,4,620,550,70,11.29,Medium,equipment_downtime,0.0,15.7,40.4,0.239,4.6,0.5,1.8,2.3,96.7,0.0,0.0,93.3,25
2023-04-13,ukwa,Ukwa Mine,Thursday,4,629,589,40,6.36,Medium,equipment_downtime,0.0,15.8,37.9,0.251,3.4,1.1,1.2,1.1,97.6,0.0,0.0,90.6,24
2023-04-14,ukwa,Ukwa Mine,Friday,4,643,562,81,12.6,Medium,equipment_downtime,0.0,21.5,36.6,0.181,7.4,1.4,1.7,4.3,94.7,0.0,0.0,95.3,23
2023-04-15,ukwa,Ukwa Mine,Saturday,4,619,456,163,26.33,High,equipment_downtime,0.0,12.0,37.3,0.23,15.9,8.2,1.8,5.9,88.7,0.0,0.0,99.0,17
2023-04-16,ukwa,Ukwa Mine,Sunday,4,616,572,44,7.14,Medium,equipment_downtime,0.0,15.9,33.9,0.259,4.3,0.8,0.5,3.0,96.9,0.0,0.0,93.8,22
2023-04-17,ukwa,Ukwa Mine,Monday,4,616,514,102,16.56,Medium,equipment_downtime,0.0,16.0,39.3,0.18,6.3,1.2,0.6,4.5,95.5,0.0,0.0,92.5,20
2023-04-18,ukwa,Ukwa Mine,Tuesday,4,635,582,53,8.35,Medium,equipment_downtime,0.0,16.6,37.1,0.209,3.0,0.9,0.2,1.9,97.9,0.0,0.0,88.0,23
2023-04-19,ukwa,Ukwa Mine,Wednesday,4,606,590,16,2.64,Low,nominal_operations,9.4,16.6,37.0,0.18,2.6,0.4,0.7,1.5,98.0,0.0,0.0,94.5,26
2023-04-20,ukwa,Ukwa Mine,Thursday,4,631,572,59,9.35,Medium,equipment_downtime,0.0,16.0,38.6,0.18,4.7,0.9,0.6,3.2,96.7,0.8,0.0,87.9,23
2023-04-21,ukwa,Ukwa Mine,Friday,4,618,551,67,10.84,Medium,equipment_downtime,0.0,12.1,37.6,0.18,4.5,1.0,1.0,2.5,96.8,0.0,0.0,92.3,19
2023-04-22,ukwa,Ukwa Mine,Saturday,4,612,534,78,12.75,Medium,equipment_downtime,0.0,15.2,39.7,0.239,5.1,1.1,1.6,2.4,96.4,0.0,0.0,95.4,22
2023-04-23,ukwa,Ukwa Mine,Sunday,4,637,551,86,13.5,Medium,labor_attendance,0.0,15.2,38.5,0.202,4.5,1.3,0.6,2.6,96.8,0.0,0.0,83.7,23
2023-04-24,ukwa,Ukwa Mine,Monday,4,633,571,62,9.79,Medium,equipment_downtime,0.0,10.4,38.7,0.186,6.5,0.4,1.9,4.2,95.4,0.0,0.0,95.0,21
2023-04-25,ukwa,Ukwa Mine,Tuesday,4,618,527,91,14.72,Medium,equipment_downtime,0.0,16.9,38.8,0.271,6.2,0.7,2.3,3.2,95.6,0.0,0.0,97.3,21
2023-04-26,ukwa,Ukwa Mine,Wednesday,4,645,448,197,30.54,High,equipment_downtime,7.3,17.8,39.5,0.18,18.2,6.5,2.0,9.7,87.0,0.0,0.0,96.4,17
2023-04-27,ukwa,Ukwa Mine,Thursday,4,621,479,142,22.87,High,equipment_downtime,0.0,12.1,37.4,0.192,6.6,1.1,1.6,3.9,95.3,1.5,0.0,87.3,21
2023-04-28,ukwa,Ukwa Mine,Friday,4,625,583,42,6.72,Medium,equipment_downtime,0.0,13.5,37.4,0.221,3.9,0.9,0.9,2.1,97.2,0.0,0.0,95.6,22
2023-04-29,ukwa,Ukwa Mine,Saturday,4,653,593,60,9.19,Medium,equipment_downtime,0.0,17.4,39.8,0.183,4.0,0.3,0.2,3.5,97.2,0.0,0.0,92.2,21
2023-04-30,ukwa,Ukwa Mine,Sunday,4,619,572,47,7.59,Medium,equipment_downtime,0.0,10.1,39.6,0.237,4.8,0.9,0.3,3.6,96.6,0.2,0.0,89.4,22
2023-05-01,ukwa,Ukwa Mine,Monday,5,609,548,61,10.02,Medium,equipment_downtime,1.9,17.5,38.3,0.198,5.5,1.2,2.3,2.0,96.1,0.0,0.0,93.9,20
2023-05-02,ukwa,Ukwa Mine,Tuesday,5,610,493,117,19.18,High,equipment_downtime,0.0,14.1,37.9,0.222,6.8,1.3,3.2,2.3,95.2,0.0,0.0,91.6,23
2023-05-03,ukwa,Ukwa Mine,Wednesday,5,628,565,63,10.03,Medium,equipment_downtime,0.0,16.4,36.8,0.219,3.5,0.3,1.1,2.1,97.5,0.0,0.0,92.6,23
2023-05-04,ukwa,Ukwa Mine,Thursday,5,631,613,18,2.85,Low,nominal_operations,0.0,15.9,37.2,0.18,2.6,0.7,0.7,1.2,98.0,0.0,0.0,92.4,25
2023-05-05,ukwa,Ukwa Mine,Friday,5,629,568,61,9.7,Medium,equipment_downtime,4.9,21.8,38.2,0.213,5.4,1.4,0.8,3.2,96.2,0.0,0.0,93.5,25
2023-05-06,ukwa,Ukwa Mine,Saturday,5,622,572,50,8.04,Medium,equipment_downtime,0.0,12.4,38.4,0.18,5.3,1.3,1.3,2.7,96.2,0.0,0.0,88.0,25
2023-05-07,ukwa,Ukwa Mine,Sunday,5,622,582,40,6.43,Medium,equipment_downtime,0.0,16.5,40.6,0.275,4.0,0.6,1.0,2.4,97.2,0.5,0.0,93.4,22
2023-05-08,ukwa,Ukwa Mine,Monday,5,635,603,32,5.04,Low,equipment_downtime,0.0,19.5,39.8,0.18,4.8,1.1,2.0,1.7,96.6,0.0,0.0,92.0,24
2023-05-09,ukwa,Ukwa Mine,Tuesday,5,617,542,75,12.16,Medium,equipment_downtime,0.0,15.8,40.5,0.18,4.3,1.0,1.1,2.2,96.9,0.0,0.0,86.4,22
2023-05-10,ukwa,Ukwa Mine,Wednesday,5,623,582,41,6.58,Medium,equipment_downtime,0.0,14.5,38.8,0.193,3.5,1.0,0.9,1.6,97.5,1.1,0.0,93.5,23
2023-05-11,ukwa,Ukwa Mine,Thursday,5,618,473,145,23.46,High,equipment_downtime,0.0,14.7,39.1,0.222,15.6,9.8,1.0,4.8,88.9,0.0,0.0,99.0,18
2023-05-12,ukwa,Ukwa Mine,Friday,5,629,509,120,19.08,High,equipment_downtime,0.0,16.2,38.3,0.212,7.3,1.8,1.0,4.5,94.8,2.1,0.0,88.3,23
2023-05-13,ukwa,Ukwa Mine,Saturday,5,610,570,40,6.56,Medium,equipment_downtime,0.0,19.2,40.4,0.197,4.3,0.4,0.7,3.2,96.9,0.0,0.0,96.1,20
2023-05-14,ukwa,Ukwa Mine,Sunday,5,632,564,68,10.76,Medium,equipment_downtime,0.0,19.2,34.0,0.217,5.7,0.2,1.3,4.2,95.9,0.0,0.0,98.5,20
2023-05-15,ukwa,Ukwa Mine,Monday,5,630,546,84,13.33,Medium,equipment_downtime,0.0,18.0,37.5,0.182,6.5,0.6,2.2,3.7,95.4,0.0,0.0,95.5,22
2023-05-16,ukwa,Ukwa Mine,Tuesday,5,622,575,47,7.56,Medium,equipment_downtime,0.0,13.5,37.5,0.226,4.9,0.9,0.5,3.5,96.5,0.0,0.0,92.4,19
2023-05-17,ukwa,Ukwa Mine,Wednesday,5,613,569,44,7.18,Medium,equipment_downtime,0.0,19.5,38.4,0.215,4.1,0.3,1.3,2.5,97.1,0.0,0.0,90.9,23
2023-05-18,ukwa,Ukwa Mine,Thursday,5,610,572,38,6.23,Medium,equipment_downtime,0.0,18.8,36.5,0.243,4.2,1.2,1.8,1.2,97.0,0.0,0.0,94.3,25
2023-05-19,ukwa,Ukwa Mine,Friday,5,610,528,82,13.44,Medium,equipment_downtime,0.0,18.2,42.0,0.272,5.3,0.4,0.7,4.2,96.2,0.0,0.0,86.6,21
2023-05-20,ukwa,Ukwa Mine,Saturday,5,614,565,49,7.98,Medium,equipment_downtime,0.0,13.7,39.0,0.18,5.2,1.0,0.8,3.4,96.3,0.0,0.0,92.4,21
2023-05-21,ukwa,Ukwa Mine,Sunday,5,642,585,57,8.88,Medium,equipment_downtime,0.0,20.6,39.0,0.214,6.1,0.8,1.3,4.0,95.7,0.0,0.0,96.2,21
2023-05-22,ukwa,Ukwa Mine,Monday,5,622,549,73,11.74,Medium,equipment_downtime,0.0,17.2,40.4,0.265,5.5,1.1,0.5,3.9,96.1,0.0,0.0,92.8,18
2023-05-23,ukwa,Ukwa Mine,Tuesday,5,625,524,101,16.16,Medium,equipment_downtime,0.0,13.8,42.7,0.219,5.5,1.3,1.5,2.7,96.1,0.0,0.0,87.7,21
2023-05-24,ukwa,Ukwa Mine,Wednesday,5,623,514,109,17.5,Medium,equipment_downtime,0.0,17.4,39.4,0.206,4.4,1.2,1.2,2.0,96.9,1.5,0.0,94.9,22
2023-05-25,ukwa,Ukwa Mine,Thursday,5,619,450,169,27.3,High,equipment_downtime,0.0,16.9,37.2,0.18,10.1,2.7,1.8,5.6,92.8,0.4,0.0,87.7,14
2023-05-26,ukwa,Ukwa Mine,Friday,5,639,566,73,11.42,Medium,equipment_downtime,0.0,18.7,38.2,0.223,4.8,1.4,0.8,2.6,96.6,0.0,0.0,92.6,24
2023-05-27,ukwa,Ukwa Mine,Saturday,5,633,143,490,77.41,High,equipment_downtime,0.0,21.4,39.2,0.259,44.1,5.3,1.9,36.9,68.6,0.0,0.0,96.8,5
2023-05-28,ukwa,Ukwa Mine,Sunday,5,624,518,106,16.99,Medium,equipment_downtime,0.0,16.1,38.5,0.212,10.6,0.9,1.4,8.3,92.5,0.0,0.0,88.0,22
2023-05-29,ukwa,Ukwa Mine,Monday,5,619,504,115,18.58,High,equipment_downtime,0.0,16.1,38.3,0.235,7.6,1.5,1.9,4.2,94.6,0.0,0.0,89.4,20
2023-05-30,ukwa,Ukwa Mine,Tuesday,5,617,561,56,9.08,Medium,equipment_downtime,0.0,19.1,41.2,0.246,4.6,0.3,1.2,3.1,96.7,0.0,0.0,90.2,18
2023-05-31,ukwa,Ukwa Mine,Wednesday,5,602,475,127,21.1,High,labor_attendance,0.0,19.3,36.4,0.24,5.1,0.8,2.3,2.0,96.4,0.0,0.0,82.1,15
2023-06-01,ukwa,Ukwa Mine,Thursday,6,587,540,47,8.01,Medium,equipment_downtime,20.6,33.5,37.4,0.22,6.8,1.3,1.8,3.7,95.2,0.0,0.0,98.6,18
2023-06-02,ukwa,Ukwa Mine,Friday,6,596,508,88,14.77,Medium,equipment_downtime,0.6,21.4,39.9,0.249,6.1,1.3,2.0,2.8,95.7,0.0,0.0,93.9,25
2023-06-03,ukwa,Ukwa Mine,Saturday,6,607,493,114,18.78,High,equipment_downtime,2.6,19.0,41.4,0.18,6.2,1.1,1.7,3.4,95.6,2.0,0.0,98.3,20
2023-06-04,ukwa,Ukwa Mine,Sunday,6,573,511,62,10.82,Medium,equipment_downtime,4.3,25.7,37.0,0.246,4.8,0.2,1.2,3.4,96.6,0.0,0.0,91.1,16
2023-06-05,ukwa,Ukwa Mine,Monday,6,606,319,287,47.36,High,weather_stoppage,39.3,30.0,37.2,0.235,5.9,0.2,1.4,4.3,95.8,0.0,4.7,90.0,16
2023-06-06,ukwa,Ukwa Mine,Tuesday,6,600,539,61,10.17,Medium,equipment_downtime,12.2,28.4,33.3,0.265,4.8,1.3,1.5,2.0,96.6,0.0,0.0,94.2,20
2023-06-07,ukwa,Ukwa Mine,Wednesday,6,608,549,59,9.7,Medium,equipment_downtime,2.6,27.3,36.8,0.214,5.0,0.7,0.3,4.0,96.4,0.0,0.0,92.2,23
2023-06-08,ukwa,Ukwa Mine,Thursday,6,611,87,524,85.76,High,weather_stoppage,82.2,46.4,31.5,0.304,3.9,0.7,1.3,1.9,97.2,0.1,11.7,94.6,5
2023-06-09,ukwa,Ukwa Mine,Friday,6,617,508,109,17.67,Medium,equipment_downtime,2.1,24.5,37.8,0.286,6.1,1.2,1.1,3.8,95.7,0.0,0.0,86.7,20
2023-06-10,ukwa,Ukwa Mine,Saturday,6,620,552,68,10.97,Medium,equipment_downtime,0.8,22.7,37.1,0.248,3.7,0.3,1.6,1.8,97.4,0.0,0.0,92.1,25
2023-06-11,ukwa,Ukwa Mine,Sunday,6,604,540,64,10.6,Medium,equipment_downtime,0.4,22.2,38.4,0.248,5.5,0.8,0.4,4.3,96.1,0.0,0.0,99.0,24
2023-06-12,ukwa,Ukwa Mine,Monday,6,590,429,161,27.29,High,weather_stoppage,29.1,31.2,37.4,0.3,5.5,1.4,1.8,2.3,96.1,0.0,2.5,94.7,16
2023-06-13,ukwa,Ukwa Mine,Tuesday,6,619,383,236,38.13,High,weather_stoppage,39.3,35.8,34.7,0.249,3.6,1.2,1.1,1.3,97.4,0.0,4.7,92.2,16
2023-06-14,ukwa,Ukwa Mine,Wednesday,6,590,432,158,26.78,High,weather_stoppage,30.8,30.4,34.2,0.355,5.1,0.8,2.0,2.3,96.4,0.0,2.7,90.3,15
2023-06-15,ukwa,Ukwa Mine,Thursday,6,621,285,336,54.11,High,equipment_downtime,11.4,29.4,38.5,0.296,26.5,18.9,0.9,6.7,81.1,0.0,0.0,93.6,14
2023-06-16,ukwa,Ukwa Mine,Friday,6,592,605,0,0.0,Low,nominal_operations,4.9,28.7,38.8,0.205,3.2,0.7,0.4,2.1,97.7,0.0,0.0,94.1,22
2023-06-17,ukwa,Ukwa Mine,Saturday,6,593,450,143,24.11,High,equipment_downtime,1.8,21.7,38.3,0.238,8.2,1.1,0.8,6.3,94.2,0.0,0.0,87.7,19
2023-06-18,ukwa,Ukwa Mine,Sunday,6,613,548,65,10.6,Medium,equipment_downtime,2.0,32.1,39.5,0.263,5.4,0.7,0.6,4.1,96.2,0.0,0.0,95.0,18
2023-06-19,ukwa,Ukwa Mine,Monday,6,589,415,174,29.54,High,equipment_downtime,2.0,26.1,37.6,0.288,16.8,1.0,14.4,1.4,88.0,0.0,0.0,93.6,15
2023-06-20,ukwa,Ukwa Mine,Tuesday,6,609,407,202,33.17,High,equipment_downtime,16.8,28.5,34.1,0.279,15.8,1.0,0.4,14.4,88.7,0.0,0.0,97.4,14
2023-06-21,ukwa,Ukwa Mine,Wednesday,6,597,479,118,19.77,High,blasting_delays,7.5,28.2,39.1,0.307,3.4,1.4,0.3,1.7,97.6,2.1,0.0,88.4,21
2023-06-22,ukwa,Ukwa Mine,Thursday,6,595,276,319,53.61,High,weather_stoppage,42.9,40.1,34.1,0.246,4.1,1.0,1.0,2.1,97.1,0.0,5.1,86.3,10
2023-06-23,ukwa,Ukwa Mine,Friday,6,592,568,24,4.05,Low,equipment_downtime,4.3,29.9,40.8,0.385,4.9,0.7,0.3,3.9,96.5,0.0,0.0,96.4,24
2023-06-24,ukwa,Ukwa Mine,Saturday,6,595,578,17,2.86,Low,nominal_operations,0.4,30.3,38.7,0.279,4.8,0.4,1.3,3.1,96.6,0.0,0.0,90.0,23
2023-06-25,ukwa,Ukwa Mine,Sunday,6,594,87,507,85.35,High,weather_stoppage,64.2,43.9,32.4,0.257,5.9,0.9,1.3,3.7,95.8,0.0,9.1,88.2,5
2023-06-26,ukwa,Ukwa Mine,Monday,6,615,531,84,13.66,Medium,equipment_downtime,15.2,31.3,33.1,0.271,5.0,1.2,1.5,2.3,96.4,0.0,0.0,88.3,23
2023-06-27,ukwa,Ukwa Mine,Tuesday,6,593,212,381,64.25,High,weather_stoppage,54.0,38.2,33.5,0.295,3.1,1.2,0.5,1.4,97.8,0.0,7.7,99.0,10
2023-06-28,ukwa,Ukwa Mine,Wednesday,6,610,568,42,6.89,Medium,equipment_downtime,4.3,29.5,38.8,0.356,4.7,0.7,1.0,3.0,96.7,0.0,0.0,86.8,23
2023-06-29,ukwa,Ukwa Mine,Thursday,6,622,535,87,13.99,Medium,equipment_downtime,1.8,33.3,38.1,0.335,4.3,1.3,0.6,2.4,96.9,0.0,0.0,86.7,24
2023-06-30,ukwa,Ukwa Mine,Friday,6,605,541,64,10.58,Medium,equipment_downtime,0.9,27.4,39.8,0.372,4.1,1.1,1.2,1.8,97.1,0.5,0.0,90.8,20
2023-07-01,ukwa,Ukwa Mine,Saturday,7,589,562,27,4.58,Low,equipment_downtime,10.1,33.5,40.0,0.34,3.0,0.2,1.7,1.1,97.9,0.0,0.0,97.3,22
2023-07-02,ukwa,Ukwa Mine,Sunday,7,578,87,491,84.95,High,weather_stoppage,58.7,47.3,27.3,0.291,9.6,3.7,0.9,5.0,93.2,0.0,8.5,86.0,5
2023-07-03,ukwa,Ukwa Mine,Monday,7,572,510,62,10.84,Medium,equipment_downtime,24.9,36.4,35.3,0.324,3.9,0.4,0.5,3.0,97.2,0.2,0.0,94.5,23
2023-07-04,ukwa,Ukwa Mine,Tuesday,7,570,535,35,6.14,Medium,equipment_downtime,20.6,37.4,36.8,0.318,4.8,1.3,1.9,1.6,96.6,0.0,0.0,88.8,22
2023-07-05,ukwa,Ukwa Mine,Wednesday,7,577,411,166,28.77,High,equipment_downtime,0.4,31.6,37.3,0.363,15.8,10.2,1.7,3.9,88.7,0.0,0.0,96.3,15
2023-07-06,ukwa,Ukwa Mine,Thursday,7,581,485,96,16.52,Medium,equipment_downtime,16.8,37.3,39.6,0.283,12.8,4.1,1.4,7.3,90.9,0.0,0.0,94.2,19
2023-07-07,ukwa,Ukwa Mine,Friday,7,582,457,125,21.48,High,equipment_downtime,19.0,39.9,37.9,0.362,6.2,0.5,1.5,4.2,95.6,1.5,0.0,90.4,17
2023-07-08,ukwa,Ukwa Mine,Saturday,7,578,526,52,9.0,Medium,equipment_downtime,7.1,38.5,36.3,0.271,5.8,0.6,1.5,3.7,95.9,0.0,0.0,95.9,20
2023-07-09,ukwa,Ukwa Mine,Sunday,7,568,235,333,58.63,High,weather_stoppage,41.0,49.6,32.3,0.367,4.6,0.3,0.5,3.8,96.7,0.0,4.0,89.0,9
2023-07-10,ukwa,Ukwa Mine,Monday,7,578,343,235,40.66,High,equipment_downtime,25.9,37.9,33.5,0.379,15.1,12.0,0.9,2.2,89.2,0.0,2.2,95.8,16
2023-07-11,ukwa,Ukwa Mine,Tuesday,7,562,512,50,8.9,Medium,equipment_downtime,1.5,32.9,39.2,0.349,5.2,0.6,1.9,2.7,96.3,0.0,0.0,93.7,19
2023-07-12,ukwa,Ukwa Mine,Wednesday,7,595,488,107,17.98,Medium,equipment_downtime,4.6,31.8,37.4,0.332,6.2,1.4,0.9,3.9,95.6,1.6,0.0,90.3,20
2023-07-13,ukwa,Ukwa Mine,Thursday,7,584,517,67,11.47,Medium,equipment_downtime,3.3,37.0,34.6,0.294,5.5,0.3,1.9,3.3,96.1,0.0,0.0,99.0,16
2023-07-14,ukwa,Ukwa Mine,Friday,7,577,469,108,18.72,High,equipment_downtime,10.0,36.1,34.0,0.4,5.3,1.3,0.2,3.8,96.2,0.6,0.0,92.9,22
2023-07-15,ukwa,Ukwa Mine,Saturday,7,590,536,54,9.15,Medium,equipment_downtime,9.1,38.4,35.6,0.397,6.6,1.3,1.9,3.4,95.3,0.0,0.0,95.7,19
2023-07-16,ukwa,Ukwa Mine,Sunday,7,573,516,57,9.95,Medium,equipment_downtime,0.7,36.6,39.7,0.355,4.6,0.9,1.6,2.1,96.7,0.0,0.0,97.5,20
2023-07-17,ukwa,Ukwa Mine,Monday,7,570,478,92,16.14,Medium,equipment_downtime,1.0,37.9,35.9,0.35,5.8,0.3,1.5,4.0,95.9,0.0,0.0,92.9,21
2023-07-18,ukwa,Ukwa Mine,Tuesday,7,584,521,63,10.79,Medium,equipment_downtime,23.8,37.0,33.5,0.355,5.3,0.7,0.7,3.9,96.2,0.6,0.0,93.4,22
2023-07-19,ukwa,Ukwa Mine,Wednesday,7,568,271,297,52.29,High,weather_stoppage,37.5,46.0,36.4,0.43,4.1,1.2,0.5,2.4,97.1,0.7,4.2,91.8,13
2023-07-20,ukwa,Ukwa Mine,Thursday,7,581,482,99,17.04,Medium,blasting_delays,2.7,36.2,37.9,0.339,2.4,0.4,0.4,1.6,98.0,4.9,0.0,98.1,21
2023-07-21,ukwa,Ukwa Mine,Friday,7,580,526,54,9.31,Medium,equipment_downtime,2.7,36.6,38.5,0.361,6.1,0.9,1.4,3.8,95.7,0.0,0.0,92.4,21
2023-07-22,ukwa,Ukwa Mine,Saturday,7,567,420,147,25.93,High,equipment_downtime,1.7,38.8,37.5,0.431,14.1,5.4,1.4,7.3,90.0,0.0,0.0,92.1,18
2023-07-23,ukwa,Ukwa Mine,Sunday,7,581,536,45,7.75,Medium,equipment_downtime,2.0,32.0,33.0,0.35,4.9,1.1,2.5,1.3,96.5,0.0,0.0,97.2,21
2023-07-24,ukwa,Ukwa Mine,Monday,7,593,216,377,63.58,High,weather_stoppage,42.5,46.8,28.1,0.382,6.3,1.1,1.3,3.9,95.5,2.5,4.7,97.1,6
2023-07-25,ukwa,Ukwa Mine,Tuesday,7,572,459,113,19.76,High,weather_stoppage,22.2,46.8,33.6,0.438,4.4,0.7,0.5,3.2,96.9,0.0,0.0,92.7,18
2023-07-26,ukwa,Ukwa Mine,Wednesday,7,567,476,91,16.05,Medium,equipment_downtime,20.2,40.1,32.1,0.425,3.2,1.1,0.6,1.5,97.7,0.0,0.0,96.4,17
2023-07-27,ukwa,Ukwa Mine,Thursday,7,577,494,83,14.38,Medium,equipment_downtime,19.3,43.3,31.7,0.49,5.5,0.8,1.8,2.9,96.1,0.0,0.0,91.6,20
2023-07-28,ukwa,Ukwa Mine,Friday,7,569,513,56,9.84,Medium,equipment_downtime,4.8,38.3,33.7,0.496,3.4,0.5,0.4,2.5,97.6,0.2,0.0,89.7,20
2023-07-29,ukwa,Ukwa Mine,Saturday,7,584,521,63,10.79,Medium,equipment_downtime,3.1,38.9,33.6,0.44,5.7,0.4,0.9,4.4,95.9,0.0,0.0,94.0,19
2023-07-30,ukwa,Ukwa Mine,Sunday,7,578,330,248,42.91,High,weather_stoppage,39.6,44.7,35.0,0.325,5.9,1.2,0.9,3.8,95.8,0.0,3.9,97.9,9
2023-07-31,ukwa,Ukwa Mine,Monday,7,565,302,263,46.55,High,equipment_downtime,5.0,40.7,33.6,0.394,22.5,15.5,1.1,5.9,84.0,0.0,0.0,93.2,10
2023-08-01,ukwa,Ukwa Mine,Tuesday,8,570,459,111,19.47,High,equipment_downtime,3.8,43.2,36.6,0.389,4.1,1.0,0.5,2.6,97.1,0.0,0.0,88.0,17
2023-08-02,ukwa,Ukwa Mine,Wednesday,8,564,422,142,25.18,High,equipment_downtime,4.8,38.4,39.8,0.441,11.4,7.4,1.5,2.5,91.9,0.0,0.0,94.4,16
2023-08-03,ukwa,Ukwa Mine,Thursday,8,550,528,22,4.0,Low,equipment_downtime,0.3,36.9,32.7,0.508,4.2,0.5,1.0,2.7,97.0,0.0,0.0,99.0,22
2023-08-04,ukwa,Ukwa Mine,Friday,8,556,92,464,83.45,High,equipment_downtime,33.3,49.5,32.1,0.417,21.9,11.0,1.8,9.1,84.4,0.0,4.0,91.1,5
2023-08-05,ukwa,Ukwa Mine,Saturday,8,560,509,51,9.11,Medium,equipment_downtime,2.3,36.6,34.2,0.443,5.3,0.5,0.7,4.1,96.2,0.0,0.0,93.8,18
2023-08-06,ukwa,Ukwa Mine,Sunday,8,563,524,39,6.93,Medium,equipment_downtime,0.4,38.4,35.8,0.411,5.3,0.5,0.3,4.5,96.2,0.0,0.0,90.8,22
2023-08-07,ukwa,Ukwa Mine,Monday,8,556,491,65,11.69,Medium,equipment_downtime,0.6,37.3,34.8,0.414,4.3,1.5,1.7,1.1,96.9,0.0,0.0,91.9,18
2023-08-08,ukwa,Ukwa Mine,Tuesday,8,557,433,124,22.26,High,equipment_downtime,0.4,40.6,34.0,0.429,9.2,1.2,1.8,6.2,93.4,0.0,0.0,97.2,17
2023-08-09,ukwa,Ukwa Mine,Wednesday,8,547,286,261,47.71,High,equipment_downtime,2.6,37.8,37.1,0.452,22.4,16.8,1.2,4.4,84.0,0.0,0.0,84.3,9
2023-08-10,ukwa,Ukwa Mine,Thursday,8,556,468,88,15.83,Medium,labor_attendance,6.9,40.6,33.4,0.466,4.1,0.7,1.1,2.3,97.1,0.0,0.0,81.4,17
2023-08-11,ukwa,Ukwa Mine,Friday,8,558,289,269,48.21,High,weather_stoppage,30.9,47.2,30.0,0.391,4.9,0.9,0.3,3.7,96.5,0.0,4.2,88.0,10
2023-08-12,ukwa,Ukwa Mine,Saturday,8,559,483,76,13.6,Medium,equipment_downtime,12.7,37.9,30.5,0.514,3.3,0.3,0.3,2.7,97.6,0.0,0.0,89.4,17
2023-08-13,ukwa,Ukwa Mine,Sunday,8,549,426,123,22.4,High,equipment_downtime,4.2,39.5,32.8,0.503,3.6,0.6,1.7,1.3,97.4,1.7,0.0,97.9,15
2023-08-14,ukwa,Ukwa Mine,Monday,8,555,439,116,20.9,High,equipment_downtime,0.3,36.0,30.6,0.424,5.9,1.4,1.9,2.6,95.8,0.0,0.0,94.9,16
2023-08-15,ukwa,Ukwa Mine,Tuesday,8,557,364,193,34.65,High,weather_stoppage,26.4,44.4,31.5,0.455,6.4,0.7,1.9,3.8,95.4,0.0,2.6,91.3,13
2023-08-16,ukwa,Ukwa Mine,Wednesday,8,549,438,111,20.22,High,equipment_downtime,4.1,41.5,31.6,0.464,5.8,1.3,1.0,3.5,95.9,0.0,0.0,91.5,15
2023-08-17,ukwa,Ukwa Mine,Thursday,8,548,505,43,7.85,Medium,equipment_downtime,1.0,35.3,31.3,0.426,4.4,1.0,1.2,2.2,96.9,0.0,0.0,89.2,19
2023-08-18,ukwa,Ukwa Mine,Friday,8,532,404,128,24.06,High,equipment_downtime,5.9,38.0,33.4,0.513,5.1,0.6,0.8,3.7,96.4,2.8,0.0,92.2,15
2023-08-19,ukwa,Ukwa Mine,Saturday,8,555,492,63,11.35,Medium,equipment_downtime,1.7,36.6,32.4,0.455,3.6,1.2,0.3,2.1,97.4,0.0,0.0,87.2,16
2023-08-20,ukwa,Ukwa Mine,Sunday,8,576,496,80,13.89,Medium,equipment_downtime,1.2,40.7,29.6,0.483,5.2,0.8,0.5,3.9,96.3,0.0,0.0,93.8,19
2023-08-21,ukwa,Ukwa Mine,Monday,8,551,457,94,17.06,Medium,equipment_downtime,4.3,41.2,30.7,0.502,6.4,0.8,1.2,4.4,95.4,0.0,0.0,90.7,18
2023-08-22,ukwa,Ukwa Mine,Tuesday,8,531,433,98,18.46,High,equipment_downtime,2.2,39.0,29.6,0.477,7.5,0.5,2.6,4.4,94.7,0.0,0.0,91.0,18
2023-08-23,ukwa,Ukwa Mine,Wednesday,8,587,87,500,85.18,High,weather_stoppage,59.6,55.0,26.7,0.551,4.8,0.6,0.9,3.3,96.6,0.0,7.0,93.6,5
2023-08-24,ukwa,Ukwa Mine,Thursday,8,570,478,92,16.14,Medium,equipment_downtime,3.0,34.5,32.2,0.652,5.9,1.3,0.6,4.0,95.8,0.0,0.0,97.0,18
2023-08-25,ukwa,Ukwa Mine,Friday,8,536,384,152,28.36,High,equipment_downtime,4.4,36.3,32.6,0.548,13.5,4.2,1.4,7.9,90.4,1.1,0.0,99.0,14
2023-08-26,ukwa,Ukwa Mine,Saturday,8,567,550,17,3.0,Low,nominal_operations,1.9,39.6,30.4,0.475,2.9,1.2,0.2,1.5,97.9,0.0,0.0,95.1,23
2023-08-27,ukwa,Ukwa Mine,Sunday,8,558,507,51,9.14,Medium,equipment_downtime,1.2,38.1,32.3,0.487,5.7,1.1,2.7,1.9,95.9,0.0,0.0,92.5,20
2023-08-28,ukwa,Ukwa Mine,Monday,8,550,87,463,84.18,High,weather_stoppage,76.0,57.2,21.3,0.554,5.6,1.0,1.9,2.7,96.0,0.0,11.1,90.9,5
2023-08-29,ukwa,Ukwa Mine,Tuesday,8,550,436,114,20.73,High,equipment_downtime,2.0,44.0,30.1,0.496,5.6,0.5,1.5,3.6,96.0,0.0,0.0,91.3,21
2023-08-30,ukwa,Ukwa Mine,Wednesday,8,562,456,106,18.86,High,equipment_downtime,1.6,39.5,30.4,0.463,6.4,1.5,0.4,4.5,95.4,0.0,0.0,95.9,19
2023-08-31,ukwa,Ukwa Mine,Thursday,8,574,449,125,21.78,High,equipment_downtime,9.4,38.3,29.5,0.55,8.5,3.2,0.5,4.8,93.9,0.2,0.0,98.9,18
2023-09-01,ukwa,Ukwa Mine,Friday,9,542,549,0,0.0,Low,nominal_operations,7.5,38.4,28.4,0.527,3.9,1.4,0.9,1.6,97.2,0.0,0.0,95.3,23
2023-09-02,ukwa,Ukwa Mine,Saturday,9,537,269,268,49.91,High,weather_stoppage,30.2,46.9,24.1,0.535,3.6,1.0,0.7,1.9,97.4,0.0,3.7,87.4,13
2023-09-03,ukwa,Ukwa Mine,Sunday,9,540,461,79,14.63,Medium,equipment_downtime,11.6,37.9,26.4,0.535,5.1,0.5,0.5,4.1,96.4,0.0,0.0,91.0,22
2023-09-04,ukwa,Ukwa Mine,Monday,9,541,87,454,83.92,High,weather_stoppage,66.8,54.0,24.6,0.563,25.5,7.0,1.9,16.6,81.8,0.0,9.5,89.0,5
2023-09-05,ukwa,Ukwa Mine,Tuesday,9,533,493,40,7.5,Medium,equipment_downtime,0.2,38.0,30.3,0.551,4.8,0.4,1.3,3.1,96.6,0.0,0.0,95.1,18
2023-09-06,ukwa,Ukwa Mine,Wednesday,9,541,462,79,14.6,Medium,equipment_downtime,11.0,35.3,32.0,0.528,5.7,1.5,1.9,2.3,95.9,0.4,0.0,96.1,19
2023-09-07,ukwa,Ukwa Mine,Thursday,9,546,374,172,31.5,High,weather_stoppage,24.8,46.2,26.4,0.562,4.5,0.3,0.4,3.8,96.8,0.0,0.0,87.3,16
2023-09-08,ukwa,Ukwa Mine,Friday,9,545,375,170,31.19,High,equipment_downtime,25.4,43.0,27.6,0.495,9.7,0.7,5.4,3.6,93.1,0.0,1.6,90.8,15
2023-09-09,ukwa,Ukwa Mine,Saturday,9,513,247,266,51.85,High,equipment_downtime,13.5,42.5,28.3,0.569,22.2,5.1,0.4,16.7,84.2,0.0,0.0,96.1,12
2023-09-10,ukwa,Ukwa Mine,Sunday,9,527,467,60,11.39,Medium,weather_stoppage,20.6,44.3,27.9,0.537,3.0,1.3,0.4,1.3,97.9,0.0,0.0,92.5,21
2023-09-11,ukwa,Ukwa Mine,Monday,9,545,87,458,84.04,High,weather_stoppage,85.9,58.0,17.8,0.594,3.8,0.7,2.0,1.1,97.3,0.0,12.0,87.4,5
2023-09-12,ukwa,Ukwa Mine,Tuesday,9,530,212,318,60.0,High,weather_stoppage,41.0,48.1,24.0,0.544,5.6,2.8,0.7,2.1,96.0,0.0,4.8,93.6,10
2023-09-13,ukwa,Ukwa Mine,Wednesday,9,549,304,245,44.63,High,weather_stoppage,34.4,44.9,28.5,0.544,5.8,1.3,1.1,3.4,95.9,0.0,3.2,90.8,13
2023-09-14,ukwa,Ukwa Mine,Thursday,9,552,475,77,13.95,Medium,equipment_downtime,22.2,42.0,23.7,0.516,3.4,0.3,1.1,2.0,97.6,0.0,0.0,97.6,22
2023-09-15,ukwa,Ukwa Mine,Friday,9,545,344,201,36.88,High,equipment_downtime,1.1,32.1,28.1,0.587,18.0,11.2,0.4,6.4,87.2,1.9,0.0,93.5,14
2023-09-16,ukwa,Ukwa Mine,Saturday,9,535,275,260,48.6,High,weather_stoppage,35.2,47.2,21.1,0.616,4.0,0.5,2.0,1.5,97.2,0.0,4.3,99.0,12
2023-09-17,ukwa,Ukwa Mine,Sunday,9,535,367,168,31.4,High,equipment_downtime,2.9,36.0,27.6,0.624,17.3,10.0,0.5,6.8,87.7,0.0,0.0,90.6,13
2023-09-18,ukwa,Ukwa Mine,Monday,9,532,452,80,15.04,Medium,equipment_downtime,20.5,38.3,26.5,0.583,5.4,0.6,3.1,1.7,96.2,0.0,0.0,98.6,21
2023-09-19,ukwa,Ukwa Mine,Tuesday,9,561,485,76,13.55,Medium,equipment_downtime,2.2,31.4,28.2,0.534,5.7,0.5,1.3,3.9,95.9,0.0,0.0,95.8,20
2023-09-20,ukwa,Ukwa Mine,Wednesday,9,532,477,55,10.34,Medium,equipment_downtime,2.1,38.4,26.9,0.561,4.7,0.5,0.5,3.7,96.7,0.0,0.0,91.7,18
2023-09-21,ukwa,Ukwa Mine,Thursday,9,535,447,88,16.45,Medium,equipment_downtime,1.4,35.9,29.8,0.556,10.5,5.8,1.0,3.7,92.5,0.0,0.0,90.2,16
2023-09-22,ukwa,Ukwa Mine,Friday,9,548,546,2,0.36,Low,nominal_operations,2.0,37.0,26.9,0.638,3.2,0.8,0.9,1.5,97.7,0.0,0.0,90.9,24
2023-09-23,ukwa,Ukwa Mine,Saturday,9,512,438,74,14.45,Medium,equipment_downtime,17.2,36.9,24.5,0.576,5.4,0.5,0.4,4.5,96.2,0.0,0.0,96.1,14
2023-09-24,ukwa,Ukwa Mine,Sunday,9,556,244,312,56.12,High,weather_stoppage,43.3,42.0,22.8,0.614,6.1,1.3,0.9,3.9,95.7,0.0,4.8,90.4,8
2023-09-25,ukwa,Ukwa Mine,Monday,9,568,539,29,5.11,Low,equipment_downtime,1.7,29.5,26.5,0.6,4.7,1.1,1.9,1.7,96.7,0.0,0.0,97.8,22
2023-09-26,ukwa,Ukwa Mine,Tuesday,9,531,473,58,10.92,Medium,equipment_downtime,3.2,34.8,27.2,0.614,3.0,0.9,1.0,1.1,97.9,0.0,0.0,90.8,17
2023-09-27,ukwa,Ukwa Mine,Wednesday,9,548,87,461,84.12,High,weather_stoppage,68.8,50.7,16.0,0.613,11.5,5.1,1.3,5.1,91.8,0.0,9.1,83.1,8
2023-09-28,ukwa,Ukwa Mine,Thursday,9,542,205,337,62.18,High,weather_stoppage,40.7,48.5,22.6,0.569,6.0,0.9,1.7,3.4,95.7,0.0,4.9,94.3,11
2023-09-29,ukwa,Ukwa Mine,Friday,9,528,414,114,21.59,High,equipment_downtime,2.6,33.2,27.1,0.644,6.6,0.7,1.9,4.0,95.3,0.0,0.0,85.3,15
2023-09-30,ukwa,Ukwa Mine,Saturday,9,534,254,280,52.43,High,weather_stoppage,28.6,46.4,22.2,0.646,4.7,1.0,1.6,2.1,96.7,0.0,3.2,86.5,10
2023-10-01,ukwa,Ukwa Mine,Sunday,10,534,477,57,10.67,Medium,equipment_downtime,0.0,29.5,24.6,0.679,5.9,0.2,1.8,3.9,95.8,0.0,0.0,96.5,19
2023-10-02,ukwa,Ukwa Mine,Monday,10,525,439,86,16.38,Medium,equipment_downtime,0.0,33.0,28.0,0.596,9.2,2.6,1.9,4.7,93.4,0.0,0.0,97.9,16
2023-10-03,ukwa,Ukwa Mine,Tuesday,10,532,402,130,24.44,High,equipment_downtime,0.0,34.8,28.4,0.579,11.2,5.5,0.4,5.3,92.0,1.0,0.0,91.0,18
2023-10-04,ukwa,Ukwa Mine,Wednesday,10,549,474,75,13.66,Medium,equipment_downtime,0.0,28.7,24.4,0.594,4.6,1.3,2.0,1.3,96.7,0.0,0.0,88.9,20
2023-10-05,ukwa,Ukwa Mine,Thursday,10,541,490,51,9.43,Medium,equipment_downtime,0.0,30.9,26.3,0.668,3.4,1.0,1.2,1.2,97.6,0.0,0.0,93.1,20
2023-10-06,ukwa,Ukwa Mine,Friday,10,543,328,215,39.59,High,equipment_downtime,0.0,29.2,24.8,0.672,18.8,5.1,4.0,9.7,86.6,0.0,0.0,89.2,13
2023-10-07,ukwa,Ukwa Mine,Saturday,10,542,247,295,54.43,High,equipment_downtime,0.0,32.1,23.9,0.638,26.8,10.6,5.8,10.4,80.9,0.0,0.0,99.0,12
2023-10-08,ukwa,Ukwa Mine,Sunday,10,528,418,110,20.83,High,equipment_downtime,3.0,31.4,22.8,0.678,5.9,1.2,1.1,3.6,95.8,0.0,0.0,85.4,18
2023-10-09,ukwa,Ukwa Mine,Monday,10,553,423,130,23.51,High,equipment_downtime,0.0,35.8,25.9,0.606,5.1,1.1,1.2,2.8,96.4,0.0,0.0,86.3,18
2023-10-10,ukwa,Ukwa Mine,Tuesday,10,549,442,107,19.49,High,equipment_downtime,10.1,34.8,26.6,0.565,5.8,1.4,2.8,1.6,95.9,0.0,0.0,84.2,21
2023-10-11,ukwa,Ukwa Mine,Wednesday,10,537,460,77,14.34,Medium,equipment_downtime,0.0,29.4,22.2,0.665,6.8,1.3,1.7,3.8,95.2,0.0,0.0,93.0,18
2023-10-12,ukwa,Ukwa Mine,Thursday,10,527,374,153,29.03,High,equipment_downtime,0.0,30.6,25.1,0.68,13.9,4.5,0.7,8.7,90.1,0.0,0.0,99.0,13
2023-10-13,ukwa,Ukwa Mine,Friday,10,531,456,75,14.12,Medium,equipment_downtime,0.0,27.5,26.3,0.623,3.7,1.3,0.5,1.9,97.4,0.0,0.0,87.9,19
2023-10-14,ukwa,Ukwa Mine,Saturday,10,538,390,148,27.51,High,equipment_downtime,0.0,30.9,27.4,0.612,12.7,3.0,1.0,8.7,91.0,0.0,0.0,93.8,15
2023-10-15,ukwa,Ukwa Mine,Sunday,10,533,465,68,12.76,Medium,equipment_downtime,0.0,32.2,26.5,0.591,4.7,1.4,0.3,3.0,96.7,0.0,0.0,92.0,15
2023-10-16,ukwa,Ukwa Mine,Monday,10,538,484,54,10.04,Medium,equipment_downtime,0.0,27.7,22.2,0.61,6.0,0.6,1.0,4.4,95.7,0.0,0.0,92.2,18
2023-10-17,ukwa,Ukwa Mine,Tuesday,10,536,468,68,12.69,Medium,equipment_downtime,0.0,24.9,24.0,0.64,6.7,1.4,1.0,4.3,95.2,0.0,0.0,91.7,17
2023-10-18,ukwa,Ukwa Mine,Wednesday,10,529,395,134,25.33,High,equipment_downtime,0.0,28.8,23.4,0.597,14.1,5.2,1.9,7.0,90.0,2.2,0.0,92.8,17
2023-10-19,ukwa,Ukwa Mine,Thursday,10,538,475,63,11.71,Medium,labor_attendance,0.0,26.6,23.2,0.618,3.7,0.3,0.6,2.8,97.4,0.0,0.0,82.8,15
2023-10-20,ukwa,Ukwa Mine,Friday,10,533,461,72,13.51,Medium,equipment_downtime,0.0,23.0,24.7,0.69,5.2,0.4,1.8,3.0,96.3,0.0,0.0,95.0,21
2023-10-21,ukwa,Ukwa Mine,Saturday,10,523,460,63,12.05,Medium,equipment_downtime,0.0,29.3,22.3,0.705,4.6,0.6,2.0,2.0,96.7,0.0,0.0,93.8,18
2023-10-22,ukwa,Ukwa Mine,Sunday,10,533,483,50,9.38,Medium,equipment_downtime,0.0,26.5,26.7,0.639,2.6,0.3,1.1,1.2,98.0,0.0,0.0,95.9,18
2023-10-23,ukwa,Ukwa Mine,Monday,10,544,477,67,12.32,Medium,equipment_downtime,0.0,21.4,24.5,0.631,6.1,1.2,0.7,4.2,95.7,0.0,0.0,87.5,19
2023-10-24,ukwa,Ukwa Mine,Tuesday,10,517,439,78,15.09,Medium,equipment_downtime,0.0,28.9,26.5,0.673,6.3,1.5,3.0,1.8,95.5,0.0,0.0,95.4,18
2023-10-25,ukwa,Ukwa Mine,Wednesday,10,543,473,70,12.89,Medium,equipment_downtime,0.0,28.4,25.6,0.631,6.0,1.0,2.5,2.5,95.7,0.0,0.0,90.4,19
2023-10-26,ukwa,Ukwa Mine,Thursday,10,520,136,384,73.85,High,equipment_downtime,0.0,23.3,24.8,0.675,32.0,23.4,1.6,7.0,77.2,0.0,0.0,89.3,5
2023-10-27,ukwa,Ukwa Mine,Friday,10,518,460,58,11.2,Medium,equipment_downtime,0.0,25.9,24.9,0.666,3.8,1.2,1.3,1.3,97.3,0.0,0.0,93.0,18
2023-10-28,ukwa,Ukwa Mine,Saturday,10,544,456,88,16.18,Medium,equipment_downtime,0.0,26.6,23.0,0.667,5.5,1.3,1.3,2.9,96.1,0.0,0.0,94.8,19
2023-10-29,ukwa,Ukwa Mine,Sunday,10,515,488,27,5.24,Low,equipment_downtime,0.0,23.6,23.8,0.699,5.1,0.4,1.9,2.8,96.4,0.0,0.0,90.1,19
2023-10-30,ukwa,Ukwa Mine,Monday,10,533,475,58,10.88,Medium,equipment_downtime,0.0,22.1,20.9,0.663,6.9,1.4,1.2,4.3,95.1,0.0,0.0,89.7,20
2023-10-31,ukwa,Ukwa Mine,Tuesday,10,540,448,92,17.04,Medium,equipment_downtime,0.0,24.5,24.8,0.671,5.7,1.2,0.3,4.2,95.9,0.0,0.0,88.6,19
2023-11-01,ukwa,Ukwa Mine,Wednesday,11,545,455,90,16.51,Medium,equipment_downtime,0.0,26.9,21.5,0.69,4.2,1.0,0.9,2.3,97.0,0.0,0.0,87.0,20
2023-11-02,ukwa,Ukwa Mine,Thursday,11,520,436,84,16.15,Medium,equipment_downtime,0.0,22.5,25.9,0.603,7.3,1.3,1.6,4.4,94.8,0.0,0.0,86.0,17
2023-11-03,ukwa,Ukwa Mine,Friday,11,549,546,3,0.55,Low,nominal_operations,0.0,19.8,22.9,0.618,3.8,1.2,1.5,1.1,97.3,0.0,0.0,92.9,20
2023-11-04,ukwa,Ukwa Mine,Saturday,11,524,412,112,21.37,High,equipment_downtime,0.0,17.8,23.5,0.577,6.9,1.4,1.7,3.8,95.1,0.0,0.0,92.8,15
2023-11-05,ukwa,Ukwa Mine,Sunday,11,545,131,414,75.96,High,equipment_downtime,0.0,15.5,22.9,0.628,36.7,5.2,1.7,29.8,73.9,0.0,0.0,89.6,7
2023-11-06,ukwa,Ukwa Mine,Monday,11,537,466,71,13.22,Medium,equipment_downtime,0.0,19.3,25.3,0.67,5.3,1.3,0.9,3.1,96.2,0.0,0.0,96.2,21
2023-11-07,ukwa,Ukwa Mine,Tuesday,11,532,459,73,13.72,Medium,equipment_downtime,0.0,21.7,19.8,0.724,7.1,0.3,5.1,1.7,94.9,0.0,0.0,99.0,16
2023-11-08,ukwa,Ukwa Mine,Wednesday,11,535,428,107,20.0,High,labor_attendance,0.3,20.7,24.6,0.625,3.9,1.3,0.8,1.8,97.2,0.0,0.0,82.7,18
2023-11-09,ukwa,Ukwa Mine,Thursday,11,551,469,82,14.88,Medium,equipment_downtime,0.0,20.4,22.6,0.682,4.0,1.3,0.8,1.9,97.2,0.0,0.0,95.6,17
2023-11-10,ukwa,Ukwa Mine,Friday,11,543,480,63,11.6,Medium,equipment_downtime,0.0,18.9,26.6,0.644,3.1,0.5,1.2,1.4,97.8,0.0,0.0,90.2,20
2023-11-11,ukwa,Ukwa Mine,Saturday,11,547,514,33,6.03,Medium,equipment_downtime,0.0,17.0,27.1,0.621,4.9,0.4,1.1,3.4,96.5,0.0,0.0,95.5,23
2023-11-12,ukwa,Ukwa Mine,Sunday,11,535,460,75,14.02,Medium,equipment_downtime,0.0,21.2,23.8,0.627,5.4,0.8,0.8,3.8,96.2,0.0,0.0,99.0,17
2023-11-13,ukwa,Ukwa Mine,Monday,11,537,495,42,7.82,Medium,equipment_downtime,0.0,17.2,25.6,0.606,5.7,1.4,0.3,4.0,95.9,0.0,0.0,98.1,21
2023-11-14,ukwa,Ukwa Mine,Tuesday,11,531,476,55,10.36,Medium,equipment_downtime,0.0,13.8,26.4,0.626,6.8,1.1,1.5,4.2,95.2,0.0,0.0,92.7,17
2023-11-15,ukwa,Ukwa Mine,Wednesday,11,562,502,60,10.68,Medium,equipment_downtime,0.0,16.1,23.8,0.619,3.8,1.4,0.8,1.6,97.3,0.0,0.0,95.8,22
2023-11-16,ukwa,Ukwa Mine,Thursday,11,533,463,70,13.13,Medium,equipment_downtime,0.0,15.7,23.7,0.603,6.8,1.0,1.7,4.1,95.2,0.0,0.0,94.9,19
2023-11-17,ukwa,Ukwa Mine,Friday,11,529,507,22,4.16,Low,equipment_downtime,2.7,16.3,24.8,0.611,3.2,0.6,1.3,1.3,97.7,0.0,0.0,93.5,18
2023-11-18,ukwa,Ukwa Mine,Saturday,11,548,423,125,22.81,High,equipment_downtime,0.0,20.2,22.0,0.603,4.9,0.9,1.3,2.7,96.5,0.0,0.0,84.9,17
2023-11-19,ukwa,Ukwa Mine,Sunday,11,535,445,90,16.82,Medium,equipment_downtime,0.0,14.9,23.6,0.585,6.3,0.7,1.9,3.7,95.5,0.0,0.0,99.0,14
2023-11-20,ukwa,Ukwa Mine,Monday,11,535,464,71,13.27,Medium,equipment_downtime,0.0,18.2,22.8,0.674,6.3,1.0,1.4,3.9,95.5,0.0,0.0,93.5,19
2023-11-21,ukwa,Ukwa Mine,Tuesday,11,525,495,30,5.71,Low,equipment_downtime,0.0,12.3,21.9,0.611,2.3,0.8,0.4,1.1,98.0,0.0,0.0,92.1,17
2023-11-22,ukwa,Ukwa Mine,Wednesday,11,565,502,63,11.15,Medium,equipment_downtime,0.0,12.0,22.0,0.634,3.9,0.8,1.0,2.1,97.2,0.0,0.0,94.2,19
2023-11-23,ukwa,Ukwa Mine,Thursday,11,549,491,58,10.56,Medium,equipment_downtime,0.0,13.5,21.4,0.61,6.3,0.3,1.8,4.2,95.5,0.0,0.0,95.0,21
2023-11-24,ukwa,Ukwa Mine,Friday,11,532,472,60,11.28,Medium,equipment_downtime,0.0,16.6,24.6,0.616,4.0,0.4,1.4,2.2,97.2,1.3,0.0,91.5,19
2023-11-25,ukwa,Ukwa Mine,Saturday,11,528,442,86,16.29,Medium,equipment_downtime,0.0,14.0,24.2,0.656,4.5,1.4,1.4,1.7,96.8,0.0,0.0,97.9,17
2023-11-26,ukwa,Ukwa Mine,Sunday,11,523,435,88,16.83,Medium,equipment_downtime,0.0,13.6,24.8,0.651,4.3,1.1,1.2,2.0,96.9,1.7,0.0,90.8,15
2023-11-27,ukwa,Ukwa Mine,Monday,11,542,466,76,14.02,Medium,equipment_downtime,0.9,17.6,20.6,0.582,6.2,1.3,0.8,4.1,95.6,2.4,0.0,90.7,20
2023-11-28,ukwa,Ukwa Mine,Tuesday,11,540,499,41,7.59,Medium,equipment_downtime,0.0,17.4,23.0,0.664,2.7,1.3,0.3,1.1,98.0,0.0,0.0,93.5,20
2023-11-29,ukwa,Ukwa Mine,Wednesday,11,547,480,67,12.25,Medium,equipment_downtime,0.0,20.3,20.8,0.69,5.3,0.7,0.9,3.7,96.2,0.0,0.0,95.7,24
2023-11-30,ukwa,Ukwa Mine,Thursday,11,533,477,56,10.51,Medium,equipment_downtime,0.0,17.2,19.2,0.554,5.1,1.5,1.9,1.7,96.4,0.0,0.0,90.4,20
2023-12-01,ukwa,Ukwa Mine,Friday,12,558,452,106,19.0,High,blasting_delays,0.0,17.4,23.6,0.626,5.3,0.3,1.4,3.6,96.2,3.1,0.0,93.2,19
2023-12-02,ukwa,Ukwa Mine,Saturday,12,575,512,63,10.96,Medium,equipment_downtime,0.0,16.1,23.6,0.616,5.2,1.4,1.6,2.2,96.3,0.0,0.0,91.3,21
2023-12-03,ukwa,Ukwa Mine,Sunday,12,552,482,70,12.68,Medium,equipment_downtime,0.0,20.1,19.3,0.615,6.9,1.4,1.4,4.1,95.1,0.0,0.0,95.8,21
2023-12-04,ukwa,Ukwa Mine,Monday,12,592,533,59,9.97,Medium,equipment_downtime,0.0,14.1,23.5,0.67,5.5,0.5,1.1,3.9,96.1,0.0,0.0,91.3,22
2023-12-05,ukwa,Ukwa Mine,Tuesday,12,554,532,22,3.97,Low,equipment_downtime,0.0,16.7,23.3,0.585,5.4,0.3,1.0,4.1,96.2,0.0,0.0,93.7,21
2023-12-06,ukwa,Ukwa Mine,Wednesday,12,563,492,71,12.61,Medium,equipment_downtime,0.0,20.9,20.7,0.589,3.8,1.3,0.5,2.0,97.3,0.0,0.0,93.7,17
2023-12-07,ukwa,Ukwa Mine,Thursday,12,548,529,19,3.47,Low,nominal_operations,0.0,19.6,20.4,0.573,3.4,1.5,0.5,1.4,97.6,0.0,0.0,92.0,22
2023-12-08,ukwa,Ukwa Mine,Friday,12,559,413,146,26.12,High,equipment_downtime,0.0,21.4,23.2,0.584,9.8,1.3,4.0,4.5,93.0,0.0,0.0,88.0,20
2023-12-09,ukwa,Ukwa Mine,Saturday,12,558,501,57,10.22,Medium,equipment_downtime,12.2,15.2,19.6,0.563,5.3,0.4,0.7,4.2,96.2,0.0,0.0,89.4,19
2023-12-10,ukwa,Ukwa Mine,Sunday,12,533,495,38,7.13,Medium,equipment_downtime,0.0,16.5,20.9,0.585,3.4,0.5,0.5,2.4,97.6,0.0,0.0,95.3,20
2023-12-11,ukwa,Ukwa Mine,Monday,12,536,434,102,19.03,High,equipment_downtime,0.0,13.9,23.5,0.578,13.4,7.5,1.4,4.5,90.5,0.0,0.0,93.6,20
2023-12-12,ukwa,Ukwa Mine,Tuesday,12,563,501,62,11.01,Medium,equipment_downtime,0.0,17.3,20.4,0.528,6.8,1.0,1.5,4.3,95.2,0.0,0.0,93.1,22
2023-12-13,ukwa,Ukwa Mine,Wednesday,12,565,373,192,33.98,High,equipment_downtime,0.0,9.0,19.5,0.534,17.2,9.8,0.9,6.5,87.7,0.0,0.0,90.1,14
2023-12-14,ukwa,Ukwa Mine,Thursday,12,563,500,63,11.19,Medium,equipment_downtime,8.5,18.2,22.7,0.571,5.1,0.7,0.6,3.8,96.4,0.0,0.0,89.1,20
2023-12-15,ukwa,Ukwa Mine,Friday,12,573,503,70,12.22,Medium,equipment_downtime,0.0,14.5,25.9,0.516,2.9,0.6,0.8,1.5,97.9,1.3,0.0,95.5,23
2023-12-16,ukwa,Ukwa Mine,Saturday,12,562,518,44,7.83,Medium,equipment_downtime,0.0,15.9,21.6,0.581,3.9,1.3,1.4,1.2,97.2,0.0,0.0,98.9,19
2023-12-17,ukwa,Ukwa Mine,Sunday,12,587,525,62,10.56,Medium,equipment_downtime,0.0,14.5,24.4,0.635,5.2,0.5,1.2,3.5,96.3,0.0,0.0,92.0,19
2023-12-18,ukwa,Ukwa Mine,Monday,12,565,534,31,5.49,Low,equipment_downtime,0.0,19.2,23.9,0.505,4.5,0.9,1.6,2.0,96.8,0.2,0.0,89.1,20
2023-12-19,ukwa,Ukwa Mine,Tuesday,12,568,576,0,0.0,Low,nominal_operations,0.0,17.4,20.7,0.549,4.9,0.9,1.0,3.0,96.5,0.0,0.0,98.1,27
2023-12-20,ukwa,Ukwa Mine,Wednesday,12,573,160,413,72.08,High,equipment_downtime,0.0,11.7,22.5,0.53,46.0,12.6,1.8,31.6,67.2,0.0,0.0,95.3,6
2023-12-21,ukwa,Ukwa Mine,Thursday,12,559,492,67,11.99,Medium,equipment_downtime,0.0,16.5,21.7,0.501,4.5,0.4,2.0,2.1,96.8,0.0,0.0,97.3,19
2023-12-22,ukwa,Ukwa Mine,Friday,12,545,501,44,8.07,Medium,labor_attendance,0.0,19.2,22.6,0.565,3.2,0.6,0.3,2.3,97.7,0.0,0.0,86.8,18
2023-12-23,ukwa,Ukwa Mine,Saturday,12,566,425,141,24.91,High,blasting_delays,0.0,17.7,20.6,0.52,5.6,1.3,1.2,3.1,96.0,3.3,0.0,98.0,16
2023-12-24,ukwa,Ukwa Mine,Sunday,12,542,399,143,26.38,High,equipment_downtime,0.0,14.3,26.9,0.552,11.5,2.5,0.5,8.5,91.8,0.0,0.0,92.2,18
2023-12-25,ukwa,Ukwa Mine,Monday,12,558,483,75,13.44,Medium,equipment_downtime,0.0,17.0,25.1,0.494,4.0,0.8,0.2,3.0,97.2,0.0,0.0,92.1,21
2023-12-26,ukwa,Ukwa Mine,Tuesday,12,557,433,124,22.26,High,equipment_downtime,0.0,17.3,23.1,0.543,11.2,0.9,0.7,9.6,92.0,0.0,0.0,95.1,20
2023-12-27,ukwa,Ukwa Mine,Wednesday,12,578,531,47,8.13,Medium,equipment_downtime,0.0,15.8,22.6,0.496,5.5,1.3,1.2,3.0,96.1,0.0,0.0,91.4,19
2023-12-28,ukwa,Ukwa Mine,Thursday,12,565,429,136,24.07,High,equipment_downtime,0.0,19.6,21.6,0.513,11.4,4.5,2.1,4.8,91.9,0.0,0.0,89.3,14
2023-12-29,ukwa,Ukwa Mine,Friday,12,546,530,16,2.93,Low,nominal_operations,0.0,14.8,24.9,0.52,3.9,1.0,0.6,2.3,97.2,0.0,0.0,97.3,19
2023-12-30,ukwa,Ukwa Mine,Saturday,12,552,552,0,0.0,Low,nominal_operations,0.0,18.8,25.1,0.482,2.4,0.6,0.4,1.4,98.0,0.0,0.0,95.4,21
2023-12-31,ukwa,Ukwa Mine,Sunday,12,568,494,74,13.03,Medium,equipment_downtime,13.1,17.6,19.8,0.507,4.9,1.3,1.4,2.2,96.5,0.0,0.0,89.6,19
2024-01-01,ukwa,Ukwa Mine,Monday,1,578,531,47,8.13,Medium,equipment_downtime,0.0,13.6,21.1,0.483,3.6,0.2,0.7,2.7,97.4,0.0,0.0,90.5,17
2024-01-02,ukwa,Ukwa Mine,Tuesday,1,581,493,88,15.15,Medium,equipment_downtime,0.0,16.3,23.4,0.491,4.6,0.6,0.8,3.2,96.7,0.1,0.0,91.8,20
2024-01-03,ukwa,Ukwa Mine,Wednesday,1,583,564,19,3.26,Low,nominal_operations,0.0,20.8,24.2,0.487,4.9,1.1,0.7,3.1,96.5,0.0,0.0,92.0,24
2024-01-04,ukwa,Ukwa Mine,Thursday,1,574,493,81,14.11,Medium,equipment_downtime,0.0,15.8,23.3,0.521,4.2,1.2,1.8,1.2,97.0,0.0,0.0,95.6,23
2024-01-05,ukwa,Ukwa Mine,Friday,1,595,581,14,2.35,Low,nominal_operations,11.5,18.3,20.6,0.481,4.9,0.8,0.3,3.8,96.5,0.0,0.0,93.5,25
2024-01-06,ukwa,Ukwa Mine,Saturday,1,584,511,73,12.5,Medium,equipment_downtime,0.0,17.8,23.4,0.504,4.4,0.9,0.8,2.7,96.9,0.0,0.0,86.1,19
2024-01-07,ukwa,Ukwa Mine,Sunday,1,561,535,26,4.63,Low,equipment_downtime,0.0,15.0,23.0,0.489,4.4,0.8,0.6,3.0,96.9,0.0,0.0,94.0,21
2024-01-08,ukwa,Ukwa Mine,Monday,1,579,508,71,12.26,Medium,equipment_downtime,0.0,17.1,23.3,0.549,3.6,0.4,1.2,2.0,97.4,0.1,0.0,89.9,17
2024-01-09,ukwa,Ukwa Mine,Tuesday,1,554,272,282,50.9,High,equipment_downtime,0.0,11.8,23.5,0.473,27.6,13.4,2.0,12.2,80.3,0.0,0.0,90.5,10
2024-01-10,ukwa,Ukwa Mine,Wednesday,1,564,470,94,16.67,Medium,labor_attendance,0.0,14.2,24.9,0.519,3.7,0.6,1.7,1.4,97.4,1.6,0.0,86.2,21
2024-01-11,ukwa,Ukwa Mine,Thursday,1,590,559,31,5.25,Low,equipment_downtime,0.0,16.3,25.6,0.476,3.8,0.5,1.6,1.7,97.3,0.0,0.0,91.9,20
2024-01-12,ukwa,Ukwa Mine,Friday,1,584,487,97,16.61,Medium,labor_attendance,0.0,17.4,25.5,0.495,3.3,0.8,1.0,1.5,97.6,0.0,0.0,82.9,18
2024-01-13,ukwa,Ukwa Mine,Saturday,1,572,526,46,8.04,Medium,equipment_downtime,0.0,13.7,24.6,0.438,4.9,0.9,1.8,2.2,96.5,0.0,0.0,91.2,18
2024-01-14,ukwa,Ukwa Mine,Sunday,1,587,475,112,19.08,High,equipment_downtime,0.0,10.5,28.2,0.49,8.6,0.7,3.7,4.2,93.9,0.0,0.0,92.2,19
2024-01-15,ukwa,Ukwa Mine,Monday,1,569,454,115,20.21,High,equipment_downtime,0.0,12.5,22.6,0.465,6.7,0.9,2.4,3.4,95.2,0.0,0.0,94.3,22
2024-01-16,ukwa,Ukwa Mine,Tuesday,1,576,516,60,10.42,Medium,equipment_downtime,0.0,15.8,25.1,0.441,4.3,0.6,1.1,2.6,96.9,0.0,0.0,89.9,19
2024-01-17,ukwa,Ukwa Mine,Wednesday,1,591,269,322,54.48,High,equipment_downtime,0.0,16.7,23.5,0.441,23.8,4.5,1.2,18.1,83.0,2.8,0.0,92.3,8
2024-01-18,ukwa,Ukwa Mine,Thursday,1,583,531,52,8.92,Medium,equipment_downtime,0.0,16.6,22.6,0.447,4.5,1.0,0.5,3.0,96.8,0.2,0.0,94.1,22
2024-01-19,ukwa,Ukwa Mine,Friday,1,593,536,57,9.61,Medium,equipment_downtime,0.0,14.3,24.0,0.463,6.6,1.5,1.9,3.2,95.3,0.0,0.0,94.0,25
2024-01-20,ukwa,Ukwa Mine,Saturday,1,590,518,72,12.2,Medium,equipment_downtime,0.0,16.5,22.8,0.444,5.7,1.0,1.6,3.1,95.9,0.0,0.0,89.9,24
2024-01-21,ukwa,Ukwa Mine,Sunday,1,591,325,266,45.01,High,equipment_downtime,0.0,12.6,26.9,0.431,22.8,0.6,1.9,20.3,83.8,0.0,0.0,97.3,12
2024-01-22,ukwa,Ukwa Mine,Monday,1,589,562,27,4.58,Low,equipment_downtime,0.0,14.4,26.3,0.46,3.0,1.0,0.9,1.1,97.9,0.0,0.0,92.6,21
2024-01-23,ukwa,Ukwa Mine,Tuesday,1,588,520,68,11.56,Medium,equipment_downtime,0.0,17.7,27.2,0.379,4.7,1.4,0.9,2.4,96.7,0.0,0.0,88.5,22
2024-01-24,ukwa,Ukwa Mine,Wednesday,1,573,532,41,7.16,Medium,equipment_downtime,0.0,15.9,27.0,0.432,3.9,0.8,0.5,2.6,97.2,0.0,0.0,96.5,21
2024-01-25,ukwa,Ukwa Mine,Thursday,1,591,548,43,7.28,Medium,equipment_downtime,0.0,15.6,26.1,0.439,4.5,1.1,0.8,2.6,96.8,0.0,0.0,89.4,21
2024-01-26,ukwa,Ukwa Mine,Friday,1,572,454,118,20.63,High,equipment_downtime,0.0,19.8,24.7,0.437,11.6,6.8,0.4,4.4,91.7,0.0,0.0,91.3,18
2024-01-27,ukwa,Ukwa Mine,Saturday,1,568,451,117,20.6,High,equipment_downtime,0.0,14.0,23.9,0.446,7.4,1.3,4.5,1.6,94.7,0.0,0.0,88.0,20
2024-01-28,ukwa,Ukwa Mine,Sunday,1,556,529,27,4.86,Low,equipment_downtime,0.0,21.0,27.4,0.408,3.2,1.0,0.8,1.4,97.7,0.0,0.0,92.4,19
2024-01-29,ukwa,Ukwa Mine,Monday,1,574,281,293,51.05,High,equipment_downtime,0.0,13.1,26.2,0.374,25.9,3.1,3.3,19.5,81.6,0.0,0.0,93.5,9
2024-01-30,ukwa,Ukwa Mine,Tuesday,1,583,530,53,9.09,Medium,labor_attendance,0.0,18.3,25.8,0.363,3.0,1.5,0.4,1.1,97.9,0.0,0.0,87.0,26
2024-01-31,ukwa,Ukwa Mine,Wednesday,1,567,488,79,13.93,Medium,equipment_downtime,0.0,20.2,26.6,0.423,4.5,1.3,0.9,2.3,96.8,0.0,0.0,94.1,17
2024-02-01,ukwa,Ukwa Mine,Thursday,2,613,434,179,29.2,High,equipment_downtime,0.0,17.3,25.0,0.375,17.6,5.3,0.7,11.6,87.5,0.0,0.0,88.1,17
2024-02-02,ukwa,Ukwa Mine,Friday,2,595,531,64,10.76,Medium,equipment_downtime,0.0,14.3,27.2,0.407,7.0,1.4,1.6,4.0,95.0,0.0,0.0,95.8,19
2024-02-03,ukwa,Ukwa Mine,Saturday,2,602,599,3,0.5,Low,nominal_operations,0.0,18.8,28.5,0.438,4.9,1.3,0.6,3.0,96.5,0.0,0.0,96.2,24
2024-02-04,ukwa,Ukwa Mine,Sunday,2,597,541,56,9.38,Medium,equipment_downtime,0.0,15.3,28.0,0.408,3.4,0.6,0.7,2.1,97.6,0.0,0.0,89.8,20
2024-02-05,ukwa,Ukwa Mine,Monday,2,594,538,56,9.43,Medium,equipment_downtime,0.0,13.8,26.6,0.387,4.2,0.3,1.1,2.8,97.0,0.0,0.0,89.7,23
2024-02-06,ukwa,Ukwa Mine,Tuesday,2,617,500,117,18.96,High,equipment_downtime,0.0,17.9,27.9,0.364,9.4,2.0,0.8,6.6,93.3,0.0,0.0,94.1,16
2024-02-07,ukwa,Ukwa Mine,Wednesday,2,599,366,233,38.9,High,equipment_downtime,0.0,14.6,28.8,0.356,21.6,5.0,1.4,15.2,84.6,0.0,0.0,91.7,13
2024-02-08,ukwa,Ukwa Mine,Thursday,2,603,336,267,44.28,High,blasting_delays,3.1,11.3,29.3,0.356,4.4,0.3,2.0,2.1,96.9,6.0,0.0,81.6,13
2024-02-09,ukwa,Ukwa Mine,Friday,2,601,443,158,26.29,High,blasting_delays,0.0,14.8,27.9,0.339,6.1,0.2,1.9,4.0,95.7,4.8,0.0,85.4,18
2024-02-10,ukwa,Ukwa Mine,Saturday,2,614,527,87,14.17,Medium,equipment_downtime,0.0,18.3,28.8,0.329,5.2,1.4,0.8,3.0,96.3,0.0,0.0,94.0,24
2024-02-11,ukwa,Ukwa Mine,Sunday,2,597,529,68,11.39,Medium,equipment_downtime,0.0,14.9,30.3,0.458,6.0,1.5,0.5,4.0,95.7,0.0,0.0,95.5,21
2024-02-12,ukwa,Ukwa Mine,Monday,2,605,557,48,7.93,Medium,equipment_downtime,0.0,15.8,29.8,0.44,4.8,0.8,1.7,2.3,96.6,0.0,0.0,91.6,20
2024-02-13,ukwa,Ukwa Mine,Tuesday,2,605,576,29,4.79,Low,equipment_downtime,0.0,14.4,27.4,0.419,3.8,1.4,1.1,1.3,97.3,0.0,0.0,98.3,25
2024-02-14,ukwa,Ukwa Mine,Wednesday,2,603,586,17,2.82,Low,nominal_operations,0.0,15.3,27.9,0.351,4.1,1.0,0.9,2.2,97.1,0.0,0.0,93.3,22
2024-02-15,ukwa,Ukwa Mine,Thursday,2,604,533,71,11.75,Medium,equipment_downtime,0.0,17.7,30.3,0.445,6.4,0.5,1.4,4.5,95.4,0.0,0.0,94.0,20
2024-02-16,ukwa,Ukwa Mine,Friday,2,604,519,85,14.07,Medium,equipment_downtime,0.0,19.6,28.3,0.35,5.7,0.7,1.0,4.0,95.9,0.0,0.0,88.8,21
2024-02-17,ukwa,Ukwa Mine,Saturday,2,601,514,87,14.48,Medium,equipment_downtime,0.0,14.7,30.9,0.338,5.8,1.2,1.7,2.9,95.9,0.0,0.0,94.5,20
2024-02-18,ukwa,Ukwa Mine,Sunday,2,604,548,56,9.27,Medium,equipment_downtime,0.0,21.1,27.9,0.31,4.1,0.2,0.4,3.5,97.1,0.0,0.0,86.2,23
2024-02-19,ukwa,Ukwa Mine,Monday,2,598,515,83,13.88,Medium,labor_attendance,0.0,18.0,31.0,0.351,2.5,0.8,0.4,1.3,98.0,0.0,0.0,85.8,22
2024-02-20,ukwa,Ukwa Mine,Tuesday,2,578,497,81,14.01,Medium,equipment_downtime,0.0,20.6,30.1,0.412,3.2,1.3,0.4,1.5,97.7,0.0,0.0,93.8,16
2024-02-21,ukwa,Ukwa Mine,Wednesday,2,595,561,34,5.71,Low,equipment_downtime,0.0,16.2,31.0,0.332,4.6,0.7,0.7,3.2,96.7,0.0,0.0,92.1,25
2024-02-22,ukwa,Ukwa Mine,Thursday,2,602,583,19,3.16,Low,nominal_operations,0.0,11.4,31.6,0.311,3.6,0.7,0.9,2.0,97.4,0.0,0.0,95.2,25
2024-02-23,ukwa,Ukwa Mine,Friday,2,620,339,281,45.32,High,equipment_downtime,0.0,15.9,31.4,0.33,19.1,4.7,6.9,7.5,86.4,1.9,0.0,86.1,11
2024-02-24,ukwa,Ukwa Mine,Saturday,2,616,579,37,6.01,Medium,equipment_downtime,0.0,11.5,29.6,0.3,4.6,0.6,0.4,3.6,96.7,0.0,0.0,91.3,27
2024-02-25,ukwa,Ukwa Mine,Sunday,2,632,551,81,12.82,Medium,labor_attendance,0.0,17.0,31.3,0.339,3.8,0.7,1.2,1.9,97.3,0.0,0.0,85.5,20
2024-02-26,ukwa,Ukwa Mine,Monday,2,617,552,65,10.53,Medium,equipment_downtime,3.9,19.1,29.8,0.298,7.0,1.4,1.8,3.8,95.0,0.0,0.0,96.8,22
2024-02-27,ukwa,Ukwa Mine,Tuesday,2,604,537,67,11.09,Medium,equipment_downtime,0.0,11.5,32.1,0.268,4.7,0.4,1.2,3.1,96.7,0.0,0.0,93.9,21
2024-02-28,ukwa,Ukwa Mine,Wednesday,2,587,555,32,5.45,Low,equipment_downtime,0.0,19.2,30.5,0.303,4.0,0.3,0.5,3.2,97.2,0.0,0.0,89.2,24
2024-02-29,ukwa,Ukwa Mine,Thursday,2,619,530,89,14.38,Medium,equipment_downtime,0.0,16.0,31.7,0.356,7.3,1.0,1.9,4.4,94.8,0.0,0.0,97.9,22
2024-03-01,ukwa,Ukwa Mine,Friday,3,633,583,50,7.9,Medium,equipment_downtime,0.0,11.3,33.5,0.342,2.9,0.4,1.0,1.5,97.9,0.0,0.0,89.9,26
2024-03-02,ukwa,Ukwa Mine,Saturday,3,604,562,42,6.95,Medium,equipment_downtime,0.0,13.2,32.0,0.369,4.3,1.4,1.1,1.8,96.9,0.0,0.0,90.2,21
2024-03-03,ukwa,Ukwa Mine,Sunday,3,633,575,58,9.16,Medium,equipment_downtime,0.0,11.0,27.9,0.297,6.1,1.4,1.9,2.8,95.7,0.1,0.0,96.6,22
2024-03-04,ukwa,Ukwa Mine,Monday,3,614,515,99,16.12,Medium,equipment_downtime,1.6,15.9,30.6,0.284,5.3,0.9,0.2,4.2,96.2,0.5,0.0,88.6,20
2024-03-05,ukwa,Ukwa Mine,Tuesday,3,636,564,72,11.32,Medium,equipment_downtime,0.0,19.0,32.0,0.281,4.8,1.0,0.7,3.1,96.6,0.0,0.0,92.1,23
2024-03-06,ukwa,Ukwa Mine,Wednesday,3,613,480,133,21.7,High,equipment_downtime,0.0,12.0,32.1,0.277,8.1,1.2,2.7,4.2,94.2,0.0,0.0,95.8,23
2024-03-07,ukwa,Ukwa Mine,Thursday,3,599,545,54,9.02,Medium,equipment_downtime,0.0,14.7,34.3,0.247,2.4,0.7,0.6,1.1,98.0,0.0,0.0,94.5,21
2024-03-08,ukwa,Ukwa Mine,Friday,3,603,315,288,47.76,High,equipment_downtime,0.0,15.1,31.4,0.262,24.8,4.8,0.3,19.7,82.3,0.0,0.0,86.6,13
2024-03-09,ukwa,Ukwa Mine,Saturday,3,627,557,70,11.16,Medium,equipment_downtime,0.0,18.8,30.0,0.304,4.9,1.5,0.4,3.0,96.5,1.1,0.0,92.1,24
2024-03-10,ukwa,Ukwa Mine,Sunday,3,595,471,124,20.84,High,equipment_downtime,0.0,15.5,32.3,0.192,10.3,0.9,7.5,1.9,92.7,0.0,0.0,89.1,17
2024-03-11,ukwa,Ukwa Mine,Monday,3,610,512,98,16.07,Medium,blasting_delays,0.0,17.9,31.7,0.18,4.6,1.3,1.6,1.7,96.7,2.7,0.0,92.1,20
2024-03-12,ukwa,Ukwa Mine,Tuesday,3,621,600,21,3.38,Low,equipment_downtime,0.0,15.6,33.1,0.226,3.3,1.0,0.5,1.8,97.6,0.0,0.0,93.8,28
2024-03-13,ukwa,Ukwa Mine,Wednesday,3,628,378,250,39.81,High,equipment_downtime,0.0,15.7,32.9,0.29,20.7,11.9,1.3,7.5,85.3,0.0,0.0,92.7,18
2024-03-14,ukwa,Ukwa Mine,Thursday,3,620,521,99,15.97,Medium,equipment_downtime,0.0,14.6,35.1,0.309,5.0,0.5,0.2,4.3,96.4,0.0,0.0,91.8,19
2024-03-15,ukwa,Ukwa Mine,Friday,3,621,535,86,13.85,Medium,equipment_downtime,0.0,14.4,30.9,0.241,4.9,1.3,2.3,1.3,96.5,0.0,0.0,95.9,22
2024-03-16,ukwa,Ukwa Mine,Saturday,3,612,578,34,5.56,Low,equipment_downtime,0.0,13.4,34.6,0.29,5.1,0.3,0.4,4.4,96.4,0.0,0.0,93.6,23
2024-03-17,ukwa,Ukwa Mine,Sunday,3,617,569,48,7.78,Medium,equipment_downtime,0.0,12.2,34.6,0.18,5.5,0.5,1.9,3.1,96.1,0.3,0.0,96.6,23
2024-03-18,ukwa,Ukwa Mine,Monday,3,623,597,26,4.17,Low,equipment_downtime,0.0,15.2,32.8,0.268,4.2,1.0,0.9,2.3,97.0,0.0,0.0,90.0,25
2024-03-19,ukwa,Ukwa Mine,Tuesday,3,603,506,97,16.09,Medium,equipment_downtime,0.0,12.9,37.0,0.25,4.7,0.5,1.2,3.0,96.7,0.0,0.0,99.0,20
2024-03-20,ukwa,Ukwa Mine,Wednesday,3,615,522,93,15.12,Medium,equipment_downtime,0.0,18.1,34.5,0.314,4.8,1.4,0.7,2.7,96.6,2.4,0.0,90.7,19
2024-03-21,ukwa,Ukwa Mine,Thursday,3,624,570,54,8.65,Medium,equipment_downtime,0.0,13.4,29.4,0.252,5.8,0.5,1.7,3.6,95.9,0.0,0.0,93.9,23
2024-03-22,ukwa,Ukwa Mine,Friday,3,619,532,87,14.05,Medium,equipment_downtime,0.0,20.7,33.0,0.253,6.2,1.4,1.3,3.5,95.6,0.0,0.0,87.9,22
2024-03-23,ukwa,Ukwa Mine,Saturday,3,623,526,97,15.57,Medium,equipment_downtime,0.0,13.3,34.6,0.302,5.5,0.5,1.5,3.5,96.1,0.0,0.0,88.8,19
2024-03-24,ukwa,Ukwa Mine,Sunday,3,637,606,31,4.87,Low,equipment_downtime,0.0,13.3,34.1,0.248,2.9,1.0,0.4,1.5,97.9,0.0,0.0,91.6,25
2024-03-25,ukwa,Ukwa Mine,Monday,3,628,566,62,9.87,Medium,equipment_downtime,0.0,12.5,36.8,0.253,8.5,3.8,2.3,2.4,93.9,0.0,0.0,96.0,23
2024-03-26,ukwa,Ukwa Mine,Tuesday,3,631,588,43,6.81,Medium,equipment_downtime,0.0,13.1,36.5,0.268,3.2,0.6,0.7,1.9,97.7,1.2,0.0,94.7,24
2024-03-27,ukwa,Ukwa Mine,Wednesday,3,606,497,109,17.99,Medium,labor_attendance,0.0,16.4,34.5,0.231,5.1,1.0,0.8,3.3,96.4,0.0,0.0,83.5,20
2024-03-28,ukwa,Ukwa Mine,Thursday,3,614,447,167,27.2,High,equipment_downtime,0.0,15.9,35.1,0.278,14.5,0.6,11.7,2.2,89.7,0.0,0.0,93.1,20
2024-03-29,ukwa,Ukwa Mine,Friday,3,599,531,68,11.35,Medium,equipment_downtime,0.0,13.8,33.8,0.223,3.0,0.3,0.3,2.4,97.9,0.0,0.0,87.6,22
2024-03-30,ukwa,Ukwa Mine,Saturday,3,630,549,81,12.86,Medium,equipment_downtime,0.0,20.0,33.9,0.232,4.5,0.7,1.9,1.9,96.8,0.0,0.0,91.7,24
2024-03-31,ukwa,Ukwa Mine,Sunday,3,592,473,119,20.1,High,equipment_downtime,0.0,15.4,35.4,0.268,5.6,0.2,1.1,4.3,96.0,0.0,0.0,91.7,19
2024-04-01,ukwa,Ukwa Mine,Monday,4,632,601,31,4.91,Low,equipment_downtime,0.0,16.0,34.8,0.18,3.9,1.0,0.8,2.1,97.2,0.0,0.0,94.5,25
2024-04-02,ukwa,Ukwa Mine,Tuesday,4,645,608,37,5.74,Low,equipment_downtime,0.0,18.5,35.5,0.313,3.8,0.6,1.8,1.4,97.3,0.0,0.0,92.3,24
2024-04-03,ukwa,Ukwa Mine,Wednesday,4,621,502,119,19.16,High,equipment_downtime,0.0,17.0,34.4,0.233,5.3,1.1,1.1,3.1,96.2,0.0,0.0,88.2,23
2024-04-04,ukwa,Ukwa Mine,Thursday,4,630,470,160,25.4,High,blasting_delays,8.8,19.2,35.6,0.206,5.8,1.5,1.2,3.1,95.9,4.8,0.0,95.0,19
2024-04-05,ukwa,Ukwa Mine,Friday,4,623,551,72,11.56,Medium,equipment_downtime,0.0,18.7,34.4,0.192,7.0,1.5,1.7,3.8,95.0,0.0,0.0,91.1,24
2024-04-06,ukwa,Ukwa Mine,Saturday,4,621,531,90,14.49,Medium,equipment_downtime,0.0,17.9,34.5,0.22,11.4,3.8,1.5,6.1,91.9,0.0,0.0,93.8,20
2024-04-07,ukwa,Ukwa Mine,Sunday,4,645,506,139,21.55,High,equipment_downtime,0.0,12.6,35.5,0.267,8.4,1.6,1.7,5.1,94.0,0.3,0.0,87.3,20
2024-04-08,ukwa,Ukwa Mine,Monday,4,617,464,153,24.8,High,equipment_downtime,0.0,16.4,35.2,0.188,9.7,2.1,1.0,6.6,93.1,0.0,0.0,91.1,20
2024-04-09,ukwa,Ukwa Mine,Tuesday,4,638,540,98,15.36,Medium,equipment_downtime,0.0,14.6,37.1,0.216,5.0,0.8,0.8,3.4,96.4,0.0,0.0,89.8,21
2024-04-10,ukwa,Ukwa Mine,Wednesday,4,627,542,85,13.56,Medium,equipment_downtime,0.0,16.8,34.1,0.225,3.8,0.7,0.8,2.3,97.3,0.0,0.0,90.3,25
2024-04-11,ukwa,Ukwa Mine,Thursday,4,620,569,51,8.23,Medium,equipment_downtime,0.0,14.6,34.7,0.219,4.6,0.8,1.7,2.1,96.7,0.0,0.0,91.0,20
2024-04-12,ukwa,Ukwa Mine,Friday,4,627,518,109,17.38,Medium,labor_attendance,0.0,19.2,35.5,0.22,4.0,0.5,1.0,2.5,97.2,0.0,0.0,85.6,18
2024-04-13,ukwa,Ukwa Mine,Saturday,4,628,550,78,12.42,Medium,equipment_downtime,0.0,15.5,36.8,0.196,6.8,1.6,1.5,3.7,95.2,0.0,0.0,91.7,20
2024-04-14,ukwa,Ukwa Mine,Sunday,4,629,541,88,13.99,Medium,equipment_downtime,0.0,16.4,37.6,0.239,10.6,0.7,7.2,2.7,92.5,0.0,0.0,92.5,21
2024-04-15,ukwa,Ukwa Mine,Monday,4,640,559,81,12.66,Medium,equipment_downtime,0.0,17.6,36.1,0.222,4.6,0.6,1.6,2.4,96.7,0.0,0.0,99.0,22
2024-04-16,ukwa,Ukwa Mine,Tuesday,4,630,566,64,10.16,Medium,equipment_downtime,0.0,13.4,35.6,0.219,6.0,0.7,0.9,4.4,95.7,0.0,0.0,91.8,27
2024-04-17,ukwa,Ukwa Mine,Wednesday,4,635,622,13,2.05,Low,nominal_operations,0.0,16.4,37.1,0.223,3.5,0.4,1.4,1.7,97.5,0.0,0.0,99.0,26
2024-04-18,ukwa,Ukwa Mine,Thursday,4,633,569,64,10.11,Medium,equipment_downtime,0.0,17.7,35.1,0.233,3.4,1.2,0.7,1.5,97.6,0.0,0.0,96.2,22
2024-04-19,ukwa,Ukwa Mine,Friday,4,619,510,109,17.61,Medium,equipment_downtime,8.4,17.6,40.2,0.224,8.5,1.3,3.3,3.9,93.9,0.0,0.0,93.7,19
2024-04-20,ukwa,Ukwa Mine,Saturday,4,617,565,52,8.43,Medium,equipment_downtime,0.0,14.8,37.1,0.216,5.9,1.5,0.2,4.2,95.8,0.0,0.0,89.6,20
2024-04-21,ukwa,Ukwa Mine,Sunday,4,625,550,75,12.0,Medium,equipment_downtime,0.0,15.3,35.2,0.296,4.1,0.9,1.1,2.1,97.1,0.0,0.0,92.0,21
2024-04-22,ukwa,Ukwa Mine,Monday,4,622,594,28,4.5,Low,equipment_downtime,0.0,16.1,37.5,0.221,3.0,0.3,1.6,1.1,97.9,0.0,0.0,93.3,25
2024-04-23,ukwa,Ukwa Mine,Tuesday,4,623,528,95,15.25,Medium,equipment_downtime,0.0,13.7,41.1,0.18,5.8,0.9,0.9,4.0,95.9,0.0,0.0,91.7,19
2024-04-24,ukwa,Ukwa Mine,Wednesday,4,612,578,34,5.56,Low,equipment_downtime,0.0,14.4,39.2,0.18,4.5,0.8,0.3,3.4,96.8,0.0,0.0,93.9,22
2024-04-25,ukwa,Ukwa Mine,Thursday,4,622,503,119,19.13,High,equipment_downtime,0.0,17.0,38.3,0.309,10.0,2.1,1.5,6.4,92.9,2.1,0.0,92.4,20
2024-04-26,ukwa,Ukwa Mine,Friday,4,606,445,161,26.57,High,equipment_downtime,0.3,13.0,41.1,0.196,15.9,8.1,0.6,7.2,88.7,0.0,0.0,92.9,15
2024-04-27,ukwa,Ukwa Mine,Saturday,4,608,516,92,15.13,Medium,equipment_downtime,0.0,17.1,37.2,0.18,6.3,1.1,0.8,4.4,95.5,0.0,0.0,91.9,19
2024-04-28,ukwa,Ukwa Mine,Sunday,4,622,554,68,10.93,Medium,equipment_downtime,0.0,11.5,37.1,0.223,5.4,0.9,1.1,3.4,96.2,0.0,0.0,93.0,26
2024-04-29,ukwa,Ukwa Mine,Monday,4,615,484,131,21.3,High,equipment_downtime,0.0,15.9,42.7,0.18,9.8,3.8,0.6,5.4,93.0,0.0,0.0,91.6,19
2024-04-30,ukwa,Ukwa Mine,Tuesday,4,612,564,48,7.84,Medium,equipment_downtime,0.0,18.3,39.1,0.231,3.7,0.4,1.5,1.8,97.4,0.0,0.0,95.6,20
2024-05-01,ukwa,Ukwa Mine,Wednesday,5,628,473,155,24.68,High,equipment_downtime,0.0,16.4,36.8,0.233,15.9,1.6,0.2,14.1,88.7,0.0,0.0,96.6,17
2024-05-02,ukwa,Ukwa Mine,Thursday,5,622,583,39,6.27,Medium,equipment_downtime,0.0,15.0,40.0,0.18,3.4,1.1,0.7,1.6,97.6,0.0,0.0,92.9,22
2024-05-03,ukwa,Ukwa Mine,Friday,5,616,565,51,8.28,Medium,equipment_downtime,0.0,20.9,41.3,0.219,5.5,1.4,1.2,2.9,96.1,0.5,0.0,97.0,23
2024-05-04,ukwa,Ukwa Mine,Saturday,5,625,556,69,11.04,Medium,equipment_downtime,0.0,18.7,39.2,0.192,6.6,1.3,0.8,4.5,95.3,0.0,0.0,91.0,26
2024-05-05,ukwa,Ukwa Mine,Sunday,5,614,535,79,12.87,Medium,equipment_downtime,0.0,18.6,35.8,0.18,4.6,0.7,1.1,2.8,96.7,0.0,0.0,92.3,19
2024-05-06,ukwa,Ukwa Mine,Monday,5,600,546,54,9.0,Medium,equipment_downtime,0.0,23.5,42.3,0.184,4.5,1.3,0.4,2.8,96.8,0.0,0.0,93.5,23
2024-05-07,ukwa,Ukwa Mine,Tuesday,5,619,583,36,5.82,Low,equipment_downtime,0.0,16.6,39.4,0.218,3.4,1.4,0.5,1.5,97.6,0.0,0.0,90.5,25
2024-05-08,ukwa,Ukwa Mine,Wednesday,5,604,549,55,9.11,Medium,equipment_downtime,0.0,18.6,39.0,0.2,5.2,0.5,0.5,4.2,96.3,0.0,0.0,95.7,22
2024-05-09,ukwa,Ukwa Mine,Thursday,5,614,572,42,6.84,Medium,equipment_downtime,0.0,13.0,41.0,0.2,6.8,1.0,1.8,4.0,95.2,0.0,0.0,96.1,22
2024-05-10,ukwa,Ukwa Mine,Friday,5,622,539,83,13.34,Medium,equipment_downtime,0.0,17.5,36.1,0.198,9.1,3.9,1.4,3.8,93.5,0.0,0.0,92.9,23
2024-05-11,ukwa,Ukwa Mine,Saturday,5,629,546,83,13.2,Medium,equipment_downtime,0.0,17.6,38.8,0.186,4.5,1.0,2.0,1.5,96.8,0.0,0.0,89.0,28
2024-05-12,ukwa,Ukwa Mine,Sunday,5,595,493,102,17.14,Medium,equipment_downtime,0.0,16.4,39.3,0.218,10.9,1.4,5.1,4.4,92.2,0.0,0.0,92.5,18
2024-05-13,ukwa,Ukwa Mine,Monday,5,609,473,136,22.33,High,blasting_delays,4.5,20.3,38.8,0.191,4.5,1.5,0.5,2.5,96.8,2.8,0.0,92.0,18
2024-05-14,ukwa,Ukwa Mine,Tuesday,5,628,518,110,17.52,Medium,equipment_downtime,0.0,18.1,36.2,0.194,8.9,1.3,1.5,6.1,93.7,0.0,0.0,90.0,21
2024-05-15,ukwa,Ukwa Mine,Wednesday,5,618,551,67,10.84,Medium,equipment_downtime,0.0,17.7,36.8,0.216,8.3,0.8,3.3,4.2,94.1,0.0,0.0,90.9,23
2024-05-16,ukwa,Ukwa Mine,Thursday,5,591,587,4,0.68,Low,nominal_operations,0.0,16.0,37.8,0.245,3.6,1.5,0.7,1.4,97.4,0.0,0.0,90.2,23
2024-05-17,ukwa,Ukwa Mine,Friday,5,636,293,343,53.93,High,equipment_downtime,0.0,15.6,39.9,0.213,29.9,12.6,1.6,15.7,78.7,0.0,0.0,95.6,11
2024-05-18,ukwa,Ukwa Mine,Saturday,5,627,577,50,7.97,Medium,equipment_downtime,0.0,16.8,40.9,0.219,6.8,1.5,1.2,4.1,95.2,0.0,0.0,89.5,23
2024-05-19,ukwa,Ukwa Mine,Sunday,5,623,594,29,4.65,Low,equipment_downtime,0.0,15.5,40.9,0.236,5.8,0.5,1.3,4.0,95.9,0.0,0.0,92.7,26
2024-05-20,ukwa,Ukwa Mine,Monday,5,613,573,40,6.53,Medium,equipment_downtime,0.0,14.1,40.0,0.365,4.2,0.8,0.6,2.8,97.0,0.0,0.0,90.1,23
2024-05-21,ukwa,Ukwa Mine,Tuesday,5,619,536,83,13.41,Medium,equipment_downtime,0.0,23.2,41.7,0.311,5.3,1.2,0.7,3.4,96.2,0.0,0.0,95.9,20
2024-05-22,ukwa,Ukwa Mine,Wednesday,5,629,535,94,14.94,Medium,equipment_downtime,0.0,16.4,38.7,0.18,5.9,0.8,1.2,3.9,95.8,0.1,0.0,94.2,23
2024-05-23,ukwa,Ukwa Mine,Thursday,5,618,479,139,22.49,High,equipment_downtime,0.0,18.0,37.9,0.202,11.5,1.1,7.7,2.7,91.8,0.0,0.0,86.4,18
2024-05-24,ukwa,Ukwa Mine,Friday,5,600,525,75,12.5,Medium,equipment_downtime,0.0,22.3,38.1,0.18,5.5,1.1,1.6,2.8,96.1,0.0,0.0,88.8,21
2024-05-25,ukwa,Ukwa Mine,Saturday,5,634,590,44,6.94,Medium,equipment_downtime,0.0,20.7,39.5,0.22,4.2,1.3,1.1,1.8,97.0,0.7,0.0,89.4,25
2024-05-26,ukwa,Ukwa Mine,Sunday,5,618,569,49,7.93,Medium,equipment_downtime,0.0,20.5,39.6,0.222,3.6,0.8,0.8,2.0,97.4,0.0,0.0,93.6,23
2024-05-27,ukwa,Ukwa Mine,Monday,5,626,522,104,16.61,Medium,equipment_downtime,0.0,17.4,39.2,0.225,6.0,1.4,1.1,3.5,95.7,0.0,0.0,91.8,25
2024-05-28,ukwa,Ukwa Mine,Tuesday,5,607,541,66,10.87,Medium,labor_attendance,0.0,18.4,42.6,0.204,3.6,1.1,0.8,1.7,97.4,0.0,0.0,84.1,20
2024-05-29,ukwa,Ukwa Mine,Wednesday,5,595,528,67,11.26,Medium,equipment_downtime,0.0,15.7,39.6,0.189,7.0,1.2,4.5,1.3,95.0,0.0,0.0,96.2,24
2024-05-30,ukwa,Ukwa Mine,Thursday,5,614,588,26,4.23,Low,equipment_downtime,0.0,20.2,37.9,0.19,5.2,0.7,0.6,3.9,96.3,0.2,0.0,96.8,25
2024-05-31,ukwa,Ukwa Mine,Friday,5,634,428,206,32.49,High,equipment_downtime,0.0,17.4,40.2,0.2,17.1,2.7,1.3,13.1,87.8,0.0,0.0,86.1,14
2024-06-01,ukwa,Ukwa Mine,Saturday,6,603,431,172,28.52,High,equipment_downtime,1.4,20.3,41.0,0.184,15.3,4.5,5.4,5.4,89.1,0.0,0.0,90.6,18
2024-06-02,ukwa,Ukwa Mine,Sunday,6,596,87,509,85.4,High,weather_stoppage,57.0,38.6,30.8,0.18,16.3,7.3,0.2,8.8,88.4,0.0,8.3,92.0,5
2024-06-03,ukwa,Ukwa Mine,Monday,6,589,524,65,11.04,Medium,equipment_downtime,5.0,24.2,38.5,0.218,4.0,0.8,1.7,1.5,97.2,0.0,0.0,89.7,21
2024-06-04,ukwa,Ukwa Mine,Tuesday,6,613,540,73,11.91,Medium,equipment_downtime,22.9,25.8,36.5,0.301,5.6,1.1,1.2,3.3,96.0,0.0,0.0,87.2,21
2024-06-05,ukwa,Ukwa Mine,Wednesday,6,602,472,130,21.59,High,equipment_downtime,3.3,22.5,37.3,0.18,13.4,2.7,0.7,10.0,90.5,0.0,0.0,99.0,18
2024-06-06,ukwa,Ukwa Mine,Thursday,6,617,514,103,16.69,Medium,equipment_downtime,4.9,24.0,36.9,0.274,4.2,1.1,0.4,2.7,97.0,0.0,0.0,89.7,19
2024-06-07,ukwa,Ukwa Mine,Friday,6,620,332,288,46.45,High,weather_stoppage,40.2,30.4,34.7,0.216,2.9,0.2,0.4,2.3,97.9,0.0,4.5,81.6,15
2024-06-08,ukwa,Ukwa Mine,Saturday,6,596,519,77,12.92,Medium,equipment_downtime,2.3,17.5,37.7,0.264,4.4,0.5,0.5,3.4,96.9,0.0,0.0,91.5,17
2024-06-09,ukwa,Ukwa Mine,Sunday,6,606,480,126,20.79,High,equipment_downtime,4.1,28.6,37.9,0.212,9.6,2.4,1.9,5.3,93.2,0.0,0.0,93.1,17
2024-06-10,ukwa,Ukwa Mine,Monday,6,625,575,50,8.0,Medium,equipment_downtime,19.3,29.8,36.9,0.264,4.0,1.5,1.5,1.0,97.2,0.0,0.0,96.8,25
2024-06-11,ukwa,Ukwa Mine,Tuesday,6,616,572,44,7.14,Medium,equipment_downtime,5.0,29.4,35.0,0.285,4.1,1.1,1.4,1.6,97.1,0.0,0.0,92.8,18
2024-06-12,ukwa,Ukwa Mine,Wednesday,6,600,556,44,7.33,Medium,equipment_downtime,23.1,29.2,32.9,0.272,4.2,1.4,0.8,2.0,97.0,0.0,0.0,97.0,20
2024-06-13,ukwa,Ukwa Mine,Thursday,6,610,519,91,14.92,Medium,equipment_downtime,14.1,26.9,38.6,0.247,9.1,1.2,6.5,1.4,93.5,0.0,0.0,92.3,21
2024-06-14,ukwa,Ukwa Mine,Friday,6,593,508,85,14.33,Medium,equipment_downtime,2.2,28.6,39.9,0.249,9.3,2.9,0.9,5.5,93.4,0.0,0.0,93.7,21
2024-06-15,ukwa,Ukwa Mine,Saturday,6,627,602,25,3.99,Low,equipment_downtime,4.1,30.9,37.8,0.278,5.1,1.5,1.6,2.0,96.4,0.0,0.0,96.2,26
2024-06-16,ukwa,Ukwa Mine,Sunday,6,597,202,395,66.16,High,weather_stoppage,53.8,43.8,34.2,0.31,4.2,1.0,1.9,1.3,97.0,0.0,7.2,92.0,10
2024-06-17,ukwa,Ukwa Mine,Monday,6,609,522,87,14.29,Medium,equipment_downtime,3.6,27.8,39.2,0.259,5.4,0.8,0.7,3.9,96.2,0.0,0.0,92.1,21
2024-06-18,ukwa,Ukwa Mine,Tuesday,6,604,536,68,11.26,Medium,equipment_downtime,0.5,29.5,41.4,0.305,5.1,1.0,0.3,3.8,96.4,0.0,0.0,93.8,23
2024-06-19,ukwa,Ukwa Mine,Wednesday,6,602,586,16,2.66,Low,nominal_operations,15.0,32.0,37.5,0.282,3.4,0.8,1.2,1.4,97.6,0.0,0.0,98.0,20
2024-06-20,ukwa,Ukwa Mine,Thursday,6,600,404,196,32.67,High,weather_stoppage,34.5,37.9,34.7,0.356,5.9,0.5,2.9,2.5,95.8,0.0,4.0,90.0,16
2024-06-21,ukwa,Ukwa Mine,Friday,6,615,515,100,16.26,Medium,equipment_downtime,2.8,30.1,41.0,0.267,5.3,0.4,1.0,3.9,96.2,0.0,0.0,89.5,20
2024-06-22,ukwa,Ukwa Mine,Saturday,6,595,516,79,13.28,Medium,equipment_downtime,0.4,30.0,37.4,0.35,3.1,1.0,0.9,1.2,97.8,0.0,0.0,89.2,21
2024-06-23,ukwa,Ukwa Mine,Sunday,6,621,534,87,14.01,Medium,equipment_downtime,3.7,31.3,42.0,0.315,5.9,1.0,0.6,4.3,95.8,0.0,0.0,92.5,22
2024-06-24,ukwa,Ukwa Mine,Monday,6,608,435,173,28.45,High,equipment_downtime,3.2,27.5,34.3,0.224,14.6,8.5,0.6,5.5,89.6,0.0,0.0,92.7,16
2024-06-25,ukwa,Ukwa Mine,Tuesday,6,620,87,533,85.97,High,equipment_downtime,42.4,41.0,35.2,0.255,36.2,24.6,0.9,10.7,74.2,0.0,4.3,93.7,5
2024-06-26,ukwa,Ukwa Mine,Wednesday,6,614,603,11,1.79,Low,nominal_operations,11.4,30.2,36.7,0.331,3.6,0.8,0.9,1.9,97.4,0.0,0.0,94.6,24
2024-06-27,ukwa,Ukwa Mine,Thursday,6,610,517,93,15.25,Medium,equipment_downtime,0.7,30.4,39.8,0.279,4.4,1.0,2.0,1.4,96.9,0.0,0.0,89.9,21
2024-06-28,ukwa,Ukwa Mine,Friday,6,613,562,51,8.32,Medium,equipment_downtime,4.9,34.8,35.9,0.319,5.1,1.4,0.5,3.2,96.4,0.0,0.0,92.9,26
2024-06-29,ukwa,Ukwa Mine,Saturday,6,610,533,77,12.62,Medium,equipment_downtime,3.7,31.3,38.0,0.264,5.7,0.2,1.6,3.9,95.9,0.0,0.0,87.4,22
2024-06-30,ukwa,Ukwa Mine,Sunday,6,620,597,23,3.71,Low,equipment_downtime,4.5,31.1,40.8,0.33,2.7,0.6,0.5,1.6,98.0,0.0,0.0,92.2,25
2024-07-01,ukwa,Ukwa Mine,Monday,7,571,502,69,12.08,Medium,equipment_downtime,1.2,31.6,38.0,0.232,4.7,0.8,1.5,2.4,96.7,0.0,0.0,98.6,21
2024-07-02,ukwa,Ukwa Mine,Tuesday,7,574,542,32,5.57,Low,equipment_downtime,0.5,29.7,39.0,0.3,2.8,0.5,0.9,1.4,98.0,0.0,0.0,89.6,22
2024-07-03,ukwa,Ukwa Mine,Wednesday,7,577,479,98,16.98,Medium,equipment_downtime,0.3,31.3,36.2,0.428,5.4,1.2,0.8,3.4,96.2,0.0,0.0,88.7,19
2024-07-04,ukwa,Ukwa Mine,Thursday,7,591,185,406,68.7,High,weather_stoppage,50.9,47.2,29.0,0.362,3.4,0.3,0.8,2.3,97.6,0.0,7.3,92.1,7
2024-07-05,ukwa,Ukwa Mine,Friday,7,588,503,85,14.46,Medium,equipment_downtime,24.3,40.6,32.5,0.299,4.4,0.4,1.0,3.0,96.9,0.0,0.0,90.1,17
2024-07-06,ukwa,Ukwa Mine,Saturday,7,551,223,328,59.53,High,weather_stoppage,42.5,42.7,34.0,0.348,6.9,0.4,4.5,2.0,95.1,0.0,5.4,94.6,5
2024-07-07,ukwa,Ukwa Mine,Sunday,7,571,530,41,7.18,Medium,equipment_downtime,4.3,33.9,36.0,0.338,5.2,1.4,2.5,1.3,96.3,0.0,0.0,96.1,21
2024-07-08,ukwa,Ukwa Mine,Monday,7,564,479,85,15.07,Medium,equipment_downtime,12.8,35.9,34.7,0.349,6.0,1.1,0.8,4.1,95.7,2.3,0.0,99.0,22
2024-07-09,ukwa,Ukwa Mine,Tuesday,7,573,323,250,43.63,High,equipment_downtime,3.6,32.8,37.5,0.278,23.7,10.2,0.9,12.6,83.1,0.0,0.0,87.7,12
2024-07-10,ukwa,Ukwa Mine,Wednesday,7,567,445,122,21.52,High,equipment_downtime,5.0,33.1,35.3,0.295,5.7,1.3,1.8,2.6,95.9,0.0,0.0,88.4,19
2024-07-11,ukwa,Ukwa Mine,Thursday,7,585,484,101,17.26,Medium,equipment_downtime,1.6,33.3,39.4,0.443,6.4,0.4,2.2,3.8,95.4,0.0,0.0,88.6,16
2024-07-12,ukwa,Ukwa Mine,Friday,7,573,538,35,6.11,Medium,equipment_downtime,5.1,36.0,37.7,0.392,4.6,0.3,1.6,2.7,96.7,0.0,0.0,98.7,21
2024-07-13,ukwa,Ukwa Mine,Saturday,7,568,537,31,5.46,Low,equipment_downtime,22.5,38.9,33.1,0.37,2.9,0.7,0.5,1.7,97.9,0.0,0.0,89.7,20
2024-07-14,ukwa,Ukwa Mine,Sunday,7,572,469,103,18.01,High,equipment_downtime,8.6,37.3,37.6,0.392,3.2,1.3,0.6,1.3,97.7,0.0,0.0,87.1,15
2024-07-15,ukwa,Ukwa Mine,Monday,7,580,517,63,10.86,Medium,equipment_downtime,1.9,36.1,41.4,0.359,5.0,1.0,0.3,3.7,96.4,0.0,0.0,95.8,19
2024-07-16,ukwa,Ukwa Mine,Tuesday,7,595,87,508,85.38,High,weather_stoppage,65.8,52.6,28.8,0.366,4.3,0.3,1.2,2.8,96.9,0.0,8.1,92.8,5
2024-07-17,ukwa,Ukwa Mine,Wednesday,7,593,545,48,8.09,Medium,equipment_downtime,1.0,37.4,39.9,0.43,5.2,1.4,0.7,3.1,96.3,0.0,0.0,93.0,23
2024-07-18,ukwa,Ukwa Mine,Thursday,7,585,551,34,5.81,Low,equipment_downtime,3.3,31.9,36.0,0.379,4.4,0.4,1.0,3.0,96.9,0.0,0.0,89.6,23
2024-07-19,ukwa,Ukwa Mine,Friday,7,603,555,48,7.96,Medium,equipment_downtime,2.7,34.0,36.4,0.411,3.3,0.9,0.5,1.9,97.6,0.0,0.0,88.7,20
2024-07-20,ukwa,Ukwa Mine,Saturday,7,567,421,146,25.75,High,equipment_downtime,3.8,38.7,34.8,0.407,11.3,2.7,1.3,7.3,92.0,0.0,0.0,90.3,18
2024-07-21,ukwa,Ukwa Mine,Sunday,7,582,576,6,1.03,Low,nominal_operations,1.3,37.4,37.7,0.427,3.2,0.8,1.2,1.2,97.7,0.0,0.0,92.6,23
2024-07-22,ukwa,Ukwa Mine,Monday,7,585,212,373,63.76,High,weather_stoppage,34.6,43.7,31.5,0.364,7.0,0.7,2.0,4.3,95.0,1.5,4.4,88.0,9
2024-07-23,ukwa,Ukwa Mine,Tuesday,7,581,398,183,31.5,High,weather_stoppage,34.7,42.1,32.7,0.411,4.7,1.1,1.5,2.1,96.7,0.0,3.5,94.8,20
2024-07-24,ukwa,Ukwa Mine,Wednesday,7,591,461,130,22.0,High,equipment_downtime,13.0,42.4,35.2,0.429,5.1,0.9,1.2,3.0,96.4,0.9,0.0,91.5,17
2024-07-25,ukwa,Ukwa Mine,Thursday,7,558,477,81,14.52,Medium,equipment_downtime,4.6,36.2,36.8,0.432,5.3,0.4,1.0,3.9,96.2,0.0,0.0,90.1,18
2024-07-26,ukwa,Ukwa Mine,Friday,7,572,87,485,84.79,High,weather_stoppage,74.4,57.0,25.2,0.488,4.6,0.7,1.3,2.6,96.7,0.0,9.3,88.9,5
2024-07-27,ukwa,Ukwa Mine,Saturday,7,575,434,141,24.52,High,weather_stoppage,28.2,40.8,33.0,0.424,2.9,0.4,0.5,2.0,97.9,0.0,2.3,87.1,16
2024-07-28,ukwa,Ukwa Mine,Sunday,7,555,472,83,14.95,Medium,equipment_downtime,1.5,36.0,33.4,0.433,5.0,0.5,1.8,2.7,96.4,0.0,0.0,85.0,16
2024-07-29,ukwa,Ukwa Mine,Monday,7,579,490,89,15.37,Medium,equipment_downtime,14.1,42.0,34.0,0.37,5.2,1.1,1.8,2.3,96.3,0.0,0.0,93.9,19
2024-07-30,ukwa,Ukwa Mine,Tuesday,7,580,477,103,17.76,Medium,equipment_downtime,2.1,39.0,38.0,0.381,5.7,1.3,2.0,2.4,95.9,0.9,0.0,89.6,20
2024-07-31,ukwa,Ukwa Mine,Wednesday,7,571,510,61,10.68,Medium,equipment_downtime,3.9,39.3,36.0,0.415,2.6,1.2,0.4,1.0,98.0,1.2,0.0,95.3,21
2024-08-01,ukwa,Ukwa Mine,Thursday,8,560,537,23,4.11,Low,equipment_downtime,2.5,34.1,33.1,0.406,6.1,1.0,0.6,4.5,95.7,0.0,0.0,93.7,22
2024-08-02,ukwa,Ukwa Mine,Friday,8,541,491,50,9.24,Medium,equipment_downtime,1.8,36.5,36.4,0.462,4.0,0.4,1.2,2.4,97.2,0.0,0.0,91.0,19
2024-08-03,ukwa,Ukwa Mine,Saturday,8,563,87,476,84.55,High,weather_stoppage,64.5,51.5,26.9,0.421,6.4,1.5,1.1,3.8,95.4,0.7,8.4,88.8,5
2024-08-04,ukwa,Ukwa Mine,Sunday,8,546,495,51,9.34,Medium,equipment_downtime,10.6,37.2,34.0,0.403,6.6,0.9,1.2,4.5,95.3,0.0,0.0,94.2,21
2024-08-05,ukwa,Ukwa Mine,Monday,8,541,494,47,8.69,Medium,equipment_downtime,3.3,37.9,31.8,0.47,4.2,1.2,1.6,1.4,97.0,0.0,0.0,91.0,21
2024-08-06,ukwa,Ukwa Mine,Tuesday,8,559,437,122,21.82,High,equipment_downtime,4.2,40.0,33.1,0.497,4.3,1.3,1.5,1.5,96.9,0.0,0.0,87.6,18
2024-08-07,ukwa,Ukwa Mine,Wednesday,8,558,486,72,12.9,Medium,equipment_downtime,4.5,36.6,31.2,0.48,4.2,0.8,0.9,2.5,97.0,0.0,0.0,89.9,20
2024-08-08,ukwa,Ukwa Mine,Thursday,8,545,427,118,21.65,High,equipment_downtime,9.5,42.0,32.0,0.514,10.0,1.7,0.6,7.7,92.9,0.0,0.0,87.9,15
2024-08-09,ukwa,Ukwa Mine,Friday,8,543,121,422,77.72,High,weather_stoppage,48.2,50.0,27.6,0.44,4.3,0.7,0.7,2.9,96.9,0.0,6.8,91.6,5
2024-08-10,ukwa,Ukwa Mine,Saturday,8,549,457,92,16.76,Medium,weather_stoppage,16.9,43.5,31.2,0.417,3.4,1.1,0.7,1.6,97.6,0.0,0.0,95.3,17
2024-08-11,ukwa,Ukwa Mine,Sunday,8,559,466,93,16.64,Medium,equipment_downtime,2.6,35.6,35.1,0.457,5.7,1.4,0.9,3.4,95.9,0.0,0.0,86.8,16
2024-08-12,ukwa,Ukwa Mine,Monday,8,554,491,63,11.37,Medium,equipment_downtime,2.9,37.1,36.1,0.456,2.9,0.5,0.8,1.6,97.9,0.0,0.0,88.3,13
2024-08-13,ukwa,Ukwa Mine,Tuesday,8,558,222,336,60.22,High,weather_stoppage,37.6,50.5,30.2,0.491,5.9,1.0,1.4,3.5,95.8,0.0,4.8,94.8,5
2024-08-14,ukwa,Ukwa Mine,Wednesday,8,541,489,52,9.61,Medium,equipment_downtime,10.7,40.3,31.7,0.505,5.7,0.3,1.8,3.6,95.9,0.0,0.0,94.2,22
2024-08-15,ukwa,Ukwa Mine,Thursday,8,567,457,110,19.4,High,equipment_downtime,3.3,40.4,33.2,0.505,6.2,0.7,1.4,4.1,95.6,0.0,0.0,91.5,20
2024-08-16,ukwa,Ukwa Mine,Friday,8,557,384,173,31.06,High,equipment_downtime,0.9,37.1,29.6,0.533,15.2,0.5,0.8,13.9,89.2,0.2,0.0,95.4,14
2024-08-17,ukwa,Ukwa Mine,Saturday,8,582,242,340,58.42,High,weather_stoppage,27.3,48.0,28.8,0.527,5.5,2.0,1.5,2.0,96.1,0.0,3.5,82.3,9
2024-08-18,ukwa,Ukwa Mine,Sunday,8,569,388,181,31.81,High,equipment_downtime,4.1,41.9,31.5,0.537,14.6,5.1,1.1,8.4,89.6,0.0,0.0,96.7,18
2024-08-19,ukwa,Ukwa Mine,Monday,8,555,486,69,12.43,Medium,equipment_downtime,3.2,39.6,33.5,0.465,6.8,1.3,1.7,3.8,95.2,0.0,0.0,95.3,20
2024-08-20,ukwa,Ukwa Mine,Tuesday,8,548,485,63,11.5,Medium,equipment_downtime,12.0,39.9,33.2,0.453,6.7,1.2,1.4,4.1,95.2,0.0,0.0,94.6,18
2024-08-21,ukwa,Ukwa Mine,Wednesday,8,564,514,50,8.87,Medium,equipment_downtime,1.7,37.2,32.8,0.49,5.4,0.4,1.0,4.0,96.2,0.0,0.0,95.9,19
2024-08-22,ukwa,Ukwa Mine,Thursday,8,569,87,482,84.71,High,weather_stoppage,108.6,58.0,19.3,0.541,3.3,0.5,0.6,2.2,97.6,0.0,12.0,87.9,5
2024-08-23,ukwa,Ukwa Mine,Friday,8,560,409,151,26.96,High,equipment_downtime,20.0,42.8,25.8,0.594,6.0,1.0,0.9,4.1,95.7,0.4,0.0,95.5,17
2024-08-24,ukwa,Ukwa Mine,Saturday,8,560,311,249,44.46,High,weather_stoppage,31.2,47.3,28.0,0.568,5.9,0.6,1.0,4.3,95.8,0.0,2.7,89.5,12
2024-08-25,ukwa,Ukwa Mine,Sunday,8,560,521,39,6.96,Medium,equipment_downtime,4.6,42.4,31.5,0.551,3.3,0.6,1.4,1.3,97.6,0.0,0.0,99.0,24
2024-08-26,ukwa,Ukwa Mine,Monday,8,554,485,69,12.45,Medium,equipment_downtime,19.0,39.4,27.1,0.592,4.9,1.4,1.5,2.0,96.5,0.0,0.0,96.4,18
2024-08-27,ukwa,Ukwa Mine,Tuesday,8,574,426,148,25.78,High,equipment_downtime,11.7,41.1,30.4,0.588,8.4,3.3,0.6,4.5,94.0,0.0,0.0,89.5,17
2024-08-28,ukwa,Ukwa Mine,Wednesday,8,549,267,282,51.37,High,equipment_downtime,3.7,36.3,30.8,0.58,22.6,6.3,1.0,15.3,83.9,0.0,0.0,88.3,7
2024-08-29,ukwa,Ukwa Mine,Thursday,8,575,450,125,21.74,High,equipment_downtime,2.3,36.0,30.4,0.484,12.7,7.6,1.2,3.9,91.0,0.0,0.0,93.4,17
2024-08-30,ukwa,Ukwa Mine,Friday,8,550,450,100,18.18,High,equipment_downtime,3.0,35.8,31.1,0.559,5.4,0.3,1.7,3.4,96.2,0.0,0.0,85.2,22
2024-08-31,ukwa,Ukwa Mine,Saturday,8,550,216,334,60.73,High,weather_stoppage,38.7,52.0,27.8,0.515,3.5,0.7,0.4,2.4,97.5,0.0,4.4,93.9,11
2024-09-01,ukwa,Ukwa Mine,Sunday,9,543,168,375,69.06,High,weather_stoppage,45.6,51.3,24.7,0.634,4.3,1.4,1.6,1.3,96.9,0.0,4.7,95.2,5
2024-09-02,ukwa,Ukwa Mine,Monday,9,528,439,89,16.86,Medium,equipment_downtime,7.7,42.2,30.3,0.571,4.6,1.4,1.8,1.4,96.7,0.0,0.0,93.6,17
2024-09-03,ukwa,Ukwa Mine,Tuesday,9,540,371,169,31.3,High,equipment_downtime,0.3,38.1,29.5,0.599,17.8,5.1,1.0,11.7,87.3,0.0,0.0,97.8,17
2024-09-04,ukwa,Ukwa Mine,Wednesday,9,520,392,128,24.62,High,equipment_downtime,4.3,33.8,30.9,0.497,13.1,7.3,1.5,4.3,90.7,0.0,0.0,92.0,12
2024-09-05,ukwa,Ukwa Mine,Thursday,9,540,477,63,11.67,Medium,labor_attendance,0.0,37.2,31.7,0.537,3.1,0.6,0.6,1.9,97.8,0.0,0.0,87.2,19
2024-09-06,ukwa,Ukwa Mine,Friday,9,543,483,60,11.05,Medium,equipment_downtime,3.8,38.4,28.7,0.58,4.5,0.9,0.3,3.3,96.8,0.0,0.0,92.7,16
2024-09-07,ukwa,Ukwa Mine,Saturday,9,536,387,149,27.8,High,blasting_delays,0.4,34.4,30.4,0.6,3.6,0.4,0.4,2.8,97.4,5.6,0.0,91.7,15
2024-09-08,ukwa,Ukwa Mine,Sunday,9,541,363,178,32.9,High,equipment_downtime,0.2,33.9,32.2,0.562,14.2,8.4,1.4,4.4,89.9,0.0,0.0,90.0,14
2024-09-09,ukwa,Ukwa Mine,Monday,9,562,322,240,42.7,High,weather_stoppage,32.3,41.6,23.4,0.565,4.5,1.0,1.1,2.4,96.8,0.0,4.4,96.1,8
2024-09-10,ukwa,Ukwa Mine,Tuesday,9,532,498,34,6.39,Medium,equipment_downtime,4.6,36.5,26.5,0.639,3.4,0.5,1.6,1.3,97.6,0.0,0.0,96.3,19
2024-09-11,ukwa,Ukwa Mine,Wednesday,9,538,479,59,10.97,Medium,equipment_downtime,2.4,33.8,32.6,0.568,5.8,0.7,1.4,3.7,95.9,0.0,0.0,92.2,20
2024-09-12,ukwa,Ukwa Mine,Thursday,9,537,477,60,11.17,Medium,equipment_downtime,3.8,38.4,27.0,0.625,3.7,0.2,0.8,2.7,97.4,0.5,0.0,93.0,15
2024-09-13,ukwa,Ukwa Mine,Friday,9,555,439,116,20.9,High,equipment_downtime,6.6,38.0,26.9,0.57,6.2,0.8,1.5,3.9,95.6,0.0,0.0,85.8,17
2024-09-14,ukwa,Ukwa Mine,Saturday,9,529,467,62,11.72,Medium,equipment_downtime,2.3,37.0,28.1,0.556,4.5,1.0,0.7,2.8,96.8,0.6,0.0,94.0,16
2024-09-15,ukwa,Ukwa Mine,Sunday,9,521,477,44,8.45,Medium,equipment_downtime,13.1,39.0,28.6,0.652,2.8,0.7,0.8,1.3,98.0,0.0,0.0,94.0,20
2024-09-16,ukwa,Ukwa Mine,Monday,9,527,464,63,11.95,Medium,equipment_downtime,2.4,33.5,25.4,0.592,5.1,0.7,3.0,1.4,96.4,0.0,0.0,92.4,17
2024-09-17,ukwa,Ukwa Mine,Tuesday,9,547,358,189,34.55,High,weather_stoppage,25.6,44.0,28.1,0.597,6.0,1.3,0.3,4.4,95.7,0.0,3.0,92.5,13
2024-09-18,ukwa,Ukwa Mine,Wednesday,9,524,87,437,83.4,High,weather_stoppage,45.7,47.9,21.7,0.543,20.2,14.1,1.0,5.1,85.6,0.0,5.3,96.7,5
2024-09-19,ukwa,Ukwa Mine,Thursday,9,537,285,252,46.93,High,equipment_downtime,0.7,34.5,27.7,0.583,24.5,1.5,0.3,22.7,82.5,0.0,0.0,96.0,9
2024-09-20,ukwa,Ukwa Mine,Friday,9,527,456,71,13.47,Medium,equipment_downtime,6.9,34.7,26.9,0.619,6.2,1.2,1.9,3.1,95.6,0.0,0.0,93.0,17
2024-09-21,ukwa,Ukwa Mine,Saturday,9,528,308,220,41.67,High,equipment_downtime,2.7,34.3,23.4,0.548,20.2,12.0,1.2,7.0,85.6,0.0,0.0,93.0,9
2024-09-22,ukwa,Ukwa Mine,Sunday,9,529,421,108,20.42,High,equipment_downtime,0.5,35.7,28.4,0.541,4.3,0.7,0.3,3.3,96.9,0.0,0.0,85.5,16
2024-09-23,ukwa,Ukwa Mine,Monday,9,550,281,269,48.91,High,equipment_downtime,21.7,41.9,24.1,0.578,17.3,3.1,1.3,12.9,87.7,2.6,0.0,90.3,10
2024-09-24,ukwa,Ukwa Mine,Tuesday,9,538,485,53,9.85,Medium,equipment_downtime,0.3,30.7,28.0,0.652,5.2,0.5,1.1,3.6,96.3,0.0,0.0,97.9,18
2024-09-25,ukwa,Ukwa Mine,Wednesday,9,534,149,385,72.1,High,equipment_downtime,35.1,44.3,21.9,0.634,17.9,11.6,0.6,5.7,87.3,0.0,3.1,87.4,5
2024-09-26,ukwa,Ukwa Mine,Thursday,9,543,495,48,8.84,Medium,equipment_downtime,2.9,38.5,24.9,0.594,5.5,0.4,0.7,4.4,96.1,0.1,0.0,96.2,20
2024-09-27,ukwa,Ukwa Mine,Friday,9,535,449,86,16.07,Medium,equipment_downtime,10.3,38.5,27.4,0.582,6.0,0.2,1.6,4.2,95.7,0.0,0.0,88.9,18
2024-09-28,ukwa,Ukwa Mine,Saturday,9,549,492,57,10.38,Medium,equipment_downtime,5.1,32.8,26.8,0.62,5.5,1.3,1.4,2.8,96.1,0.0,0.0,95.3,21
2024-09-29,ukwa,Ukwa Mine,Sunday,9,549,485,64,11.66,Medium,equipment_downtime,2.1,35.7,24.9,0.599,7.4,1.4,1.9,4.1,94.7,0.0,0.0,92.2,19
2024-09-30,ukwa,Ukwa Mine,Monday,9,536,476,60,11.19,Medium,equipment_downtime,17.8,32.4,24.1,0.661,2.6,0.7,0.7,1.2,98.0,0.0,0.0,97.9,18
2024-10-01,ukwa,Ukwa Mine,Tuesday,10,531,429,102,19.21,High,equipment_downtime,0.0,27.2,25.3,0.625,4.9,0.9,1.2,2.8,96.5,0.0,0.0,95.6,17
2024-10-02,ukwa,Ukwa Mine,Wednesday,10,538,501,37,6.88,Medium,equipment_downtime,0.0,30.1,23.9,0.606,2.7,0.6,0.4,1.7,98.0,0.0,0.0,95.8,18
2024-10-03,ukwa,Ukwa Mine,Thursday,10,537,370,167,31.1,High,equipment_downtime,0.0,32.1,27.2,0.569,13.7,3.1,3.8,6.8,90.2,0.0,0.0,95.3,13
2024-10-04,ukwa,Ukwa Mine,Friday,10,524,511,13,2.48,Low,nominal_operations,4.6,28.6,27.1,0.608,2.8,0.2,1.0,1.6,98.0,0.0,0.0,91.1,20
2024-10-05,ukwa,Ukwa Mine,Saturday,10,569,463,106,18.63,High,equipment_downtime,0.0,31.9,27.7,0.684,6.6,1.0,1.2,4.4,95.3,0.0,0.0,93.6,21
2024-10-06,ukwa,Ukwa Mine,Sunday,10,546,544,2,0.37,Low,nominal_operations,0.0,34.1,25.1,0.687,4.7,1.4,1.1,2.2,96.7,0.0,0.0,93.1,25
2024-10-07,ukwa,Ukwa Mine,Monday,10,529,407,122,23.06,High,equipment_downtime,0.0,26.7,27.9,0.505,11.4,0.2,8.4,2.8,91.9,0.3,0.0,99.0,16
2024-10-08,ukwa,Ukwa Mine,Tuesday,10,530,495,35,6.6,Medium,equipment_downtime,0.0,25.7,27.7,0.615,3.3,1.4,0.8,1.1,97.6,0.0,0.0,94.0,20
2024-10-09,ukwa,Ukwa Mine,Wednesday,10,535,463,72,13.46,Medium,equipment_downtime,0.0,27.4,20.8,0.559,6.4,1.1,1.4,3.9,95.4,0.0,0.0,96.8,23
2024-10-10,ukwa,Ukwa Mine,Thursday,10,542,454,88,16.24,Medium,equipment_downtime,0.0,30.6,24.1,0.633,8.4,1.3,6.0,1.1,94.0,0.0,0.0,98.4,19
2024-10-11,ukwa,Ukwa Mine,Friday,10,537,504,33,6.15,Medium,equipment_downtime,0.0,26.9,27.0,0.601,2.4,0.3,0.7,1.4,98.0,1.3,0.0,97.4,19
2024-10-12,ukwa,Ukwa Mine,Saturday,10,546,502,44,8.06,Medium,equipment_downtime,0.0,28.1,27.1,0.666,4.3,0.8,0.5,3.0,96.9,0.0,0.0,94.0,21
2024-10-13,ukwa,Ukwa Mine,Sunday,10,549,533,16,2.91,Low,nominal_operations,0.0,22.7,25.1,0.665,2.0,0.4,0.5,1.1,98.0,0.0,0.0,92.2,19
2024-10-14,ukwa,Ukwa Mine,Monday,10,548,486,62,11.31,Medium,equipment_downtime,0.0,28.4,27.7,0.593,5.0,0.6,1.8,2.6,96.4,0.0,0.0,95.9,19
2024-10-15,ukwa,Ukwa Mine,Tuesday,10,529,263,266,50.28,High,equipment_downtime,0.0,27.5,21.4,0.647,24.5,14.4,1.4,8.7,82.5,0.0,0.0,94.3,12
2024-10-16,ukwa,Ukwa Mine,Wednesday,10,534,480,54,10.11,Medium,equipment_downtime,0.0,26.1,24.3,0.631,5.5,0.3,1.2,4.0,96.1,0.0,0.0,95.5,20
2024-10-17,ukwa,Ukwa Mine,Thursday,10,523,468,55,10.52,Medium,equipment_downtime,0.0,26.6,23.6,0.721,3.3,1.1,0.3,1.9,97.6,0.0,0.0,90.2,18
2024-10-18,ukwa,Ukwa Mine,Friday,10,525,459,66,12.57,Medium,equipment_downtime,0.0,27.9,24.2,0.588,3.9,0.5,1.7,1.7,97.2,0.0,0.0,86.4,18
2024-10-19,ukwa,Ukwa Mine,Saturday,10,524,404,120,22.9,High,equipment_downtime,0.0,26.7,23.1,0.594,9.6,1.1,7.1,1.4,93.2,0.0,0.0,93.7,17
2024-10-20,ukwa,Ukwa Mine,Sunday,10,534,461,73,13.67,Medium,equipment_downtime,0.0,25.0,22.0,0.612,3.8,1.2,1.2,1.4,97.3,0.0,0.0,91.3,16
2024-10-21,ukwa,Ukwa Mine,Monday,10,532,365,167,31.39,High,equipment_downtime,0.0,28.8,26.6,0.6,14.0,8.6,1.3,4.1,90.0,0.0,0.0,93.9,13
2024-10-22,ukwa,Ukwa Mine,Tuesday,10,542,490,52,9.59,Medium,equipment_downtime,0.0,26.2,25.0,0.683,7.7,1.5,1.8,4.4,94.5,0.0,0.0,94.3,14
2024-10-23,ukwa,Ukwa Mine,Wednesday,10,535,494,41,7.66,Medium,equipment_downtime,0.0,27.6,25.0,0.613,5.1,1.5,0.5,3.1,96.4,0.0,0.0,94.5,23
2024-10-24,ukwa,Ukwa Mine,Thursday,10,554,513,41,7.4,Medium,equipment_downtime,0.0,27.7,27.3,0.617,4.9,0.6,1.3,3.0,96.5,0.4,0.0,95.2,19
2024-10-25,ukwa,Ukwa Mine,Friday,10,517,456,61,11.8,Medium,equipment_downtime,0.0,24.2,22.1,0.626,6.0,0.9,1.8,3.3,95.7,0.1,0.0,94.6,14
2024-10-26,ukwa,Ukwa Mine,Saturday,10,545,488,57,10.46,Medium,equipment_downtime,0.0,20.0,28.2,0.741,5.5,1.2,1.1,3.2,96.1,0.0,0.0,93.6,19
2024-10-27,ukwa,Ukwa Mine,Sunday,10,519,459,60,11.56,Medium,equipment_downtime,0.0,21.4,23.8,0.702,4.9,1.2,1.8,1.9,96.5,0.0,0.0,94.3,15
2024-10-28,ukwa,Ukwa Mine,Monday,10,515,443,72,13.98,Medium,equipment_downtime,0.0,22.2,25.1,0.628,5.2,0.8,2.0,2.4,96.3,0.0,0.0,92.7,18
2024-10-29,ukwa,Ukwa Mine,Tuesday,10,527,433,94,17.84,Medium,equipment_downtime,0.0,23.3,25.9,0.673,12.0,5.2,1.9,4.9,91.5,0.0,0.0,92.1,15
2024-10-30,ukwa,Ukwa Mine,Wednesday,10,515,469,46,8.93,Medium,equipment_downtime,0.0,21.4,22.0,0.693,4.2,1.4,0.6,2.2,97.0,0.0,0.0,92.9,19
2024-10-31,ukwa,Ukwa Mine,Thursday,10,544,496,48,8.82,Medium,equipment_downtime,0.0,25.3,26.1,0.615,5.0,0.9,0.3,3.8,96.4,0.8,0.0,90.9,19
2024-11-01,ukwa,Ukwa Mine,Friday,11,558,561,0,0.0,Low,nominal_operations,0.0,21.7,25.1,0.669,2.7,1.1,0.3,1.3,98.0,0.0,0.0,97.3,19
2024-11-02,ukwa,Ukwa Mine,Saturday,11,531,391,140,26.37,High,equipment_downtime,0.0,23.6,22.7,0.637,9.4,2.6,1.7,5.1,93.3,0.0,0.0,91.5,16
2024-11-03,ukwa,Ukwa Mine,Sunday,11,534,477,57,10.67,Medium,equipment_downtime,0.0,20.9,22.3,0.62,4.4,0.6,1.5,2.3,96.9,0.0,0.0,89.1,22
2024-11-04,ukwa,Ukwa Mine,Monday,11,546,490,56,10.26,Medium,equipment_downtime,0.0,20.7,20.8,0.664,2.6,0.8,0.5,1.3,98.0,0.6,0.0,89.4,18
2024-11-05,ukwa,Ukwa Mine,Tuesday,11,557,479,78,14.0,Medium,equipment_downtime,0.0,19.7,23.1,0.685,5.4,0.5,0.9,4.0,96.2,0.0,0.0,99.0,19
2024-11-06,ukwa,Ukwa Mine,Wednesday,11,526,381,145,27.57,High,equipment_downtime,0.0,22.2,24.3,0.652,13.3,6.3,1.9,5.1,90.5,0.0,0.0,88.7,14
2024-11-07,ukwa,Ukwa Mine,Thursday,11,550,458,92,16.73,Medium,equipment_downtime,0.0,23.0,25.6,0.665,4.2,1.1,1.7,1.4,97.0,0.0,0.0,91.5,21
2024-11-08,ukwa,Ukwa Mine,Friday,11,553,484,69,12.48,Medium,equipment_downtime,0.0,19.0,23.8,0.623,3.0,0.2,1.4,1.4,97.9,0.0,0.0,94.6,21
2024-11-09,ukwa,Ukwa Mine,Saturday,11,541,455,86,15.9,Medium,equipment_downtime,7.4,23.0,23.3,0.61,6.7,1.5,1.0,4.2,95.2,0.9,0.0,94.6,18
2024-11-10,ukwa,Ukwa Mine,Sunday,11,544,382,162,29.78,High,equipment_downtime,0.0,20.3,26.9,0.548,11.3,4.0,1.4,5.9,92.0,1.3,0.0,91.6,12
2024-11-11,ukwa,Ukwa Mine,Monday,11,535,340,195,36.45,High,equipment_downtime,0.0,21.0,28.0,0.574,15.8,2.0,6.4,7.4,88.7,1.2,0.0,93.8,13
2024-11-12,ukwa,Ukwa Mine,Tuesday,11,532,485,47,8.83,Medium,equipment_downtime,0.0,18.7,24.1,0.621,2.9,0.2,1.5,1.2,97.9,0.0,0.0,95.8,22
2024-11-13,ukwa,Ukwa Mine,Wednesday,11,545,450,95,17.43,Medium,equipment_downtime,0.0,19.8,22.9,0.592,4.5,1.0,1.7,1.8,96.8,0.6,0.0,92.9,16
2024-11-14,ukwa,Ukwa Mine,Thursday,11,540,497,43,7.96,Medium,equipment_downtime,0.0,19.0,22.2,0.652,2.7,0.5,0.6,1.6,98.0,0.0,0.0,93.9,19
2024-11-15,ukwa,Ukwa Mine,Friday,11,546,368,178,32.6,High,weather_stoppage,28.8,25.3,17.3,0.629,6.6,1.0,1.9,3.7,95.3,0.0,2.5,88.9,18
2024-11-16,ukwa,Ukwa Mine,Saturday,11,534,432,102,19.1,High,labor_attendance,0.0,15.0,21.7,0.63,3.6,1.2,1.2,1.2,97.4,0.0,0.0,86.0,18
2024-11-17,ukwa,Ukwa Mine,Sunday,11,538,496,42,7.81,Medium,equipment_downtime,0.0,17.6,23.3,0.609,4.1,1.5,0.5,2.1,97.1,0.0,0.0,90.2,20
2024-11-18,ukwa,Ukwa Mine,Monday,11,540,476,64,11.85,Medium,equipment_downtime,0.0,13.1,22.9,0.631,4.9,1.1,0.6,3.2,96.5,0.0,0.0,93.9,17
2024-11-19,ukwa,Ukwa Mine,Tuesday,11,551,460,91,16.52,Medium,equipment_downtime,0.0,16.6,21.8,0.633,6.2,1.2,2.0,3.0,95.6,0.5,0.0,91.0,20
2024-11-20,ukwa,Ukwa Mine,Wednesday,11,549,489,60,10.93,Medium,equipment_downtime,0.1,16.0,20.9,0.632,6.0,1.5,0.3,4.2,95.7,0.0,0.0,94.5,20
2024-11-21,ukwa,Ukwa Mine,Thursday,11,538,471,67,12.45,Medium,equipment_downtime,1.7,18.6,23.5,0.649,5.3,0.8,1.3,3.2,96.2,1.5,0.0,92.8,16
2024-11-22,ukwa,Ukwa Mine,Friday,11,536,435,101,18.84,High,equipment_downtime,1.8,15.2,22.4,0.601,8.3,0.3,4.6,3.4,94.1,0.0,0.0,98.1,20
2024-11-23,ukwa,Ukwa Mine,Saturday,11,539,504,35,6.49,Medium,equipment_downtime,0.0,18.7,22.8,0.63,5.3,1.3,1.3,2.7,96.2,0.0,0.0,97.6,20
2024-11-24,ukwa,Ukwa Mine,Sunday,11,546,471,75,13.74,Medium,equipment_downtime,0.0,13.7,25.8,0.678,5.8,1.5,0.5,3.8,95.9,0.4,0.0,99.0,16
2024-11-25,ukwa,Ukwa Mine,Monday,11,544,461,83,15.26,Medium,equipment_downtime,0.0,14.0,18.4,0.617,3.5,0.4,0.8,2.3,97.5,0.0,0.0,89.6,19
2024-11-26,ukwa,Ukwa Mine,Tuesday,11,524,428,96,18.32,High,equipment_downtime,0.0,15.3,24.2,0.558,5.5,1.3,0.5,3.7,96.1,0.0,0.0,89.7,20
2024-11-27,ukwa,Ukwa Mine,Wednesday,11,554,489,65,11.73,Medium,equipment_downtime,0.0,18.2,19.8,0.619,4.6,1.2,1.7,1.7,96.7,0.9,0.0,97.6,13
2024-11-28,ukwa,Ukwa Mine,Thursday,11,532,438,94,17.67,Medium,equipment_downtime,0.0,14.0,22.5,0.69,6.5,0.5,3.2,2.8,95.4,0.0,0.0,95.7,17
2024-11-29,ukwa,Ukwa Mine,Friday,11,547,508,39,7.13,Medium,equipment_downtime,0.0,14.6,23.5,0.641,4.3,1.4,0.8,2.1,96.9,0.0,0.0,97.1,19
2024-11-30,ukwa,Ukwa Mine,Saturday,11,554,400,154,27.8,High,equipment_downtime,0.0,18.2,22.3,0.549,6.1,0.9,0.9,4.3,95.7,1.1,0.0,85.8,21
2024-12-01,ukwa,Ukwa Mine,Sunday,12,570,562,8,1.4,Low,nominal_operations,0.0,15.3,25.9,0.628,2.3,0.3,0.3,1.7,98.0,0.0,0.0,91.8,24
2024-12-02,ukwa,Ukwa Mine,Monday,12,540,392,148,27.41,High,equipment_downtime,0.0,15.7,22.9,0.642,15.4,8.8,1.0,5.6,89.0,0.0,0.0,92.1,12
2024-12-03,ukwa,Ukwa Mine,Tuesday,12,552,486,66,11.96,Medium,equipment_downtime,0.0,13.7,21.3,0.565,6.1,0.9,0.9,4.3,95.7,0.0,0.0,92.9,15
2024-12-04,ukwa,Ukwa Mine,Wednesday,12,553,491,62,11.21,Medium,equipment_downtime,0.0,15.5,18.4,0.502,6.2,1.3,0.7,4.2,95.6,0.0,0.0,94.3,18
2024-12-05,ukwa,Ukwa Mine,Thursday,12,555,448,107,19.28,High,equipment_downtime,0.0,16.0,25.6,0.605,11.1,3.1,1.9,6.1,92.1,0.0,0.0,95.1,21
2024-12-06,ukwa,Ukwa Mine,Friday,12,548,509,39,7.12,Medium,equipment_downtime,0.0,19.0,18.9,0.607,5.8,1.2,1.5,3.1,95.9,0.0,0.0,95.2,16
2024-12-07,ukwa,Ukwa Mine,Saturday,12,570,466,104,18.25,High,equipment_downtime,0.0,16.1,25.0,0.601,4.4,0.9,1.0,2.5,96.9,0.0,0.0,90.0,21
2024-12-08,ukwa,Ukwa Mine,Sunday,12,550,496,54,9.82,Medium,equipment_downtime,11.8,18.2,18.8,0.621,4.2,0.2,1.7,2.3,97.0,0.0,0.0,89.6,19
2024-12-09,ukwa,Ukwa Mine,Monday,12,563,497,66,11.72,Medium,equipment_downtime,0.0,19.2,22.0,0.59,4.9,0.9,1.8,2.2,96.5,0.0,0.0,92.4,19
2024-12-10,ukwa,Ukwa Mine,Tuesday,12,541,494,47,8.69,Medium,equipment_downtime,1.0,14.4,23.2,0.597,5.7,1.5,1.4,2.8,95.9,0.0,0.0,94.7,21
2024-12-11,ukwa,Ukwa Mine,Wednesday,12,542,460,82,15.13,Medium,equipment_downtime,0.0,17.6,19.6,0.509,6.9,0.9,1.7,4.3,95.1,0.0,0.0,89.7,20
2024-12-12,ukwa,Ukwa Mine,Thursday,12,562,473,89,15.84,Medium,equipment_downtime,0.0,16.3,21.5,0.5,4.4,0.8,0.8,2.8,96.9,0.0,0.0,87.4,17
2024-12-13,ukwa,Ukwa Mine,Friday,12,553,209,344,62.21,High,equipment_downtime,0.0,21.0,22.6,0.621,22.5,18.8,1.3,2.4,84.0,3.9,0.0,92.6,5
2024-12-14,ukwa,Ukwa Mine,Saturday,12,572,477,95,16.61,Medium,equipment_downtime,0.0,20.4,22.7,0.583,10.1,1.1,6.9,2.1,92.8,0.0,0.0,91.1,19
2024-12-15,ukwa,Ukwa Mine,Sunday,12,551,445,106,19.24,High,equipment_downtime,0.0,14.6,20.6,0.547,5.0,1.3,1.4,2.3,96.4,0.0,0.0,88.6,19
2024-12-16,ukwa,Ukwa Mine,Monday,12,551,468,83,15.06,Medium,equipment_downtime,0.0,17.5,22.8,0.652,6.5,1.4,1.9,3.2,95.4,0.0,0.0,95.0,19
2024-12-17,ukwa,Ukwa Mine,Tuesday,12,542,287,255,47.05,High,equipment_downtime,0.0,17.3,23.4,0.517,27.5,16.0,1.5,10.0,80.4,0.0,0.0,91.8,10
2024-12-18,ukwa,Ukwa Mine,Wednesday,12,547,476,71,12.98,Medium,equipment_downtime,0.0,18.1,24.3,0.573,3.8,1.2,1.0,1.6,97.3,0.0,0.0,87.5,16
2024-12-19,ukwa,Ukwa Mine,Thursday,12,534,503,31,5.81,Low,equipment_downtime,0.0,14.6,22.5,0.611,3.0,0.7,1.0,1.3,97.9,0.0,0.0,94.0,20
2024-12-20,ukwa,Ukwa Mine,Friday,12,557,475,82,14.72,Medium,equipment_downtime,0.0,14.1,22.4,0.462,7.1,1.2,1.6,4.3,94.9,0.0,0.0,99.0,18
2024-12-21,ukwa,Ukwa Mine,Saturday,12,552,407,145,26.27,High,equipment_downtime,0.0,14.4,20.6,0.52,15.2,0.7,11.0,3.5,89.2,0.0,0.0,92.4,15
2024-12-22,ukwa,Ukwa Mine,Sunday,12,556,514,42,7.55,Medium,equipment_downtime,0.0,20.0,24.0,0.545,4.9,1.4,0.6,2.9,96.5,0.1,0.0,97.8,18
2024-12-23,ukwa,Ukwa Mine,Monday,12,528,475,53,10.04,Medium,equipment_downtime,0.0,18.2,24.7,0.632,3.3,0.3,0.9,2.1,97.6,0.0,0.0,97.5,18
2024-12-24,ukwa,Ukwa Mine,Tuesday,12,545,481,64,11.74,Medium,equipment_downtime,0.0,15.3,22.1,0.527,5.0,0.8,1.0,3.2,96.4,0.0,0.0,94.2,21
2024-12-25,ukwa,Ukwa Mine,Wednesday,12,550,510,40,7.27,Medium,equipment_downtime,2.3,16.7,21.5,0.512,3.1,0.6,0.3,2.2,97.8,0.0,0.0,92.6,18
2024-12-26,ukwa,Ukwa Mine,Thursday,12,557,411,146,26.21,High,labor_attendance,0.0,20.3,25.2,0.539,5.1,0.9,0.8,3.4,96.4,2.2,0.0,82.7,16
2024-12-27,ukwa,Ukwa Mine,Friday,12,575,534,41,7.13,Medium,equipment_downtime,4.1,20.0,24.3,0.542,4.9,0.6,1.7,2.6,96.5,0.0,0.0,91.0,22
2024-12-28,ukwa,Ukwa Mine,Saturday,12,551,503,48,8.71,Medium,equipment_downtime,0.0,9.9,26.3,0.554,3.6,0.6,1.8,1.2,97.4,0.0,0.0,97.1,20
2024-12-29,ukwa,Ukwa Mine,Sunday,12,535,460,75,14.02,Medium,equipment_downtime,0.0,16.4,22.1,0.552,5.7,0.9,1.3,3.5,95.9,0.0,0.0,97.0,19
2024-12-30,ukwa,Ukwa Mine,Monday,12,567,515,52,9.17,Medium,equipment_downtime,0.0,16.6,23.0,0.512,3.8,0.6,0.6,2.6,97.3,0.0,0.0,89.6,21
2024-12-31,ukwa,Ukwa Mine,Tuesday,12,554,441,113,20.4,High,equipment_downtime,0.0,15.3,24.3,0.564,10.4,2.9,1.0,6.5,92.6,0.0,0.0,93.3,17
2025-01-01,ukwa,Ukwa Mine,Wednesday,1,574,519,55,9.58,Medium,equipment_downtime,0.0,17.0,22.5,0.533,7.1,1.3,1.4,4.4,94.9,0.0,0.0,88.8,20
2025-01-02,ukwa,Ukwa Mine,Thursday,1,602,540,62,10.3,Medium,equipment_downtime,2.8,13.1,21.1,0.481,4.2,1.2,1.3,1.7,97.0,0.0,0.0,90.9,26
2025-01-03,ukwa,Ukwa Mine,Friday,1,584,547,37,6.34,Medium,equipment_downtime,0.0,16.0,23.7,0.544,2.8,1.2,0.4,1.2,98.0,0.0,0.0,94.6,21
2025-01-04,ukwa,Ukwa Mine,Saturday,1,599,464,135,22.54,High,equipment_downtime,0.0,16.1,25.6,0.535,9.6,3.8,3.7,2.1,93.2,0.0,0.0,88.2,13
2025-01-05,ukwa,Ukwa Mine,Sunday,1,583,546,37,6.35,Medium,equipment_downtime,0.0,16.7,26.4,0.473,4.3,0.7,0.8,2.8,96.9,0.0,0.0,95.3,22
2025-01-06,ukwa,Ukwa Mine,Monday,1,574,530,44,7.67,Medium,equipment_downtime,0.0,16.2,23.4,0.534,3.1,0.9,0.7,1.5,97.8,0.0,0.0,88.0,22
2025-01-07,ukwa,Ukwa Mine,Tuesday,1,565,496,69,12.21,Medium,equipment_downtime,0.0,15.5,25.2,0.528,4.7,1.4,1.7,1.6,96.7,0.0,0.0,92.2,19
2025-01-08,ukwa,Ukwa Mine,Wednesday,1,566,461,105,18.55,High,equipment_downtime,1.4,15.6,25.2,0.501,6.4,1.0,1.6,3.8,95.4,0.0,0.0,96.2,20
2025-01-09,ukwa,Ukwa Mine,Thursday,1,597,547,50,8.38,Medium,equipment_downtime,0.0,18.2,24.5,0.458,3.8,0.7,1.4,1.7,97.3,0.5,0.0,94.1,22
2025-01-10,ukwa,Ukwa Mine,Friday,1,590,509,81,13.73,Medium,equipment_downtime,0.0,14.7,27.0,0.508,3.7,1.1,0.9,1.7,97.4,2.0,0.0,93.1,21
2025-01-11,ukwa,Ukwa Mine,Saturday,1,583,466,117,20.07,High,equipment_downtime,0.0,20.0,26.0,0.392,7.6,1.2,1.9,4.5,94.6,0.0,0.0,97.5,15
2025-01-12,ukwa,Ukwa Mine,Sunday,1,574,352,222,38.68,High,equipment_downtime,0.0,17.5,23.7,0.483,20.0,6.2,0.4,13.4,85.8,0.0,0.0,94.5,15
2025-01-13,ukwa,Ukwa Mine,Monday,1,585,533,52,8.89,Medium,equipment_downtime,0.0,17.4,22.5,0.467,6.0,1.4,0.4,4.2,95.7,0.0,0.0,98.9,24
2025-01-14,ukwa,Ukwa Mine,Tuesday,1,603,542,61,10.12,Medium,equipment_downtime,0.0,16.5,27.6,0.441,5.8,1.1,0.8,3.9,95.9,0.0,0.0,96.2,23
2025-01-15,ukwa,Ukwa Mine,Wednesday,1,593,532,61,10.29,Medium,equipment_downtime,0.0,16.8,26.1,0.38,4.8,1.1,0.8,2.9,96.6,0.0,0.0,92.8,23
2025-01-16,ukwa,Ukwa Mine,Thursday,1,566,508,58,10.25,Medium,equipment_downtime,0.0,12.8,24.9,0.525,7.2,1.6,0.3,5.3,94.9,0.0,0.0,93.8,20
2025-01-17,ukwa,Ukwa Mine,Friday,1,577,535,42,7.28,Medium,equipment_downtime,0.0,12.1,25.2,0.432,5.3,0.4,1.5,3.4,96.2,0.0,0.0,97.3,24
2025-01-18,ukwa,Ukwa Mine,Saturday,1,565,448,117,20.71,High,equipment_downtime,0.0,15.8,23.2,0.498,7.2,1.2,1.6,4.4,94.9,2.6,0.0,93.9,19
2025-01-19,ukwa,Ukwa Mine,Sunday,1,568,445,123,21.65,High,equipment_downtime,2.4,20.0,26.1,0.462,5.4,1.2,0.7,3.5,96.2,0.0,0.0,87.4,19
2025-01-20,ukwa,Ukwa Mine,Monday,1,553,480,73,13.2,Medium,equipment_downtime,0.0,19.7,23.6,0.474,6.4,1.2,3.4,1.8,95.4,0.0,0.0,91.1,18
2025-01-21,ukwa,Ukwa Mine,Tuesday,1,599,501,98,16.36,Medium,equipment_downtime,0.0,12.7,26.7,0.534,5.2,1.1,1.9,2.2,96.3,0.0,0.0,93.3,20
2025-01-22,ukwa,Ukwa Mine,Wednesday,1,586,478,108,18.43,High,equipment_downtime,0.0,19.5,27.3,0.447,5.6,0.6,1.3,3.7,96.0,0.0,0.0,88.6,18
2025-01-23,ukwa,Ukwa Mine,Thursday,1,582,452,130,22.34,High,equipment_downtime,0.0,17.5,24.1,0.455,11.5,1.8,1.9,7.8,91.8,0.0,0.0,99.0,17
2025-01-24,ukwa,Ukwa Mine,Friday,1,566,520,46,8.13,Medium,equipment_downtime,0.0,18.9,28.1,0.456,7.5,1.4,1.9,4.2,94.7,0.0,0.0,95.9,23
2025-01-25,ukwa,Ukwa Mine,Saturday,1,583,515,68,11.66,Medium,equipment_downtime,0.0,11.5,26.4,0.465,5.5,0.3,1.2,4.0,96.1,0.0,0.0,89.3,20
2025-01-26,ukwa,Ukwa Mine,Sunday,1,585,562,23,3.93,Low,equipment_downtime,0.0,15.4,28.9,0.424,4.1,0.4,1.8,1.9,97.1,0.0,0.0,93.9,19
2025-01-27,ukwa,Ukwa Mine,Monday,1,580,550,30,5.17,Low,equipment_downtime,0.0,17.8,25.4,0.437,2.8,1.1,0.3,1.4,98.0,0.0,0.0,99.0,21
2025-01-28,ukwa,Ukwa Mine,Tuesday,1,581,518,63,10.84,Medium,equipment_downtime,0.0,18.0,27.1,0.423,5.2,0.7,1.1,3.4,96.3,0.0,0.0,92.1,23
2025-01-29,ukwa,Ukwa Mine,Wednesday,1,589,342,247,41.94,High,equipment_downtime,0.0,13.7,26.3,0.35,21.2,5.3,3.9,12.0,84.9,0.0,0.0,92.3,13
2025-01-30,ukwa,Ukwa Mine,Thursday,1,567,488,79,13.93,Medium,equipment_downtime,0.0,15.8,27.1,0.463,4.7,0.7,0.7,3.3,96.7,0.1,0.0,96.3,20
2025-01-31,ukwa,Ukwa Mine,Friday,1,569,539,30,5.27,Low,equipment_downtime,0.0,22.3,28.8,0.406,6.1,0.3,1.4,4.4,95.7,1.6,0.0,94.4,19
2025-02-01,ukwa,Ukwa Mine,Saturday,2,609,544,65,10.67,Medium,equipment_downtime,0.0,17.1,28.4,0.428,6.6,0.4,2.0,4.2,95.3,0.0,0.0,96.1,19
2025-02-02,ukwa,Ukwa Mine,Sunday,2,599,532,67,11.19,Medium,equipment_downtime,0.0,16.3,27.0,0.359,3.4,0.4,1.1,1.9,97.6,0.0,0.0,95.9,22
2025-02-03,ukwa,Ukwa Mine,Monday,2,603,548,55,9.12,Medium,equipment_downtime,0.0,14.8,28.5,0.411,5.8,0.5,1.7,3.6,95.9,0.0,0.0,90.8,21
2025-02-04,ukwa,Ukwa Mine,Tuesday,2,603,544,59,9.78,Medium,equipment_downtime,0.0,19.0,22.8,0.407,4.2,1.0,1.8,1.4,97.0,0.0,0.0,93.8,25
2025-02-05,ukwa,Ukwa Mine,Wednesday,2,579,407,172,29.71,High,equipment_downtime,0.0,17.3,25.7,0.355,6.4,1.4,0.8,4.2,95.4,3.7,0.0,88.2,16
2025-02-06,ukwa,Ukwa Mine,Thursday,2,598,569,29,4.85,Low,equipment_downtime,0.0,14.1,30.1,0.322,4.2,0.5,1.6,2.1,97.0,0.0,0.0,92.4,22
2025-02-07,ukwa,Ukwa Mine,Friday,2,603,539,64,10.61,Medium,equipment_downtime,0.0,14.6,27.0,0.287,4.5,1.2,0.6,2.7,96.8,1.2,0.0,94.8,21
2025-02-08,ukwa,Ukwa Mine,Saturday,2,580,515,65,11.21,Medium,equipment_downtime,3.4,17.8,30.5,0.316,6.4,0.7,3.2,2.5,95.4,0.0,0.0,93.1,21
2025-02-09,ukwa,Ukwa Mine,Sunday,2,616,548,68,11.04,Medium,equipment_downtime,0.0,10.1,28.9,0.358,6.8,1.4,0.9,4.5,95.2,0.0,0.0,90.7,21
2025-02-10,ukwa,Ukwa Mine,Monday,2,613,550,63,10.28,Medium,equipment_downtime,0.0,15.0,26.2,0.35,5.4,1.2,0.2,4.0,96.2,0.0,0.0,90.5,22
2025-02-11,ukwa,Ukwa Mine,Tuesday,2,607,558,49,8.07,Medium,equipment_downtime,0.0,17.8,33.2,0.366,4.2,1.0,1.5,1.7,97.0,0.0,0.0,93.4,21
2025-02-12,ukwa,Ukwa Mine,Wednesday,2,611,552,59,9.66,Medium,equipment_downtime,0.0,16.8,28.2,0.44,4.5,0.5,0.6,3.4,96.8,0.0,0.0,98.3,24
2025-02-13,ukwa,Ukwa Mine,Thursday,2,590,393,197,33.39,High,equipment_downtime,0.0,13.4,29.1,0.399,12.4,4.0,2.0,6.4,91.2,0.7,0.0,88.1,13
2025-02-14,ukwa,Ukwa Mine,Friday,2,583,524,59,10.12,Medium,equipment_downtime,0.0,12.4,28.9,0.415,5.1,1.5,0.5,3.1,96.4,0.0,0.0,94.8,20
2025-02-15,ukwa,Ukwa Mine,Saturday,2,613,489,124,20.23,High,equipment_downtime,0.0,9.8,31.7,0.342,9.1,1.1,4.1,3.9,93.5,0.0,0.0,90.4,21
2025-02-16,ukwa,Ukwa Mine,Sunday,2,608,540,68,11.18,Medium,equipment_downtime,0.0,14.6,28.8,0.301,5.3,0.6,0.7,4.0,96.2,1.1,0.0,94.2,20
2025-02-17,ukwa,Ukwa Mine,Monday,2,607,553,54,8.9,Medium,equipment_downtime,0.0,10.8,28.5,0.375,6.5,1.1,1.0,4.4,95.4,0.0,0.0,92.5,21
2025-02-18,ukwa,Ukwa Mine,Tuesday,2,599,528,71,11.85,Medium,equipment_downtime,0.0,14.3,32.8,0.364,4.2,1.4,1.5,1.3,97.0,0.0,0.0,90.2,20
2025-02-19,ukwa,Ukwa Mine,Wednesday,2,613,559,54,8.81,Medium,equipment_downtime,0.0,14.4,31.0,0.351,6.1,0.3,1.4,4.4,95.7,0.0,0.0,91.5,21
2025-02-20,ukwa,Ukwa Mine,Thursday,2,596,560,36,6.04,Medium,equipment_downtime,0.0,12.8,32.9,0.323,4.4,0.4,1.8,2.2,96.9,1.7,0.0,92.6,19
2025-02-21,ukwa,Ukwa Mine,Friday,2,611,540,71,11.62,Medium,equipment_downtime,0.0,15.6,27.5,0.26,3.3,0.3,0.6,2.4,97.6,0.0,0.0,87.2,21
2025-02-22,ukwa,Ukwa Mine,Saturday,2,598,464,134,22.41,High,equipment_downtime,0.0,18.6,31.5,0.345,9.1,1.4,1.2,6.5,93.5,0.0,0.0,88.4,19
2025-02-23,ukwa,Ukwa Mine,Sunday,2,596,516,80,13.42,Medium,equipment_downtime,0.0,14.0,27.7,0.378,4.2,0.8,1.7,1.7,97.0,0.0,0.0,92.6,19
2025-02-24,ukwa,Ukwa Mine,Monday,2,597,573,24,4.02,Low,equipment_downtime,0.0,18.6,29.3,0.267,2.8,0.5,0.2,2.1,98.0,0.0,0.0,91.9,24
2025-02-25,ukwa,Ukwa Mine,Tuesday,2,599,566,33,5.51,Low,equipment_downtime,0.0,17.3,29.6,0.299,5.0,1.4,1.6,2.0,96.4,0.0,0.0,94.1,24
2025-02-26,ukwa,Ukwa Mine,Wednesday,2,607,612,0,0.0,Low,nominal_operations,0.0,15.3,30.5,0.369,2.4,0.3,0.4,1.7,98.0,0.0,0.0,97.7,24
2025-02-27,ukwa,Ukwa Mine,Thursday,2,598,510,88,14.72,Medium,equipment_downtime,0.0,12.2,32.2,0.317,6.2,1.2,1.3,3.7,95.6,0.0,0.0,86.5,19
2025-02-28,ukwa,Ukwa Mine,Friday,2,590,568,22,3.73,Low,equipment_downtime,0.0,17.3,29.5,0.293,2.9,0.4,1.0,1.5,97.9,0.0,0.0,89.7,21
2025-03-01,ukwa,Ukwa Mine,Saturday,3,613,535,78,12.72,Medium,equipment_downtime,0.0,20.9,33.8,0.34,7.9,0.8,3.7,3.4,94.4,0.0,0.0,90.5,22
2025-03-02,ukwa,Ukwa Mine,Sunday,3,606,442,164,27.06,High,equipment_downtime,0.0,17.7,30.5,0.283,14.2,10.1,0.3,3.8,89.9,0.0,0.0,91.9,19
2025-03-03,ukwa,Ukwa Mine,Monday,3,646,600,46,7.12,Medium,equipment_downtime,0.1,15.3,30.5,0.246,3.5,1.1,0.7,1.7,97.5,0.0,0.0,91.6,25
2025-03-04,ukwa,Ukwa Mine,Tuesday,3,637,562,75,11.77,Medium,equipment_downtime,0.0,19.1,29.1,0.309,5.3,0.4,0.9,4.0,96.2,0.0,0.0,94.0,20
2025-03-05,ukwa,Ukwa Mine,Wednesday,3,596,577,19,3.19,Low,nominal_operations,0.0,15.7,30.9,0.313,5.3,1.4,0.5,3.4,96.2,0.0,0.0,93.3,25
2025-03-06,ukwa,Ukwa Mine,Thursday,3,598,545,53,8.86,Medium,equipment_downtime,0.0,16.1,32.7,0.287,4.9,1.0,0.3,3.6,96.5,0.0,0.0,96.4,21
2025-03-07,ukwa,Ukwa Mine,Friday,3,615,557,58,9.43,Medium,equipment_downtime,0.0,15.8,30.3,0.331,4.7,1.2,0.5,3.0,96.7,0.0,0.0,95.0,23
2025-03-08,ukwa,Ukwa Mine,Saturday,3,620,515,105,16.94,Medium,equipment_downtime,0.0,16.9,30.8,0.311,4.8,0.8,0.5,3.5,96.6,0.0,0.0,89.6,21
2025-03-09,ukwa,Ukwa Mine,Sunday,3,618,543,75,12.14,Medium,equipment_downtime,0.0,17.4,32.8,0.265,8.3,1.3,5.1,1.9,94.1,0.0,0.0,89.0,22
2025-03-10,ukwa,Ukwa Mine,Monday,3,616,428,188,30.52,High,equipment_downtime,12.8,22.5,32.9,0.241,18.6,6.8,1.0,10.8,86.8,0.0,0.0,96.6,20
2025-03-11,ukwa,Ukwa Mine,Tuesday,3,613,561,52,8.48,Medium,equipment_downtime,0.0,12.7,34.6,0.299,4.5,1.0,1.8,1.7,96.8,0.0,0.0,96.7,22
2025-03-12,ukwa,Ukwa Mine,Wednesday,3,612,557,55,8.99,Medium,equipment_downtime,1.4,15.1,35.7,0.308,3.2,0.7,0.3,2.2,97.7,0.0,0.0,92.8,23
2025-03-13,ukwa,Ukwa Mine,Thursday,3,616,610,6,0.97,Low,nominal_operations,0.0,19.0,35.6,0.277,3.3,0.3,0.7,2.3,97.6,0.0,0.0,95.2,26
2025-03-14,ukwa,Ukwa Mine,Friday,3,609,570,39,6.4,Medium,equipment_downtime,0.0,13.1,35.1,0.223,3.4,1.4,0.2,1.8,97.6,0.0,0.0,91.2,25
2025-03-15,ukwa,Ukwa Mine,Saturday,3,607,611,0,0.0,Low,nominal_operations,0.0,17.8,34.0,0.201,2.8,0.4,0.5,1.9,98.0,0.0,0.0,98.3,27
2025-03-16,ukwa,Ukwa Mine,Sunday,3,603,520,83,13.76,Medium,equipment_downtime,0.0,14.3,31.2,0.281,5.3,1.4,0.6,3.3,96.2,0.0,0.0,96.3,22
2025-03-17,ukwa,Ukwa Mine,Monday,3,600,601,0,0.0,Low,nominal_operations,0.0,19.2,31.9,0.241,2.8,0.8,0.4,1.6,98.0,0.0,0.0,93.0,21
2025-03-18,ukwa,Ukwa Mine,Tuesday,3,624,575,49,7.85,Medium,equipment_downtime,0.0,18.6,33.8,0.269,3.8,0.9,1.8,1.1,97.3,0.0,0.0,93.9,21
2025-03-19,ukwa,Ukwa Mine,Wednesday,3,603,473,130,21.56,High,blasting_delays,0.0,14.1,36.5,0.317,5.7,0.3,1.0,4.4,95.9,4.1,0.0,93.2,14
2025-03-20,ukwa,Ukwa Mine,Thursday,3,602,510,92,15.28,Medium,equipment_downtime,0.0,14.0,36.8,0.184,6.5,1.1,1.7,3.7,95.4,0.0,0.0,95.1,17
2025-03-21,ukwa,Ukwa Mine,Friday,3,627,618,9,1.44,Low,nominal_operations,0.0,16.0,36.0,0.24,3.9,1.0,0.8,2.1,97.2,0.0,0.0,99.0,22
2025-03-22,ukwa,Ukwa Mine,Saturday,3,620,563,57,9.19,Medium,equipment_downtime,0.0,14.5,34.3,0.272,5.1,1.5,1.1,2.5,96.4,0.2,0.0,97.6,22
2025-03-23,ukwa,Ukwa Mine,Sunday,3,607,558,49,8.07,Medium,equipment_downtime,0.0,21.6,36.1,0.229,5.2,1.2,0.3,3.7,96.3,0.0,0.0,93.1,24
2025-03-24,ukwa,Ukwa Mine,Monday,3,617,478,139,22.53,High,equipment_downtime,19.2,20.8,33.3,0.205,13.1,1.4,5.8,5.9,90.7,0.0,0.0,95.1,20
2025-03-25,ukwa,Ukwa Mine,Tuesday,3,610,412,198,32.46,High,equipment_downtime,0.0,16.6,33.0,0.204,16.8,2.8,3.5,10.5,88.0,0.0,0.0,89.8,19
2025-03-26,ukwa,Ukwa Mine,Wednesday,3,625,525,100,16.0,Medium,equipment_downtime,0.0,14.5,33.0,0.247,5.7,1.3,0.3,4.1,95.9,3.1,0.0,91.3,21
2025-03-27,ukwa,Ukwa Mine,Thursday,3,631,571,60,9.51,Medium,equipment_downtime,0.0,19.2,36.2,0.233,6.4,1.1,1.0,4.3,95.4,0.0,0.0,89.9,23
2025-03-28,ukwa,Ukwa Mine,Friday,3,635,575,60,9.45,Medium,equipment_downtime,0.0,18.9,35.8,0.236,6.1,0.4,1.6,4.1,95.7,0.0,0.0,91.2,21
2025-03-29,ukwa,Ukwa Mine,Saturday,3,616,546,70,11.36,Medium,equipment_downtime,0.0,18.9,36.9,0.266,2.7,0.7,0.2,1.8,98.0,0.5,0.0,88.0,22
2025-03-30,ukwa,Ukwa Mine,Sunday,3,632,572,60,9.49,Medium,equipment_downtime,0.0,20.7,34.1,0.202,3.6,0.3,0.9,2.4,97.4,0.0,0.0,92.6,21
2025-03-31,ukwa,Ukwa Mine,Monday,3,621,523,98,15.78,Medium,equipment_downtime,0.0,16.7,33.8,0.18,6.5,1.3,1.6,3.6,95.4,0.0,0.0,94.6,20
2025-04-01,ukwa,Ukwa Mine,Tuesday,4,621,568,53,8.53,Medium,equipment_downtime,0.0,12.2,34.4,0.229,5.6,0.7,1.6,3.3,96.0,0.0,0.0,96.6,22
2025-04-02,ukwa,Ukwa Mine,Wednesday,4,627,561,66,10.53,Medium,equipment_downtime,0.0,12.2,37.1,0.189,4.4,1.4,1.7,1.3,96.9,0.0,0.0,89.9,21
2025-04-03,ukwa,Ukwa Mine,Thursday,4,637,526,111,17.43,Medium,equipment_downtime,0.0,20.0,36.3,0.26,9.3,1.9,1.6,5.8,93.4,0.0,0.0,95.2,21
2025-04-04,ukwa,Ukwa Mine,Friday,4,611,488,123,20.13,High,equipment_downtime,0.0,16.4,38.3,0.209,11.2,2.7,1.9,6.6,92.0,0.0,0.0,98.8,20
2025-04-05,ukwa,Ukwa Mine,Saturday,4,626,594,32,5.11,Low,equipment_downtime,0.0,13.5,37.2,0.18,6.3,1.1,1.6,3.6,95.5,0.0,0.0,94.1,23
2025-04-06,ukwa,Ukwa Mine,Sunday,4,641,365,276,43.06,High,equipment_downtime,0.0,21.2,34.0,0.317,22.4,0.7,9.7,12.0,84.0,0.0,0.0,89.7,15
2025-04-07,ukwa,Ukwa Mine,Monday,4,607,565,42,6.92,Medium,equipment_downtime,0.0,11.3,34.9,0.237,3.1,1.0,1.0,1.1,97.8,0.0,0.0,91.3,23
2025-04-08,ukwa,Ukwa Mine,Tuesday,4,594,556,38,6.4,Medium,equipment_downtime,0.0,13.4,38.0,0.18,3.0,0.5,1.4,1.1,97.9,0.0,0.0,97.2,21
2025-04-09,ukwa,Ukwa Mine,Wednesday,4,623,546,77,12.36,Medium,equipment_downtime,0.0,16.4,38.3,0.241,6.3,1.2,1.4,3.7,95.5,0.0,0.0,95.7,20
2025-04-10,ukwa,Ukwa Mine,Thursday,4,628,535,93,14.81,Medium,equipment_downtime,0.0,16.0,38.5,0.18,4.8,1.0,0.9,2.9,96.6,0.0,0.0,86.7,19
2025-04-11,ukwa,Ukwa Mine,Friday,4,631,567,64,10.14,Medium,labor_attendance,0.0,15.8,38.1,0.189,3.5,1.2,0.6,1.7,97.5,0.0,0.0,86.0,25
2025-04-12,ukwa,Ukwa Mine,Saturday,4,628,569,59,9.39,Medium,equipment_downtime,0.0,17.0,35.0,0.232,4.3,0.4,1.8,2.1,96.9,0.0,0.0,99.0,17
2025-04-13,ukwa,Ukwa Mine,Sunday,4,624,543,81,12.98,Medium,equipment_downtime,0.0,18.9,36.3,0.19,5.3,1.1,0.8,3.4,96.2,0.0,0.0,91.9,25
2025-04-14,ukwa,Ukwa Mine,Monday,4,633,577,56,8.85,Medium,equipment_downtime,0.0,14.0,37.4,0.18,4.2,1.2,0.9,2.1,97.0,0.0,0.0,88.5,23
2025-04-15,ukwa,Ukwa Mine,Tuesday,4,631,416,215,34.07,High,equipment_downtime,0.0,14.5,38.4,0.232,21.7,8.8,9.6,3.3,84.5,0.0,0.0,97.2,19
2025-04-16,ukwa,Ukwa Mine,Wednesday,4,636,590,46,7.23,Medium,equipment_downtime,0.0,19.2,41.6,0.242,4.7,0.8,1.4,2.5,96.7,0.0,0.0,93.4,26
2025-04-17,ukwa,Ukwa Mine,Thursday,4,649,595,54,8.32,Medium,equipment_downtime,0.0,18.0,39.4,0.18,4.8,0.7,0.5,3.6,96.6,0.0,0.0,90.2,23
2025-04-18,ukwa,Ukwa Mine,Friday,4,630,516,114,18.1,High,equipment_downtime,0.0,15.7,38.1,0.24,9.1,0.4,4.9,3.8,93.5,0.6,0.0,97.2,21
2025-04-19,ukwa,Ukwa Mine,Saturday,4,610,383,227,37.21,High,equipment_downtime,0.0,17.9,38.4,0.207,22.5,4.4,4.4,13.7,84.0,0.0,0.0,99.0,13
2025-04-20,ukwa,Ukwa Mine,Sunday,4,607,510,97,15.98,Medium,equipment_downtime,0.0,20.7,35.7,0.215,7.0,1.0,1.5,4.5,95.0,0.0,0.0,90.9,19
2025-04-21,ukwa,Ukwa Mine,Monday,4,633,594,39,6.16,Medium,equipment_downtime,0.0,17.3,39.4,0.185,6.1,1.2,3.9,1.0,95.7,0.0,0.0,93.8,23
2025-04-22,ukwa,Ukwa Mine,Tuesday,4,615,564,51,8.29,Medium,equipment_downtime,0.0,15.6,36.6,0.277,5.4,1.3,1.9,2.2,96.2,0.0,0.0,97.3,26
2025-04-23,ukwa,Ukwa Mine,Wednesday,4,591,529,62,10.49,Medium,equipment_downtime,0.0,12.0,38.5,0.18,4.8,1.4,1.9,1.5,96.6,0.0,0.0,93.0,18
2025-04-24,ukwa,Ukwa Mine,Thursday,4,631,551,80,12.68,Medium,equipment_downtime,0.0,17.1,35.9,0.18,3.3,1.0,1.0,1.3,97.6,0.0,0.0,91.4,25
2025-04-25,ukwa,Ukwa Mine,Friday,4,629,574,55,8.74,Medium,equipment_downtime,0.0,11.4,39.3,0.18,4.6,0.2,3.0,1.4,96.7,0.0,0.0,91.2,21
2025-04-26,ukwa,Ukwa Mine,Saturday,4,608,581,27,4.44,Low,equipment_downtime,3.4,22.7,35.7,0.18,3.2,0.6,1.2,1.4,97.7,0.0,0.0,90.2,21
2025-04-27,ukwa,Ukwa Mine,Sunday,4,620,563,57,9.19,Medium,equipment_downtime,0.0,9.8,39.2,0.18,4.8,1.4,1.0,2.4,96.6,0.0,0.0,94.3,19
2025-04-28,ukwa,Ukwa Mine,Monday,4,634,419,215,33.91,High,equipment_downtime,0.0,16.8,38.6,0.18,20.5,13.9,0.8,5.8,85.4,0.0,0.0,89.0,18
2025-04-29,ukwa,Ukwa Mine,Tuesday,4,620,494,126,20.32,High,equipment_downtime,0.0,17.3,36.7,0.196,7.4,2.3,0.2,4.9,94.7,0.0,0.0,87.9,21
2025-04-30,ukwa,Ukwa Mine,Wednesday,4,641,544,97,15.13,Medium,equipment_downtime,0.0,19.1,35.7,0.208,6.2,1.5,1.2,3.5,95.6,0.0,0.0,91.3,17
2025-05-01,ukwa,Ukwa Mine,Thursday,5,613,448,165,26.92,High,equipment_downtime,0.0,16.4,36.8,0.194,10.5,0.9,6.4,3.2,92.5,0.0,0.0,86.0,20
2025-05-02,ukwa,Ukwa Mine,Friday,5,600,520,80,13.33,Medium,equipment_downtime,0.0,15.0,37.8,0.18,3.3,1.1,0.7,1.5,97.6,0.1,0.0,89.5,24
2025-05-03,ukwa,Ukwa Mine,Saturday,5,623,517,106,17.01,Medium,equipment_downtime,0.0,17.2,38.6,0.227,7.2,0.8,4.0,2.4,94.9,0.0,0.0,90.9,18
2025-05-04,ukwa,Ukwa Mine,Sunday,5,624,590,34,5.45,Low,equipment_downtime,0.0,19.9,39.0,0.222,2.9,0.7,1.0,1.2,97.9,0.0,0.0,92.4,23
2025-05-05,ukwa,Ukwa Mine,Monday,5,624,594,30,4.81,Low,equipment_downtime,0.0,12.3,35.2,0.216,6.1,1.1,1.8,3.2,95.7,0.0,0.0,95.0,23
2025-05-06,ukwa,Ukwa Mine,Tuesday,5,617,589,28,4.54,Low,equipment_downtime,0.0,13.9,36.7,0.213,2.6,0.8,0.8,1.0,98.0,0.0,0.0,96.3,24
2025-05-07,ukwa,Ukwa Mine,Wednesday,5,634,599,35,5.52,Low,equipment_downtime,0.0,14.0,36.6,0.245,5.1,0.6,3.2,1.3,96.4,0.0,0.0,95.0,23
2025-05-08,ukwa,Ukwa Mine,Thursday,5,619,549,70,11.31,Medium,equipment_downtime,0.0,15.8,39.2,0.215,6.4,1.2,1.8,3.4,95.4,0.0,0.0,92.5,23
2025-05-09,ukwa,Ukwa Mine,Friday,5,632,563,69,10.92,Medium,equipment_downtime,0.0,18.5,40.2,0.183,4.6,1.1,1.8,1.7,96.7,0.0,0.0,94.3,21
2025-05-10,ukwa,Ukwa Mine,Saturday,5,629,362,267,42.45,High,equipment_downtime,0.0,15.7,42.0,0.3,24.2,7.4,0.5,16.3,82.8,0.0,0.0,89.6,15
2025-05-11,ukwa,Ukwa Mine,Sunday,5,628,603,25,3.98,Low,equipment_downtime,0.0,16.1,39.7,0.228,3.0,0.8,0.3,1.9,97.9,0.0,0.0,91.9,25
2025-05-12,ukwa,Ukwa Mine,Monday,5,593,459,134,22.6,High,equipment_downtime,0.0,18.9,40.7,0.238,6.4,1.1,1.4,3.9,95.4,0.0,0.0,88.8,18
2025-05-13,ukwa,Ukwa Mine,Tuesday,5,640,509,131,20.47,High,equipment_downtime,0.0,12.7,37.2,0.18,10.4,0.9,7.6,1.9,92.6,0.0,0.0,92.5,17
2025-05-14,ukwa,Ukwa Mine,Wednesday,5,616,507,109,17.69,Medium,equipment_downtime,3.8,20.7,39.3,0.234,6.9,1.3,1.4,4.2,95.1,0.0,0.0,85.2,21
2025-05-15,ukwa,Ukwa Mine,Thursday,5,613,543,70,11.42,Medium,equipment_downtime,0.0,18.9,41.7,0.18,3.2,0.4,0.5,2.3,97.7,0.0,0.0,94.2,24
2025-05-16,ukwa,Ukwa Mine,Friday,5,618,582,36,5.83,Low,equipment_downtime,0.0,19.0,40.6,0.271,3.1,1.1,0.8,1.2,97.8,0.1,0.0,93.6,24
2025-05-17,ukwa,Ukwa Mine,Saturday,5,617,252,365,59.16,High,equipment_downtime,0.0,11.9,40.5,0.216,28.7,17.7,8.2,2.8,79.6,0.0,0.0,86.5,10
2025-05-18,ukwa,Ukwa Mine,Sunday,5,614,560,54,8.79,Medium,equipment_downtime,0.0,12.7,38.2,0.304,6.5,0.9,1.3,4.3,95.4,0.0,0.0,96.1,23
2025-05-19,ukwa,Ukwa Mine,Monday,5,604,492,112,18.54,High,labor_attendance,0.0,14.4,42.9,0.185,4.4,0.5,0.3,3.6,96.9,0.0,0.0,84.7,21
2025-05-20,ukwa,Ukwa Mine,Tuesday,5,613,522,91,14.85,Medium,equipment_downtime,0.0,12.0,38.1,0.244,3.4,0.8,0.4,2.2,97.6,0.0,0.0,89.2,20
2025-05-21,ukwa,Ukwa Mine,Wednesday,5,613,494,119,19.41,High,equipment_downtime,0.0,16.5,40.1,0.222,5.0,1.3,1.5,2.2,96.4,0.0,0.0,88.4,19
2025-05-22,ukwa,Ukwa Mine,Thursday,5,616,576,40,6.49,Medium,blasting_delays,0.0,17.0,38.6,0.181,2.2,0.5,0.6,1.1,98.0,2.6,0.0,94.2,26
2025-05-23,ukwa,Ukwa Mine,Friday,5,618,537,81,13.11,Medium,equipment_downtime,0.0,18.7,42.0,0.18,6.6,0.6,1.9,4.1,95.3,0.0,0.0,93.8,19
2025-05-24,ukwa,Ukwa Mine,Saturday,5,610,500,110,18.03,High,equipment_downtime,0.0,12.9,34.7,0.259,7.8,1.5,2.4,3.9,94.4,0.0,0.0,91.4,18
2025-05-25,ukwa,Ukwa Mine,Sunday,5,603,537,66,10.95,Medium,equipment_downtime,0.0,20.4,38.0,0.296,4.3,1.5,0.7,2.1,96.9,0.0,0.0,91.5,21
2025-05-26,ukwa,Ukwa Mine,Monday,5,617,599,18,2.92,Low,nominal_operations,0.0,18.8,38.5,0.192,3.5,0.4,1.8,1.3,97.5,0.0,0.0,96.3,26
2025-05-27,ukwa,Ukwa Mine,Tuesday,5,612,512,100,16.34,Medium,equipment_downtime,7.6,20.2,39.0,0.242,5.7,0.6,1.3,3.8,95.9,0.0,0.0,89.8,18
2025-05-28,ukwa,Ukwa Mine,Wednesday,5,613,544,69,11.26,Medium,equipment_downtime,0.0,16.4,39.6,0.24,6.7,1.1,1.9,3.7,95.2,0.0,0.0,94.6,21
2025-05-29,ukwa,Ukwa Mine,Thursday,5,637,462,175,27.47,High,equipment_downtime,0.0,21.8,38.9,0.202,19.3,3.2,1.5,14.6,86.3,1.0,0.0,97.6,18
2025-05-30,ukwa,Ukwa Mine,Friday,5,607,458,149,24.55,High,equipment_downtime,0.0,18.5,38.1,0.198,10.6,2.1,1.2,7.3,92.5,0.0,0.0,98.5,19
2025-05-31,ukwa,Ukwa Mine,Saturday,5,604,554,50,8.28,Medium,equipment_downtime,0.0,20.5,40.7,0.266,4.7,0.6,3.0,1.1,96.7,0.0,0.0,90.1,27
2025-06-01,ukwa,Ukwa Mine,Sunday,6,593,504,89,15.01,Medium,equipment_downtime,0.9,17.3,38.3,0.228,5.7,1.4,1.6,2.7,95.9,0.0,0.0,91.5,18
2025-06-02,ukwa,Ukwa Mine,Monday,6,613,582,31,5.06,Low,equipment_downtime,4.4,22.2,39.8,0.237,4.4,0.3,0.9,3.2,96.9,0.0,0.0,93.0,24
2025-06-03,ukwa,Ukwa Mine,Tuesday,6,590,540,50,8.47,Medium,equipment_downtime,3.2,20.8,39.6,0.24,3.1,0.4,1.6,1.1,97.8,0.0,0.0,92.0,21
2025-06-04,ukwa,Ukwa Mine,Wednesday,6,608,557,51,8.39,Medium,equipment_downtime,6.2,21.4,36.5,0.256,6.5,1.3,1.2,4.0,95.4,0.0,0.0,90.5,23
2025-06-05,ukwa,Ukwa Mine,Thursday,6,614,578,36,5.86,Low,equipment_downtime,4.9,25.9,37.5,0.207,4.6,0.6,0.8,3.2,96.7,0.0,0.0,89.9,26
2025-06-06,ukwa,Ukwa Mine,Friday,6,597,365,232,38.86,High,weather_stoppage,33.4,28.1,35.1,0.269,6.4,1.3,0.8,4.3,95.4,0.0,4.5,96.8,14
2025-06-07,ukwa,Ukwa Mine,Saturday,6,610,381,229,37.54,High,equipment_downtime,0.9,25.1,37.9,0.264,20.1,6.6,0.4,13.1,85.7,0.0,0.0,86.9,14
2025-06-08,ukwa,Ukwa Mine,Sunday,6,623,634,0,0.0,Low,nominal_operations,2.3,21.1,34.5,0.293,2.0,0.2,0.6,1.2,98.0,0.0,0.0,99.0,24
2025-06-09,ukwa,Ukwa Mine,Monday,6,603,546,57,9.45,Medium,equipment_downtime,23.7,33.8,35.0,0.223,2.6,0.2,1.4,1.0,98.0,0.6,0.0,95.3,24
2025-06-10,ukwa,Ukwa Mine,Tuesday,6,611,471,140,22.91,High,equipment_downtime,0.8,25.2,38.5,0.204,11.6,2.8,0.5,8.3,91.7,0.0,0.0,90.9,19
2025-06-11,ukwa,Ukwa Mine,Wednesday,6,586,421,165,28.16,High,weather_stoppage,27.3,30.2,36.5,0.267,7.2,1.2,1.9,4.1,94.9,0.0,3.6,93.2,17
2025-06-12,ukwa,Ukwa Mine,Thursday,6,608,532,76,12.5,Medium,equipment_downtime,0.4,27.1,38.6,0.206,6.7,1.0,1.4,4.3,95.2,0.0,0.0,93.3,25
2025-06-13,ukwa,Ukwa Mine,Friday,6,602,540,62,10.3,Medium,equipment_downtime,19.7,29.1,37.9,0.301,7.0,1.1,1.4,4.5,95.0,0.0,0.0,93.6,26
2025-06-14,ukwa,Ukwa Mine,Saturday,6,591,553,38,6.43,Medium,equipment_downtime,20.2,33.3,37.1,0.226,4.6,1.5,1.6,1.5,96.7,0.0,0.0,99.0,23
2025-06-15,ukwa,Ukwa Mine,Sunday,6,593,579,14,2.36,Low,nominal_operations,16.0,34.5,33.6,0.317,5.9,0.4,1.4,4.1,95.8,0.0,0.0,96.0,22
2025-06-16,ukwa,Ukwa Mine,Monday,6,594,540,54,9.09,Medium,equipment_downtime,14.7,29.0,35.5,0.327,5.8,0.5,1.2,4.1,95.9,0.0,0.0,95.5,21
2025-06-17,ukwa,Ukwa Mine,Tuesday,6,612,561,51,8.33,Medium,equipment_downtime,0.2,25.5,42.3,0.234,4.2,0.6,0.6,3.0,97.0,0.0,0.0,94.2,25
2025-06-18,ukwa,Ukwa Mine,Wednesday,6,603,562,41,6.8,Medium,equipment_downtime,13.6,29.7,38.1,0.355,3.2,0.2,1.4,1.6,97.7,0.5,0.0,94.8,22
2025-06-19,ukwa,Ukwa Mine,Thursday,6,624,578,46,7.37,Medium,equipment_downtime,8.5,23.4,39.3,0.325,4.2,1.1,1.8,1.3,97.0,0.0,0.0,91.2,25
2025-06-20,ukwa,Ukwa Mine,Friday,6,595,542,53,8.91,Medium,equipment_downtime,3.5,30.4,38.7,0.268,4.9,0.3,1.2,3.4,96.5,0.0,0.0,89.6,22
2025-06-21,ukwa,Ukwa Mine,Saturday,6,603,369,234,38.81,High,weather_stoppage,35.8,37.7,31.9,0.2,3.4,0.3,1.2,1.9,97.6,0.0,4.8,96.1,15
2025-06-22,ukwa,Ukwa Mine,Sunday,6,614,591,23,3.75,Low,equipment_downtime,2.8,31.4,38.0,0.263,3.0,0.5,0.9,1.6,97.9,0.0,0.0,90.9,26
2025-06-23,ukwa,Ukwa Mine,Monday,6,601,532,69,11.48,Medium,blasting_delays,0.5,31.8,40.0,0.362,2.4,0.4,1.0,1.0,98.0,1.7,0.0,97.7,19
2025-06-24,ukwa,Ukwa Mine,Tuesday,6,601,595,6,1.0,Low,nominal_operations,4.7,27.9,37.2,0.296,3.9,0.7,1.2,2.0,97.2,0.0,0.0,97.2,25
2025-06-25,ukwa,Ukwa Mine,Wednesday,6,608,558,50,8.22,Medium,equipment_downtime,3.4,29.4,39.9,0.272,4.9,0.9,0.9,3.1,96.5,0.0,0.0,92.8,21
2025-06-26,ukwa,Ukwa Mine,Thursday,6,622,595,27,4.34,Low,equipment_downtime,1.9,28.9,40.9,0.303,4.0,1.1,1.6,1.3,97.2,0.0,0.0,91.9,24
2025-06-27,ukwa,Ukwa Mine,Friday,6,614,415,199,32.41,High,equipment_downtime,21.2,39.2,33.9,0.265,14.6,9.5,0.7,4.4,89.6,0.0,0.0,91.8,11
2025-06-28,ukwa,Ukwa Mine,Saturday,6,626,533,93,14.86,Medium,equipment_downtime,3.6,32.3,39.4,0.262,6.8,0.9,1.9,4.0,95.2,0.0,0.0,93.5,23
2025-06-29,ukwa,Ukwa Mine,Sunday,6,601,394,207,34.44,High,weather_stoppage,32.1,37.1,33.9,0.25,6.5,1.2,2.4,2.9,95.4,1.3,2.9,88.6,16
2025-06-30,ukwa,Ukwa Mine,Monday,6,601,486,115,19.13,High,equipment_downtime,16.5,35.0,39.0,0.388,5.5,0.6,3.4,1.5,96.1,0.0,0.0,85.4,19
2025-07-01,ukwa,Ukwa Mine,Tuesday,7,581,305,276,47.5,High,equipment_downtime,28.7,38.5,36.6,0.313,18.5,14.3,0.7,3.5,86.8,0.0,2.6,98.2,14
2025-07-02,ukwa,Ukwa Mine,Wednesday,7,573,460,113,19.72,High,labor_attendance,4.0,27.1,36.4,0.339,4.0,1.2,1.4,1.4,97.2,0.0,0.0,83.5,19
2025-07-03,ukwa,Ukwa Mine,Thursday,7,581,553,28,4.82,Low,equipment_downtime,11.2,31.9,35.5,0.322,4.8,0.2,1.7,2.9,96.6,0.0,0.0,97.9,23
2025-07-04,ukwa,Ukwa Mine,Friday,7,595,87,508,85.38,High,weather_stoppage,102.1,58.0,24.4,0.388,3.6,0.5,0.6,2.5,97.4,0.0,12.0,90.2,5
2025-07-05,ukwa,Ukwa Mine,Saturday,7,600,528,72,12.0,Medium,equipment_downtime,2.2,29.8,37.7,0.299,2.9,0.2,0.7,2.0,97.9,0.0,0.0,94.8,19
2025-07-06,ukwa,Ukwa Mine,Sunday,7,576,541,35,6.08,Medium,equipment_downtime,4.3,36.7,39.1,0.317,3.2,0.4,1.2,1.6,97.7,0.0,0.0,90.1,23
2025-07-07,ukwa,Ukwa Mine,Monday,7,559,433,126,22.54,High,blasting_delays,18.0,39.4,36.0,0.357,3.0,0.3,0.7,2.0,97.9,3.2,0.0,88.2,18
2025-07-08,ukwa,Ukwa Mine,Tuesday,7,571,508,63,11.03,Medium,equipment_downtime,9.6,37.5,36.8,0.371,8.9,4.6,0.9,3.4,93.7,0.5,0.0,92.1,16
2025-07-09,ukwa,Ukwa Mine,Wednesday,7,578,479,99,17.13,Medium,equipment_downtime,19.0,36.5,35.4,0.279,4.9,0.5,1.0,3.4,96.5,0.5,0.0,93.6,16
2025-07-10,ukwa,Ukwa Mine,Thursday,7,566,162,404,71.38,High,weather_stoppage,54.9,46.6,30.7,0.342,5.8,0.5,1.3,4.0,95.9,0.0,6.2,92.3,7
2025-07-11,ukwa,Ukwa Mine,Friday,7,576,511,65,11.28,Medium,equipment_downtime,0.8,29.1,37.1,0.341,3.9,0.6,1.6,1.7,97.2,0.0,0.0,86.0,21
2025-07-12,ukwa,Ukwa Mine,Saturday,7,554,499,55,9.93,Medium,equipment_downtime,0.8,36.9,37.9,0.461,3.7,1.0,0.2,2.5,97.4,0.0,0.0,87.2,23
2025-07-13,ukwa,Ukwa Mine,Sunday,7,566,291,275,48.59,High,equipment_downtime,2.6,36.2,34.2,0.335,24.8,2.6,1.9,20.3,82.3,0.6,0.0,89.7,9
2025-07-14,ukwa,Ukwa Mine,Monday,7,573,87,486,84.82,High,weather_stoppage,78.0,53.6,24.3,0.397,6.3,1.4,1.5,3.4,95.5,0.0,11.6,91.5,5
2025-07-15,ukwa,Ukwa Mine,Tuesday,7,586,580,6,1.02,Low,nominal_operations,5.5,35.8,35.3,0.387,3.4,0.5,0.6,2.3,97.6,0.0,0.0,98.1,23
2025-07-16,ukwa,Ukwa Mine,Wednesday,7,578,574,4,0.69,Low,nominal_operations,3.5,34.8,37.1,0.365,3.3,0.3,1.9,1.1,97.6,0.0,0.0,91.7,22
2025-07-17,ukwa,Ukwa Mine,Thursday,7,594,524,70,11.78,Medium,equipment_downtime,2.4,33.6,39.2,0.379,5.5,0.9,0.7,3.9,96.1,0.0,0.0,88.0,20
2025-07-18,ukwa,Ukwa Mine,Friday,7,584,519,65,11.13,Medium,equipment_downtime,1.9,37.6,35.3,0.379,4.3,1.2,1.8,1.3,96.9,0.0,0.0,87.3,21
2025-07-19,ukwa,Ukwa Mine,Saturday,7,579,319,260,44.91,High,equipment_downtime,16.8,38.9,31.8,0.349,21.6,3.0,1.7,16.9,84.6,0.0,0.0,90.3,13
2025-07-20,ukwa,Ukwa Mine,Sunday,7,567,472,95,16.75,Medium,equipment_downtime,3.0,37.0,33.6,0.36,4.2,0.3,1.7,2.2,97.0,0.0,0.0,86.4,20
2025-07-21,ukwa,Ukwa Mine,Monday,7,591,535,56,9.48,Medium,equipment_downtime,4.9,36.7,35.0,0.406,4.6,0.8,1.6,2.2,96.7,0.0,0.0,94.9,20
2025-07-22,ukwa,Ukwa Mine,Tuesday,7,586,512,74,12.63,Medium,equipment_downtime,4.0,40.4,35.7,0.301,5.0,1.3,1.0,2.7,96.4,0.0,0.0,96.6,20
2025-07-23,ukwa,Ukwa Mine,Wednesday,7,581,513,68,11.7,Medium,equipment_downtime,3.8,39.3,39.1,0.422,4.5,1.3,0.2,3.0,96.8,0.0,0.0,88.4,22
2025-07-24,ukwa,Ukwa Mine,Thursday,7,573,514,59,10.3,Medium,equipment_downtime,0.6,36.8,32.7,0.41,5.4,1.2,0.9,3.3,96.2,0.0,0.0,90.1,21
2025-07-25,ukwa,Ukwa Mine,Friday,7,576,479,97,16.84,Medium,equipment_downtime,0.9,33.3,38.2,0.385,5.6,1.4,1.5,2.7,96.0,0.0,0.0,89.9,19
2025-07-26,ukwa,Ukwa Mine,Saturday,7,567,494,73,12.87,Medium,equipment_downtime,7.3,39.2,36.9,0.402,6.3,1.0,1.6,3.7,95.5,0.0,0.0,95.5,24
2025-07-27,ukwa,Ukwa Mine,Sunday,7,582,507,75,12.89,Medium,weather_stoppage,1.4,43.2,35.8,0.397,2.8,1.2,0.2,1.4,98.0,0.3,0.0,90.5,19
2025-07-28,ukwa,Ukwa Mine,Monday,7,584,389,195,33.39,High,weather_stoppage,26.8,46.5,28.6,0.388,3.4,0.6,1.6,1.2,97.6,2.0,1.8,90.2,13
2025-07-29,ukwa,Ukwa Mine,Tuesday,7,579,518,61,10.54,Medium,equipment_downtime,4.6,38.2,33.1,0.481,3.8,1.1,1.2,1.5,97.3,1.8,0.0,89.3,19
2025-07-30,ukwa,Ukwa Mine,Wednesday,7,587,424,163,27.77,High,blasting_delays,6.9,42.1,33.4,0.411,3.8,0.6,1.7,1.5,97.3,2.5,0.0,85.9,18
2025-07-31,ukwa,Ukwa Mine,Thursday,7,576,560,16,2.78,Low,nominal_operations,0.9,35.6,36.5,0.383,4.0,1.1,1.4,1.5,97.2,0.0,0.0,92.7,25
2025-08-01,ukwa,Ukwa Mine,Friday,8,550,474,76,13.82,Medium,equipment_downtime,3.3,39.0,36.8,0.385,3.5,0.2,0.8,2.5,97.5,0.0,0.0,93.9,22
2025-08-02,ukwa,Ukwa Mine,Saturday,8,557,481,76,13.64,Medium,equipment_downtime,12.5,37.5,32.4,0.443,4.5,0.3,1.1,3.1,96.8,0.0,0.0,96.5,20
2025-08-03,ukwa,Ukwa Mine,Sunday,8,536,431,105,19.59,High,weather_stoppage,24.6,47.2,30.5,0.366,4.3,1.3,0.8,2.2,96.9,0.0,0.0,92.9,15
2025-08-04,ukwa,Ukwa Mine,Monday,8,540,508,32,5.93,Low,equipment_downtime,6.5,37.7,35.1,0.511,5.7,0.5,2.0,3.2,95.9,0.2,0.0,93.1,21
2025-08-05,ukwa,Ukwa Mine,Tuesday,8,543,306,237,43.65,High,weather_stoppage,32.2,43.5,31.5,0.43,8.9,2.3,1.4,5.2,93.7,0.0,2.5,96.5,16
2025-08-06,ukwa,Ukwa Mine,Wednesday,8,560,477,83,14.82,Medium,equipment_downtime,9.6,38.0,35.0,0.478,3.3,1.0,0.5,1.8,97.6,0.0,0.0,93.4,22
2025-08-07,ukwa,Ukwa Mine,Thursday,8,561,421,140,24.96,High,weather_stoppage,12.6,45.7,32.3,0.476,4.4,1.4,0.4,2.6,96.9,0.7,0.0,87.2,15
2025-08-08,ukwa,Ukwa Mine,Friday,8,568,232,336,59.15,High,weather_stoppage,37.7,45.0,27.4,0.513,6.6,1.5,2.0,3.1,95.3,0.9,5.1,92.5,10
2025-08-09,ukwa,Ukwa Mine,Saturday,8,578,532,46,7.96,Medium,equipment_downtime,0.6,39.1,31.9,0.456,4.9,1.1,0.3,3.5,96.5,0.0,0.0,93.3,20
2025-08-10,ukwa,Ukwa Mine,Sunday,8,545,506,39,7.16,Medium,equipment_downtime,1.9,36.3,34.8,0.43,3.9,1.2,0.4,2.3,97.2,0.0,0.0,89.8,20
2025-08-11,ukwa,Ukwa Mine,Monday,8,569,420,149,26.19,High,equipment_downtime,0.8,37.2,34.9,0.41,13.9,2.3,1.5,10.1,90.1,0.0,0.0,99.0,16
2025-08-12,ukwa,Ukwa Mine,Tuesday,8,551,448,103,18.69,High,equipment_downtime,13.5,39.6,30.8,0.459,5.8,0.6,1.3,3.9,95.9,1.7,0.0,95.3,17
2025-08-13,ukwa,Ukwa Mine,Wednesday,8,552,467,85,15.4,Medium,equipment_downtime,2.6,36.6,32.5,0.455,5.0,0.4,1.6,3.0,96.4,0.0,0.0,94.3,19
2025-08-14,ukwa,Ukwa Mine,Thursday,8,576,96,480,83.33,High,weather_stoppage,50.2,54.2,26.4,0.549,4.6,0.3,0.3,4.0,96.7,0.0,6.6,98.0,5
2025-08-15,ukwa,Ukwa Mine,Friday,8,542,319,223,41.14,High,weather_stoppage,27.6,46.1,32.4,0.464,5.0,0.7,1.8,2.5,96.4,0.0,3.0,88.8,16
2025-08-16,ukwa,Ukwa Mine,Saturday,8,548,87,461,84.12,High,weather_stoppage,89.5,58.0,19.8,0.555,3.2,0.8,1.3,1.1,97.7,0.0,11.9,90.9,5
2025-08-17,ukwa,Ukwa Mine,Sunday,8,571,280,291,50.96,High,equipment_downtime,3.6,42.2,29.8,0.518,27.0,11.8,0.5,14.7,80.8,0.0,0.0,93.0,7
2025-08-18,ukwa,Ukwa Mine,Monday,8,563,535,28,4.97,Low,equipment_downtime,0.6,38.6,32.9,0.518,3.6,0.7,0.5,2.4,97.4,0.0,0.0,99.0,21
2025-08-19,ukwa,Ukwa Mine,Tuesday,8,575,543,32,5.57,Low,equipment_downtime,3.7,39.0,34.2,0.471,3.5,0.3,0.8,2.4,97.5,0.0,0.0,95.6,19
2025-08-20,ukwa,Ukwa Mine,Wednesday,8,545,519,26,4.77,Low,equipment_downtime,3.9,37.7,32.0,0.535,3.4,0.3,1.4,1.7,97.6,0.0,0.0,91.6,22
2025-08-21,ukwa,Ukwa Mine,Thursday,8,563,358,205,36.41,High,equipment_downtime,16.3,42.1,30.6,0.439,12.4,8.2,0.5,3.7,91.2,0.3,0.0,89.8,18
2025-08-22,ukwa,Ukwa Mine,Friday,8,560,504,56,10.0,Medium,equipment_downtime,6.6,39.9,34.2,0.472,2.9,0.2,0.6,2.1,97.9,0.0,0.0,95.5,18
2025-08-23,ukwa,Ukwa Mine,Saturday,8,523,439,84,16.06,Medium,equipment_downtime,4.3,38.0,29.7,0.509,8.8,1.0,6.4,1.4,93.7,0.0,0.0,95.6,16
2025-08-24,ukwa,Ukwa Mine,Sunday,8,541,383,158,29.21,High,equipment_downtime,22.2,45.9,29.5,0.489,6.9,1.3,1.9,3.7,95.1,0.0,0.0,91.5,16
2025-08-25,ukwa,Ukwa Mine,Monday,8,562,300,262,46.62,High,equipment_downtime,4.9,35.2,29.4,0.525,18.3,14.5,1.2,2.6,87.0,1.3,0.0,90.7,13
2025-08-26,ukwa,Ukwa Mine,Tuesday,8,531,296,235,44.26,High,weather_stoppage,35.8,47.2,28.9,0.554,3.3,0.2,0.8,2.3,97.6,0.0,3.9,97.6,10
2025-08-27,ukwa,Ukwa Mine,Wednesday,8,579,87,492,84.97,High,weather_stoppage,72.4,55.3,25.8,0.569,4.9,0.3,0.4,4.2,96.5,0.0,8.9,90.0,5
2025-08-28,ukwa,Ukwa Mine,Thursday,8,555,382,173,31.17,High,equipment_downtime,1.5,40.8,33.9,0.493,11.7,4.8,1.3,5.6,91.7,0.0,0.0,86.9,12
2025-08-29,ukwa,Ukwa Mine,Friday,8,545,443,102,18.72,High,equipment_downtime,6.0,42.4,27.8,0.607,3.5,1.0,0.6,1.9,97.5,0.0,0.0,88.2,22
2025-08-30,ukwa,Ukwa Mine,Saturday,8,555,87,468,84.32,High,weather_stoppage,88.1,58.0,18.9,0.484,2.3,0.3,0.9,1.1,98.0,0.1,12.0,85.5,5
2025-08-31,ukwa,Ukwa Mine,Sunday,8,550,446,104,18.91,High,equipment_downtime,2.5,40.8,32.3,0.547,6.0,1.4,0.6,4.0,95.7,0.0,0.0,91.4,15
2025-09-01,ukwa,Ukwa Mine,Monday,9,549,420,129,23.5,High,equipment_downtime,3.5,39.1,29.8,0.534,6.3,0.9,2.5,2.9,95.5,0.0,0.0,88.0,16
2025-09-02,ukwa,Ukwa Mine,Tuesday,9,522,427,95,18.2,High,labor_attendance,0.7,35.1,33.9,0.562,3.3,0.8,0.2,2.3,97.6,0.0,0.0,86.1,17
2025-09-03,ukwa,Ukwa Mine,Wednesday,9,510,376,134,26.27,High,weather_stoppage,20.7,45.1,28.7,0.515,3.6,1.0,1.1,1.5,97.4,0.0,0.0,86.1,15
2025-09-04,ukwa,Ukwa Mine,Thursday,9,546,386,160,29.3,High,equipment_downtime,1.7,41.2,31.9,0.524,12.7,1.0,9.5,2.2,91.0,0.0,0.0,99.0,15
2025-09-05,ukwa,Ukwa Mine,Friday,9,547,141,406,74.22,High,equipment_downtime,22.0,40.7,27.6,0.547,35.4,14.8,0.4,20.2,74.8,0.0,0.0,90.6,5
2025-09-06,ukwa,Ukwa Mine,Saturday,9,544,182,362,66.54,High,weather_stoppage,44.5,48.2,24.0,0.584,4.3,0.7,1.3,2.3,96.9,0.0,5.4,91.5,9
2025-09-07,ukwa,Ukwa Mine,Sunday,9,536,411,125,23.32,High,blasting_delays,9.4,41.4,25.7,0.586,3.6,1.0,1.5,1.1,97.4,2.1,0.0,94.6,17
2025-09-08,ukwa,Ukwa Mine,Monday,9,531,319,212,39.92,High,weather_stoppage,30.8,46.3,26.9,0.578,4.8,0.4,0.3,4.1,96.6,0.0,2.8,86.7,9
2025-09-09,ukwa,Ukwa Mine,Tuesday,9,559,510,49,8.77,Medium,equipment_downtime,3.7,37.7,32.8,0.549,4.3,0.4,1.6,2.3,96.9,0.0,0.0,98.9,20
2025-09-10,ukwa,Ukwa Mine,Wednesday,9,546,234,312,57.14,High,equipment_downtime,11.1,43.9,30.6,0.598,25.0,6.9,0.8,17.3,82.2,0.0,0.0,91.3,8
2025-09-11,ukwa,Ukwa Mine,Thursday,9,532,475,57,10.71,Medium,equipment_downtime,2.4,37.4,26.9,0.494,4.0,1.0,0.8,2.2,97.2,0.0,0.0,95.0,17
2025-09-12,ukwa,Ukwa Mine,Friday,9,541,468,73,13.49,Medium,equipment_downtime,7.5,38.3,28.8,0.578,6.5,0.4,1.9,4.2,95.4,0.0,0.0,91.2,18
2025-09-13,ukwa,Ukwa Mine,Saturday,9,541,494,47,8.69,Medium,equipment_downtime,2.8,38.9,29.5,0.575,3.6,0.9,0.7,2.0,97.4,0.1,0.0,89.0,23
2025-09-14,ukwa,Ukwa Mine,Sunday,9,548,519,29,5.29,Low,equipment_downtime,0.3,40.0,30.4,0.566,4.8,1.0,0.7,3.1,96.6,0.0,0.0,96.9,18
2025-09-15,ukwa,Ukwa Mine,Monday,9,526,162,364,69.2,High,weather_stoppage,44.7,50.4,24.2,0.566,5.3,1.4,0.2,3.7,96.2,0.0,4.7,96.4,5
2025-09-16,ukwa,Ukwa Mine,Tuesday,9,530,476,54,10.19,Medium,equipment_downtime,16.3,38.3,26.4,0.535,4.8,0.5,1.9,2.4,96.6,0.0,0.0,95.2,17
2025-09-17,ukwa,Ukwa Mine,Wednesday,9,535,87,448,83.74,High,weather_stoppage,75.1,53.5,19.0,0.641,3.5,0.7,1.4,1.4,97.5,0.0,10.5,93.4,5
2025-09-18,ukwa,Ukwa Mine,Thursday,9,537,428,109,20.3,High,equipment_downtime,1.9,37.6,28.4,0.541,8.5,0.7,4.8,3.0,93.9,0.0,0.0,94.5,15
2025-09-19,ukwa,Ukwa Mine,Friday,9,549,343,206,37.52,High,weather_stoppage,25.9,43.8,25.8,0.559,3.8,0.9,0.5,2.4,97.3,0.0,2.2,86.7,14
2025-09-20,ukwa,Ukwa Mine,Saturday,9,528,485,43,8.14,Medium,equipment_downtime,0.2,36.0,29.0,0.551,7.5,0.3,3.4,3.8,94.7,0.0,0.0,93.2,18
2025-09-21,ukwa,Ukwa Mine,Sunday,9,541,333,208,38.45,High,equipment_downtime,21.1,41.7,21.2,0.692,16.3,0.8,1.2,14.3,88.4,0.0,0.0,92.9,15
2025-09-22,ukwa,Ukwa Mine,Monday,9,547,485,62,11.33,Medium,equipment_downtime,0.5,34.2,29.7,0.541,6.1,1.2,1.0,3.9,95.7,0.0,0.0,94.8,23
2025-09-23,ukwa,Ukwa Mine,Tuesday,9,550,463,87,15.82,Medium,equipment_downtime,2.6,36.7,28.3,0.623,5.9,1.2,1.5,3.2,95.8,0.0,0.0,91.9,19
2025-09-24,ukwa,Ukwa Mine,Wednesday,9,540,87,453,83.89,High,weather_stoppage,90.3,54.8,16.0,0.599,4.6,0.9,1.8,1.9,96.7,0.0,12.0,94.3,5
2025-09-25,ukwa,Ukwa Mine,Thursday,9,526,87,439,83.46,High,weather_stoppage,96.5,58.0,16.0,0.659,5.4,1.1,1.3,3.0,96.2,0.0,12.0,93.5,5
2025-09-26,ukwa,Ukwa Mine,Friday,9,540,402,138,25.56,High,equipment_downtime,4.0,32.4,25.6,0.651,13.5,1.1,9.6,2.8,90.4,0.0,0.0,91.9,17
2025-09-27,ukwa,Ukwa Mine,Saturday,9,530,490,40,7.55,Medium,equipment_downtime,3.5,32.6,26.8,0.594,4.6,1.4,1.8,1.4,96.7,0.0,0.0,92.9,16
2025-09-28,ukwa,Ukwa Mine,Sunday,9,538,241,297,55.2,High,weather_stoppage,37.9,45.6,23.8,0.639,8.6,1.1,5.7,1.8,93.9,0.0,4.6,93.2,7
2025-09-29,ukwa,Ukwa Mine,Monday,9,538,497,41,7.62,Medium,equipment_downtime,10.4,35.6,26.9,0.59,2.0,0.3,0.7,1.0,98.0,0.0,0.0,89.1,18
2025-09-30,ukwa,Ukwa Mine,Tuesday,9,537,473,64,11.92,Medium,equipment_downtime,4.3,31.7,25.7,0.61,2.9,0.7,0.8,1.4,97.9,0.0,0.0,94.9,21
2025-10-01,ukwa,Ukwa Mine,Wednesday,10,513,439,74,14.42,Medium,equipment_downtime,0.0,32.5,24.9,0.679,6.2,1.3,0.5,4.4,95.6,0.0,0.0,94.2,19
2025-10-02,ukwa,Ukwa Mine,Thursday,10,547,395,152,27.79,High,equipment_downtime,11.7,34.9,26.3,0.567,12.9,6.2,1.7,5.0,90.8,0.0,0.0,96.0,17
2025-10-03,ukwa,Ukwa Mine,Friday,10,542,542,0,0.0,Low,nominal_operations,0.0,33.1,26.1,0.667,2.8,0.8,0.3,1.7,98.0,0.0,0.0,92.9,22
2025-10-04,ukwa,Ukwa Mine,Saturday,10,538,464,74,13.75,Medium,equipment_downtime,0.0,28.2,29.9,0.654,9.9,2.6,0.6,6.7,92.9,0.0,0.0,91.8,21
2025-10-05,ukwa,Ukwa Mine,Sunday,10,509,342,167,32.81,High,equipment_downtime,0.0,32.2,29.0,0.616,15.6,7.8,1.3,6.5,88.9,0.0,0.0,95.5,19
2025-10-06,ukwa,Ukwa Mine,Monday,10,556,513,43,7.73,Medium,equipment_downtime,0.0,29.6,26.5,0.652,6.0,2.7,0.2,3.1,95.7,0.0,0.0,90.4,21
2025-10-07,ukwa,Ukwa Mine,Tuesday,10,526,461,65,12.36,Medium,equipment_downtime,0.0,30.9,25.1,0.692,5.0,0.3,1.9,2.8,96.4,0.0,0.0,93.7,20
2025-10-08,ukwa,Ukwa Mine,Wednesday,10,552,493,59,10.69,Medium,equipment_downtime,0.0,31.8,26.9,0.632,6.0,0.7,1.8,3.5,95.7,0.0,0.0,94.3,19
2025-10-09,ukwa,Ukwa Mine,Thursday,10,529,431,98,18.53,High,equipment_downtime,0.0,29.3,25.6,0.645,6.2,0.9,1.3,4.0,95.6,0.0,0.0,90.4,17
2025-10-10,ukwa,Ukwa Mine,Friday,10,516,472,44,8.53,Medium,equipment_downtime,0.0,31.2,25.3,0.577,3.4,0.3,1.8,1.3,97.6,0.0,0.0,92.6,20
2025-10-11,ukwa,Ukwa Mine,Saturday,10,547,528,19,3.47,Low,nominal_operations,0.0,29.4,25.4,0.687,5.0,1.3,1.6,2.1,96.4,0.0,0.0,99.0,18
2025-10-12,ukwa,Ukwa Mine,Sunday,10,535,523,12,2.24,Low,nominal_operations,0.0,25.4,22.9,0.66,4.2,1.0,0.7,2.5,97.0,0.6,0.0,96.0,18
2025-10-13,ukwa,Ukwa Mine,Monday,10,538,499,39,7.25,Medium,equipment_downtime,0.0,28.5,25.3,0.615,5.6,0.5,2.0,3.1,96.0,0.0,0.0,99.0,20
2025-10-14,ukwa,Ukwa Mine,Tuesday,10,562,509,53,9.43,Medium,equipment_downtime,0.0,30.9,27.2,0.526,4.2,0.9,0.5,2.8,97.0,0.0,0.0,90.2,20
2025-10-15,ukwa,Ukwa Mine,Wednesday,10,528,420,108,20.45,High,equipment_downtime,0.0,26.5,22.8,0.559,9.0,1.1,6.8,1.1,93.6,0.0,0.0,91.7,23
2025-10-16,ukwa,Ukwa Mine,Thursday,10,520,421,99,19.04,High,equipment_downtime,0.0,32.1,24.4,0.662,5.0,1.2,0.9,2.9,96.4,0.0,0.0,89.6,16
2025-10-17,ukwa,Ukwa Mine,Friday,10,536,458,78,14.55,Medium,equipment_downtime,0.0,23.6,24.6,0.613,5.5,1.3,1.1,3.1,96.1,0.0,0.0,99.0,16
2025-10-18,ukwa,Ukwa Mine,Saturday,10,529,422,107,20.23,High,equipment_downtime,0.0,29.9,24.7,0.626,5.6,1.4,0.7,3.5,96.0,2.8,0.0,93.0,16
2025-10-19,ukwa,Ukwa Mine,Sunday,10,530,454,76,14.34,Medium,equipment_downtime,0.0,26.2,23.9,0.601,4.7,1.2,0.2,3.3,96.7,0.0,0.0,89.4,19
2025-10-20,ukwa,Ukwa Mine,Monday,10,519,504,15,2.89,Low,nominal_operations,0.0,29.9,22.8,0.603,4.4,1.1,1.1,2.2,96.9,0.0,0.0,96.2,18
2025-10-21,ukwa,Ukwa Mine,Tuesday,10,528,499,29,5.49,Low,equipment_downtime,0.0,26.6,21.1,0.651,5.7,0.7,0.8,4.2,95.9,0.0,0.0,95.7,22
2025-10-22,ukwa,Ukwa Mine,Wednesday,10,541,284,257,47.5,High,equipment_downtime,0.0,26.0,26.1,0.721,16.9,0.9,13.7,2.3,88.0,1.7,0.0,85.5,13
2025-10-23,ukwa,Ukwa Mine,Thursday,10,532,498,34,6.39,Medium,equipment_downtime,0.0,29.7,20.7,0.665,4.0,0.3,1.9,1.8,97.2,0.1,0.0,95.7,20
2025-10-24,ukwa,Ukwa Mine,Friday,10,537,489,48,8.94,Medium,equipment_downtime,0.0,25.0,24.6,0.689,4.5,1.2,1.5,1.8,96.8,0.1,0.0,92.8,22
2025-10-25,ukwa,Ukwa Mine,Saturday,10,541,517,24,4.44,Low,equipment_downtime,0.0,26.1,24.6,0.63,4.2,1.4,1.5,1.3,97.0,0.0,0.0,93.8,20
2025-10-26,ukwa,Ukwa Mine,Sunday,10,509,460,49,9.63,Medium,equipment_downtime,0.0,24.5,26.7,0.668,4.2,1.1,1.4,1.7,97.0,0.0,0.0,92.7,19
2025-10-27,ukwa,Ukwa Mine,Monday,10,539,505,34,6.31,Medium,equipment_downtime,0.0,22.3,19.9,0.689,2.9,1.1,0.4,1.4,97.9,0.0,0.0,93.3,17
2025-10-28,ukwa,Ukwa Mine,Tuesday,10,543,489,54,9.94,Medium,equipment_downtime,0.0,25.0,22.9,0.689,3.9,0.5,0.7,2.7,97.2,0.0,0.0,90.8,22
2025-10-29,ukwa,Ukwa Mine,Wednesday,10,532,444,88,16.54,Medium,equipment_downtime,0.0,22.5,21.0,0.638,4.3,0.9,1.5,1.9,96.9,0.0,0.0,87.8,16
2025-10-30,ukwa,Ukwa Mine,Thursday,10,534,490,44,8.24,Medium,equipment_downtime,0.0,22.4,24.8,0.656,5.2,0.3,0.7,4.2,96.3,0.0,0.0,93.4,22
2025-10-31,ukwa,Ukwa Mine,Friday,10,530,512,18,3.4,Low,nominal_operations,0.0,22.9,24.8,0.638,6.0,1.4,0.5,4.1,95.7,0.0,0.0,91.9,24
2025-11-01,ukwa,Ukwa Mine,Saturday,11,560,501,59,10.54,Medium,equipment_downtime,0.0,20.1,20.8,0.613,6.6,0.5,4.3,1.8,95.3,0.0,0.0,99.0,24
2025-11-02,ukwa,Ukwa Mine,Sunday,11,542,421,121,22.32,High,equipment_downtime,0.0,23.8,23.1,0.645,11.1,2.3,0.5,8.3,92.1,0.0,0.0,94.0,19
2025-11-03,ukwa,Ukwa Mine,Monday,11,544,438,106,19.49,High,equipment_downtime,0.0,25.3,23.7,0.652,4.9,1.4,0.5,3.0,96.5,0.0,0.0,88.0,20
2025-11-04,ukwa,Ukwa Mine,Tuesday,11,551,337,214,38.84,High,equipment_downtime,0.0,22.6,22.0,0.625,20.0,10.2,0.4,9.4,85.8,0.0,0.0,92.7,15
2025-11-05,ukwa,Ukwa Mine,Wednesday,11,532,355,177,33.27,High,equipment_downtime,0.0,20.8,20.6,0.651,12.6,4.1,1.5,7.0,91.0,0.2,0.0,83.9,13
2025-11-06,ukwa,Ukwa Mine,Thursday,11,546,480,66,12.09,Medium,equipment_downtime,0.0,23.6,21.5,0.635,4.8,1.1,1.5,2.2,96.6,0.0,0.0,90.2,21
2025-11-07,ukwa,Ukwa Mine,Friday,11,556,533,23,4.14,Low,equipment_downtime,0.0,22.8,24.0,0.638,2.3,1.0,0.3,1.0,98.0,0.7,0.0,95.3,23
2025-11-08,ukwa,Ukwa Mine,Saturday,11,555,501,54,9.73,Medium,equipment_downtime,0.0,16.3,25.5,0.575,6.0,0.9,0.9,4.2,95.7,0.0,0.0,93.6,20
2025-11-09,ukwa,Ukwa Mine,Sunday,11,524,475,49,9.35,Medium,equipment_downtime,0.0,18.4,21.2,0.685,3.8,0.8,2.0,1.0,97.3,0.6,0.0,95.8,21
2025-11-10,ukwa,Ukwa Mine,Monday,11,533,394,139,26.08,High,equipment_downtime,0.0,16.6,23.2,0.627,5.5,1.5,1.4,2.6,96.1,1.9,0.0,90.2,13
2025-11-11,ukwa,Ukwa Mine,Tuesday,11,545,378,167,30.64,High,equipment_downtime,0.0,19.1,22.9,0.604,6.4,0.3,2.0,4.1,95.4,2.8,0.0,89.8,17
2025-11-12,ukwa,Ukwa Mine,Wednesday,11,552,497,55,9.96,Medium,equipment_downtime,0.0,16.9,23.0,0.607,5.2,1.3,1.6,2.3,96.3,0.0,0.0,91.6,22
2025-11-13,ukwa,Ukwa Mine,Thursday,11,539,260,279,51.76,High,equipment_downtime,0.0,18.9,21.6,0.656,22.1,1.5,16.6,4.0,84.3,0.0,0.0,88.7,5
2025-11-14,ukwa,Ukwa Mine,Friday,11,538,433,105,19.52,High,equipment_downtime,7.1,22.1,21.1,0.624,3.9,0.8,0.4,2.7,97.2,1.1,0.0,87.6,20
2025-11-15,ukwa,Ukwa Mine,Saturday,11,555,458,97,17.48,Medium,equipment_downtime,0.0,16.3,20.3,0.658,12.1,4.6,1.3,6.2,91.4,0.0,0.0,93.7,18
2025-11-16,ukwa,Ukwa Mine,Sunday,11,542,469,73,13.47,Medium,equipment_downtime,0.0,16.8,20.2,0.686,4.7,1.0,1.1,2.6,96.7,1.0,0.0,93.9,16
2025-11-17,ukwa,Ukwa Mine,Monday,11,543,370,173,31.86,High,equipment_downtime,0.0,15.3,20.9,0.625,9.6,2.3,0.8,6.5,93.2,1.4,0.0,95.6,15
2025-11-18,ukwa,Ukwa Mine,Tuesday,11,526,270,256,48.67,High,equipment_downtime,0.0,17.1,25.1,0.609,22.7,3.5,1.9,17.3,83.8,0.0,0.0,96.4,13
2025-11-19,ukwa,Ukwa Mine,Wednesday,11,543,456,87,16.02,Medium,equipment_downtime,0.0,17.0,19.7,0.595,7.0,1.4,1.6,4.0,95.0,0.0,0.0,88.8,18
2025-11-20,ukwa,Ukwa Mine,Thursday,11,534,443,91,17.04,Medium,blasting_delays,0.0,17.0,23.4,0.684,3.0,0.6,1.0,1.4,97.9,1.8,0.0,95.3,20
2025-11-21,ukwa,Ukwa Mine,Friday,11,540,435,105,19.44,High,equipment_downtime,0.0,17.6,25.8,0.629,7.0,0.9,2.0,4.1,95.0,0.5,0.0,92.8,14
2025-11-22,ukwa,Ukwa Mine,Saturday,11,536,372,164,30.6,High,blasting_delays,0.0,10.6,23.3,0.628,5.1,0.7,0.3,4.1,96.4,6.0,0.0,93.1,15
2025-11-23,ukwa,Ukwa Mine,Sunday,11,538,480,58,10.78,Medium,equipment_downtime,3.7,18.4,23.9,0.631,6.9,0.9,2.6,3.4,95.1,0.0,0.0,92.3,15
2025-11-24,ukwa,Ukwa Mine,Monday,11,560,446,114,20.36,High,equipment_downtime,0.4,18.7,22.8,0.589,6.8,1.3,1.7,3.8,95.2,1.6,0.0,96.7,19
2025-11-25,ukwa,Ukwa Mine,Tuesday,11,543,489,54,9.94,Medium,equipment_downtime,0.0,17.5,26.9,0.583,3.2,0.9,0.5,1.8,97.7,0.0,0.0,87.6,22
2025-11-26,ukwa,Ukwa Mine,Wednesday,11,517,498,19,3.68,Low,nominal_operations,0.0,12.6,23.8,0.626,4.0,0.5,1.8,1.7,97.2,0.0,0.0,97.3,19
2025-11-27,ukwa,Ukwa Mine,Thursday,11,535,466,69,12.9,Medium,equipment_downtime,0.0,22.2,24.3,0.519,5.2,1.4,0.5,3.3,96.3,0.4,0.0,98.3,21
2025-11-28,ukwa,Ukwa Mine,Friday,11,524,430,94,17.94,Medium,equipment_downtime,0.0,12.3,21.3,0.628,6.0,1.1,1.8,3.1,95.7,1.1,0.0,96.2,19
2025-11-29,ukwa,Ukwa Mine,Saturday,11,550,458,92,16.73,Medium,equipment_downtime,0.0,21.2,24.1,0.563,4.5,0.6,1.7,2.2,96.8,1.3,0.0,87.5,19
2025-11-30,ukwa,Ukwa Mine,Sunday,11,565,548,17,3.01,Low,nominal_operations,0.0,11.9,23.9,0.602,2.1,0.4,0.7,1.0,98.0,0.0,0.0,91.6,24
2025-12-01,ukwa,Ukwa Mine,Monday,12,581,492,89,15.32,Medium,equipment_downtime,0.0,16.2,21.4,0.626,6.9,0.9,2.0,4.0,95.1,0.0,0.0,90.3,22
2025-12-02,ukwa,Ukwa Mine,Tuesday,12,560,543,17,3.04,Low,nominal_operations,0.0,19.0,21.7,0.548,3.8,0.7,1.8,1.3,97.3,0.0,0.0,94.5,23
2025-12-03,ukwa,Ukwa Mine,Wednesday,12,556,337,219,39.39,High,equipment_downtime,0.0,17.6,23.6,0.623,15.9,6.9,0.9,8.1,88.7,0.0,0.0,87.3,14
2025-12-04,ukwa,Ukwa Mine,Thursday,12,542,554,0,0.0,Low,nominal_operations,0.0,13.6,24.8,0.552,2.6,0.4,1.0,1.2,98.0,0.0,0.0,95.9,26
2025-12-05,ukwa,Ukwa Mine,Friday,12,557,542,15,2.69,Low,nominal_operations,0.0,15.8,22.7,0.545,4.0,0.8,1.4,1.8,97.2,0.0,0.0,92.2,24
2025-12-06,ukwa,Ukwa Mine,Saturday,12,547,481,66,12.07,Medium,equipment_downtime,0.0,19.4,23.9,0.626,4.3,0.5,0.5,3.3,96.9,0.0,0.0,96.0,20
2025-12-07,ukwa,Ukwa Mine,Sunday,12,554,463,91,16.43,Medium,equipment_downtime,0.0,16.4,21.8,0.606,5.5,1.0,0.3,4.2,96.1,0.0,0.0,98.0,18
2025-12-08,ukwa,Ukwa Mine,Monday,12,541,420,121,22.37,High,equipment_downtime,0.0,22.2,24.3,0.592,5.0,0.2,1.3,3.5,96.4,1.8,0.0,88.9,14
2025-12-09,ukwa,Ukwa Mine,Tuesday,12,543,513,30,5.52,Low,equipment_downtime,0.0,11.1,21.8,0.527,4.3,0.7,0.5,3.1,96.9,0.0,0.0,90.3,22
2025-12-10,ukwa,Ukwa Mine,Wednesday,12,543,522,21,3.87,Low,equipment_downtime,0.0,15.1,22.4,0.589,4.1,0.4,1.2,2.5,97.1,0.0,0.0,93.6,23
2025-12-11,ukwa,Ukwa Mine,Thursday,12,562,486,76,13.52,Medium,equipment_downtime,0.0,16.6,22.9,0.638,4.2,0.4,0.9,2.9,97.0,0.0,0.0,90.2,19
2025-12-12,ukwa,Ukwa Mine,Friday,12,532,505,27,5.08,Low,equipment_downtime,0.0,16.5,20.2,0.567,3.0,0.4,0.5,2.1,97.9,0.0,0.0,98.1,20
2025-12-13,ukwa,Ukwa Mine,Saturday,12,569,501,68,11.95,Medium,equipment_downtime,0.0,19.4,26.0,0.654,4.3,1.4,0.7,2.2,96.9,0.9,0.0,89.1,18
2025-12-14,ukwa,Ukwa Mine,Sunday,12,547,513,34,6.22,Medium,equipment_downtime,0.0,17.5,22.1,0.517,5.7,0.5,2.0,3.2,95.9,0.0,0.0,98.3,20
2025-12-15,ukwa,Ukwa Mine,Monday,12,556,429,127,22.84,High,equipment_downtime,0.0,15.9,22.6,0.643,8.5,1.0,4.4,3.1,93.9,0.1,0.0,93.0,16
2025-12-16,ukwa,Ukwa Mine,Tuesday,12,551,503,48,8.71,Medium,equipment_downtime,0.0,15.5,22.3,0.52,2.7,0.7,0.3,1.7,98.0,0.0,0.0,92.7,17
2025-12-17,ukwa,Ukwa Mine,Wednesday,12,561,512,49,8.73,Medium,equipment_downtime,0.0,13.6,23.2,0.581,3.6,0.7,1.4,1.5,97.4,0.6,0.0,91.7,16
2025-12-18,ukwa,Ukwa Mine,Thursday,12,555,521,34,6.13,Medium,equipment_downtime,0.0,17.8,23.5,0.539,2.4,0.3,0.6,1.5,98.0,0.0,0.0,92.7,24
2025-12-19,ukwa,Ukwa Mine,Friday,12,550,497,53,9.64,Medium,blasting_delays,0.0,17.0,25.7,0.527,3.2,1.3,0.7,1.2,97.7,2.4,0.0,93.8,23
2025-12-20,ukwa,Ukwa Mine,Saturday,12,552,489,63,11.41,Medium,equipment_downtime,0.0,15.7,20.9,0.574,4.8,0.6,0.4,3.8,96.6,0.0,0.0,90.1,21
2025-12-21,ukwa,Ukwa Mine,Sunday,12,562,466,96,17.08,Medium,equipment_downtime,0.0,16.8,23.1,0.511,12.2,3.3,1.5,7.4,91.3,0.0,0.0,90.2,18
2025-12-22,ukwa,Ukwa Mine,Monday,12,566,496,70,12.37,Medium,labor_attendance,0.0,14.8,23.8,0.557,3.4,0.6,0.8,2.0,97.6,0.0,0.0,83.0,21
2025-12-23,ukwa,Ukwa Mine,Tuesday,12,574,498,76,13.24,Medium,equipment_downtime,0.0,12.2,22.2,0.564,5.5,1.5,1.7,2.3,96.1,0.0,0.0,94.7,20
2025-12-24,ukwa,Ukwa Mine,Wednesday,12,569,525,44,7.73,Medium,equipment_downtime,0.0,16.4,24.3,0.596,4.6,1.0,0.5,3.1,96.7,0.0,0.0,99.0,20
2025-12-25,ukwa,Ukwa Mine,Thursday,12,570,522,48,8.42,Medium,equipment_downtime,0.0,12.2,20.8,0.462,4.3,0.3,1.9,2.1,96.9,0.0,0.0,95.1,24
2025-12-26,ukwa,Ukwa Mine,Friday,12,560,539,21,3.75,Low,equipment_downtime,0.0,16.1,23.3,0.522,3.6,0.4,1.6,1.6,97.4,0.0,0.0,91.1,24
2025-12-27,ukwa,Ukwa Mine,Saturday,12,564,452,112,19.86,High,equipment_downtime,0.0,15.6,25.2,0.516,6.7,1.0,1.8,3.9,95.2,0.0,0.0,86.7,22
2025-12-28,ukwa,Ukwa Mine,Sunday,12,570,513,57,10.0,Medium,equipment_downtime,0.0,17.3,22.6,0.552,3.7,0.7,0.7,2.3,97.4,0.0,0.0,93.4,27
2025-12-29,ukwa,Ukwa Mine,Monday,12,549,469,80,14.57,Medium,labor_attendance,0.0,16.3,22.5,0.473,3.2,1.1,0.8,1.3,97.7,0.0,0.0,83.5,20
2025-12-30,ukwa,Ukwa Mine,Tuesday,12,552,509,43,7.79,Medium,equipment_downtime,0.0,19.7,21.7,0.494,4.3,0.9,0.2,3.2,96.9,0.0,0.0,94.1,17
